timestamp;generation
2022-01-01T00:00:00.0;0.0
2022-01-01T01:00:00.0;0.0
2022-01-01T02:00:00.0;0.0
2022-01-01T03:00:00.0;0.0
2022-01-01T04:00:00.0;0.0
2022-01-01T05:00:00.0;0.0
2022-01-01T06:00:00.0;0.0
2022-01-01T07:00:00.0;0.0
2022-01-01T08:00:00.0;0.0
2022-01-01T09:00:00.0;0.0
2022-01-01T10:00:00.0;0.0
2022-01-01T11:00:00.0;0.0
2022-01-01T12:00:00.0;0.0
2022-01-01T13:00:00.0;0.0
2022-01-01T14:00:00.0;0.0
2022-01-01T15:00:00.0;0.0
2022-01-01T16:00:00.0;0.0
2022-01-01T17:00:00.0;0.1478761442296704
2022-01-01T18:00:00.0;0.14075887892224326
2022-01-01T19:00:00.0;0.05160872554843807
2022-01-01T20:00:00.0;0.0
2022-01-01T21:00:00.0;0.0
2022-01-01T22:00:00.0;0.0
2022-01-01T23:00:00.0;0.0
2022-01-02T00:00:00.0;0.0
2022-01-02T01:00:00.0;0.0
2022-01-02T02:00:00.0;0.0
2022-01-02T03:00:00.0;0.0
2022-01-02T04:00:00.0;0.0
2022-01-02T05:00:00.0;0.0
2022-01-02T06:00:00.0;0.0
2022-01-02T07:00:00.0;0.0
2022-01-02T08:00:00.0;0.0
2022-01-02T09:00:00.0;0.0
2022-01-02T10:00:00.0;0.0
2022-01-02T11:00:00.0;0.0
2022-01-02T12:00:00.0;0.0
2022-01-02T13:00:00.0;0.0
2022-01-02T14:00:00.0;0.0
2022-01-02T15:00:00.0;0.0
2022-01-02T16:00:00.0;0.0
2022-01-02T17:00:00.0;0.014449276298305617
2022-01-02T18:00:00.0;0.03415291857374025
2022-01-02T19:00:00.0;0.03492247946199223
2022-01-02T20:00:00.0;0.012386387568387539
2022-01-02T21:00:00.0;0.0
2022-01-02T22:00:00.0;0.0
2022-01-02T23:00:00.0;0.0
2022-01-03T00:00:00.0;0.0
2022-01-03T01:00:00.0;0.0
2022-01-03T02:00:00.0;0.0
2022-01-03T03:00:00.0;0.0
2022-01-03T04:00:00.0;0.0
2022-01-03T05:00:00.0;0.0
2022-01-03T06:00:00.0;0.0
2022-01-03T07:00:00.0;0.0
2022-01-03T08:00:00.0;0.0
2022-01-03T09:00:00.0;0.0
2022-01-03T10:00:00.0;0.0
2022-01-03T11:00:00.0;0.0
2022-01-03T12:00:00.0;0.0
2022-01-03T13:00:00.0;0.0
2022-01-03T14:00:00.0;0.0
2022-01-03T15:00:00.0;0.0
2022-01-03T16:00:00.0;0.0
2022-01-03T17:00:00.0;0.0
2022-01-03T18:00:00.0;0.0
2022-01-03T19:00:00.0;0.0
2022-01-03T20:00:00.0;0.0
2022-01-03T21:00:00.0;0.0
2022-01-03T22:00:00.0;0.0
2022-01-03T23:00:00.0;0.0
2022-01-04T00:00:00.0;0.0
2022-01-04T01:00:00.0;0.0
2022-01-04T02:00:00.0;0.0
2022-01-04T03:00:00.0;0.0
2022-01-04T04:00:00.0;0.0
2022-01-04T05:00:00.0;0.0
2022-01-04T06:00:00.0;0.0
2022-01-04T07:00:00.0;0.0
2022-01-04T08:00:00.0;0.0
2022-01-04T09:00:00.0;0.0
2022-01-04T10:00:00.0;0.0
2022-01-04T11:00:00.0;0.0
2022-01-04T12:00:00.0;0.0
2022-01-04T13:00:00.0;0.0
2022-01-04T14:00:00.0;0.0
2022-01-04T15:00:00.0;0.0
2022-01-04T16:00:00.0;0.0
2022-01-04T17:00:00.0;0.37560915331422207
2022-01-04T18:00:00.0;0.35753111909199203
2022-01-04T19:00:00.0;0.13108747058462633
2022-01-04T20:00:00.0;0.0
2022-01-04T21:00:00.0;0.0
2022-01-04T22:00:00.0;0.0
2022-01-04T23:00:00.0;0.0
2022-01-05T00:00:00.0;0.0
2022-01-05T01:00:00.0;0.0
2022-01-05T02:00:00.0;0.0
2022-01-05T03:00:00.0;0.0
2022-01-05T04:00:00.0;0.0
2022-01-05T05:00:00.0;0.0
2022-01-05T06:00:00.0;0.0
2022-01-05T07:00:00.0;0.0
2022-01-05T08:00:00.0;0.0
2022-01-05T09:00:00.0;0.0
2022-01-05T10:00:00.0;0.0
2022-01-05T11:00:00.0;0.0
2022-01-05T12:00:00.0;0.0
2022-01-05T13:00:00.0;0.0
2022-01-05T14:00:00.0;0.0
2022-01-05T15:00:00.0;0.0
2022-01-05T16:00:00.0;0.0
2022-01-05T17:00:00.0;0.0
2022-01-05T18:00:00.0;0.0
2022-01-05T19:00:00.0;0.0
2022-01-05T20:00:00.0;0.0
2022-01-05T21:00:00.0;0.0
2022-01-05T22:00:00.0;0.0
2022-01-05T23:00:00.0;0.0
2022-01-06T00:00:00.0;0.0
2022-01-06T01:00:00.0;0.0
2022-01-06T02:00:00.0;0.0
2022-01-06T03:00:00.0;0.0
2022-01-06T04:00:00.0;0.0
2022-01-06T05:00:00.0;0.0
2022-01-06T06:00:00.0;0.0
2022-01-06T07:00:00.0;0.0
2022-01-06T08:00:00.0;0.0
2022-01-06T09:00:00.0;0.0
2022-01-06T10:00:00.0;0.0
2022-01-06T11:00:00.0;0.0
2022-01-06T12:00:00.0;0.0
2022-01-06T13:00:00.0;0.0
2022-01-06T14:00:00.0;0.0
2022-01-06T15:00:00.0;0.0
2022-01-06T16:00:00.0;0.0
2022-01-06T17:00:00.0;0.2345515245302409
2022-01-06T18:00:00.0;0.22326258109017866
2022-01-06T19:00:00.0;0.08185840467714986
2022-01-06T20:00:00.0;0.0
2022-01-06T21:00:00.0;0.0
2022-01-06T22:00:00.0;0.0
2022-01-06T23:00:00.0;0.0
2022-01-07T00:00:00.0;0.0
2022-01-07T01:00:00.0;0.0
2022-01-07T02:00:00.0;0.0
2022-01-07T03:00:00.0;0.0
2022-01-07T04:00:00.0;0.0
2022-01-07T05:00:00.0;0.0
2022-01-07T06:00:00.0;0.0
2022-01-07T07:00:00.0;0.0
2022-01-07T08:00:00.0;0.0
2022-01-07T09:00:00.0;0.0
2022-01-07T10:00:00.0;0.0
2022-01-07T11:00:00.0;0.0
2022-01-07T12:00:00.0;0.0
2022-01-07T13:00:00.0;0.0
2022-01-07T14:00:00.0;0.0
2022-01-07T15:00:00.0;0.0
2022-01-07T16:00:00.0;0.0
2022-01-07T17:00:00.0;0.12906070136415645
2022-01-07T18:00:00.0;0.12284902160231001
2022-01-07T19:00:00.0;0.045042142196017966
2022-01-07T20:00:00.0;0.0
2022-01-07T21:00:00.0;0.0
2022-01-07T22:00:00.0;0.0
2022-01-07T23:00:00.0;0.0
2022-01-08T00:00:00.0;0.0
2022-01-08T01:00:00.0;0.0
2022-01-08T02:00:00.0;0.0
2022-01-08T03:00:00.0;0.0
2022-01-08T04:00:00.0;0.0
2022-01-08T05:00:00.0;0.0
2022-01-08T06:00:00.0;0.0
2022-01-08T07:00:00.0;0.0
2022-01-08T08:00:00.0;0.0
2022-01-08T09:00:00.0;0.0
2022-01-08T10:00:00.0;0.0
2022-01-08T11:00:00.0;0.0
2022-01-08T12:00:00.0;0.0
2022-01-08T13:00:00.0;0.0
2022-01-08T14:00:00.0;0.0
2022-01-08T15:00:00.0;0.0
2022-01-08T16:00:00.0;0.0
2022-01-08T17:00:00.0;0.12725949095526556
2022-01-08T18:00:00.0;0.12113450328578708
2022-01-08T19:00:00.0;0.04441352035757549
2022-01-08T20:00:00.0;0.0
2022-01-08T21:00:00.0;0.0
2022-01-08T22:00:00.0;0.0
2022-01-08T23:00:00.0;0.0
2022-01-09T00:00:00.0;0.0
2022-01-09T01:00:00.0;0.0
2022-01-09T02:00:00.0;0.0
2022-01-09T03:00:00.0;0.0
2022-01-09T04:00:00.0;0.0
2022-01-09T05:00:00.0;0.0
2022-01-09T06:00:00.0;0.0
2022-01-09T07:00:00.0;0.0
2022-01-09T08:00:00.0;0.0
2022-01-09T09:00:00.0;0.0
2022-01-09T10:00:00.0;0.0
2022-01-09T11:00:00.0;0.0
2022-01-09T12:00:00.0;0.0
2022-01-09T13:00:00.0;0.0
2022-01-09T14:00:00.0;0.0
2022-01-09T15:00:00.0;0.0
2022-01-09T16:00:00.0;0.0
2022-01-09T17:00:00.0;0.12180885623988805
2022-01-09T18:00:00.0;0.2271907749488701
2022-01-09T19:00:00.0;0.20545742721693025
2022-01-09T20:00:00.0;0.06754804725050739
2022-01-09T21:00:00.0;0.0
2022-01-09T22:00:00.0;0.0
2022-01-09T23:00:00.0;0.0
2022-01-10T00:00:00.0;0.0
2022-01-10T01:00:00.0;0.0
2022-01-10T02:00:00.0;0.0
2022-01-10T03:00:00.0;0.0
2022-01-10T04:00:00.0;0.0
2022-01-10T05:00:00.0;0.11312579816901368
2022-01-10T06:00:00.0;0.8813208207790543
2022-01-10T07:00:00.0;0.7394540771632847
2022-01-10T08:00:00.0;0.18593961104027978
2022-01-10T09:00:00.0;0.0
2022-01-10T10:00:00.0;0.0
2022-01-10T11:00:00.0;0.0
2022-01-10T12:00:00.0;0.0
2022-01-10T13:00:00.0;0.0
2022-01-10T14:00:00.0;0.0
2022-01-10T15:00:00.0;0.0
2022-01-10T16:00:00.0;0.5854836685373277
2022-01-10T17:00:00.0;1.1797372959580248
2022-01-10T18:00:00.0;1.6506173198781968
2022-01-10T19:00:00.0;1.7363270219570583
2022-01-10T20:00:00.0;1.52160107170394
2022-01-10T21:00:00.0;1.1604030549582693
2022-01-10T22:00:00.0;0.8704261854774776
2022-01-10T23:00:00.0;0.5430251308264825
2022-01-11T00:00:00.0;0.0
2022-01-11T01:00:00.0;0.0
2022-01-11T02:00:00.0;0.0
2022-01-11T03:00:00.0;0.0
2022-01-11T04:00:00.0;0.0
2022-01-11T05:00:00.0;0.06328292210071715
2022-01-11T06:00:00.0;0.49301359857611743
2022-01-11T07:00:00.0;0.41365290251715026
2022-01-11T08:00:00.0;0.10401519468901055
2022-01-11T09:00:00.0;0.0
2022-01-11T10:00:00.0;0.0
2022-01-11T11:00:00.0;0.0
2022-01-11T12:00:00.0;0.0
2022-01-11T13:00:00.0;0.0
2022-01-11T14:00:00.0;0.0
2022-01-11T15:00:00.0;0.0
2022-01-11T16:00:00.0;0.3275213787392175
2022-01-11T17:00:00.0;0.9025537975932593
2022-01-11T18:00:00.0;1.1542889811564263
2022-01-11T19:00:00.0;1.055975816530277
2022-01-11T20:00:00.0;0.8511883553311659
2022-01-11T21:00:00.0;0.6491330653211921
2022-01-11T22:00:00.0;0.48691910582323233
2022-01-11T23:00:00.0;0.3037699411542074
2022-01-12T00:00:00.0;0.0
2022-01-12T01:00:00.0;0.0
2022-01-12T02:00:00.0;0.0
2022-01-12T03:00:00.0;0.0
2022-01-12T04:00:00.0;0.0
2022-01-12T05:00:00.0;0.03980654993679781
2022-01-12T06:00:00.0;0.3101179556785702
2022-01-12T07:00:00.0;0.2601980814720264
2022-01-12T08:00:00.0;0.06542817404961336
2022-01-12T09:00:00.0;0.0
2022-01-12T10:00:00.0;0.0
2022-01-12T11:00:00.0;0.0
2022-01-12T12:00:00.0;0.0
2022-01-12T13:00:00.0;0.0
2022-01-12T14:00:00.0;0.0
2022-01-12T15:00:00.0;0.0
2022-01-12T16:00:00.0;0.20601918630435342
2022-01-12T17:00:00.0;0.7719982703321143
2022-01-12T18:00:00.0;0.9205145741706394
2022-01-12T19:00:00.0;0.7355252454419515
2022-01-12T20:00:00.0;0.5354188878665399
2022-01-12T21:00:00.0;0.4083210275784949
2022-01-12T22:00:00.0;0.30628436642488394
2022-01-12T23:00:00.0;0.19107893457587447
2022-01-13T00:00:00.0;0.0
2022-01-13T01:00:00.0;0.0
2022-01-13T02:00:00.0;0.0
2022-01-13T03:00:00.0;0.0
2022-01-13T04:00:00.0;0.0
2022-01-13T05:00:00.0;0.05697296693137596
2022-01-13T06:00:00.0;0.4438550957506669
2022-01-13T07:00:00.0;0.37240747351504205
2022-01-13T08:00:00.0;0.09364381496078979
2022-01-13T09:00:00.0;0.0
2022-01-13T10:00:00.0;0.0
2022-01-13T11:00:00.0;0.0
2022-01-13T12:00:00.0;0.0
2022-01-13T13:00:00.0;0.0
2022-01-13T14:00:00.0;0.0
2022-01-13T15:00:00.0;0.0
2022-01-13T16:00:00.0;0.2948641443979187
2022-01-13T17:00:00.0;0.8674632172269445
2022-01-13T18:00:00.0;1.0914553364382398
2022-01-13T19:00:00.0;0.9698454415541657
2022-01-13T20:00:00.0;0.766316162573429
2022-01-13T21:00:00.0;0.5844078534449958
2022-01-13T22:00:00.0;0.4383682863153975
2022-01-13T23:00:00.0;0.27348096828683827
2022-01-14T00:00:00.0;0.0
2022-01-14T01:00:00.0;0.0
2022-01-14T02:00:00.0;0.0
2022-01-14T03:00:00.0;0.0
2022-01-14T04:00:00.0;0.0
2022-01-14T05:00:00.0;0.06670293336262761
2022-01-14T06:00:00.0;0.5196576283306509
2022-01-14T07:00:00.0;0.4360080267460704
2022-01-14T08:00:00.0;0.1096365080771639
2022-01-14T09:00:00.0;0.0
2022-01-14T10:00:00.0;0.0
2022-01-14T11:00:00.0;0.0
2022-01-14T12:00:00.0;0.0
2022-01-14T13:00:00.0;0.0
2022-01-14T14:00:00.0;0.0
2022-01-14T15:00:00.0;0.0
2022-01-14T16:00:00.0;0.3452216802837929
2022-01-14T17:00:00.0;0.9215729786839391
2022-01-14T18:00:00.0;1.188344971539242
2022-01-14T19:00:00.0;1.1026586921618053
2022-01-14T20:00:00.0;0.897189293097702
2022-01-14T21:00:00.0;0.6842142897681869
2022-01-14T22:00:00.0;0.5132337697210924
2022-01-14T23:00:00.0;0.32018663913986345
2022-01-15T00:00:00.0;0.0
2022-01-15T01:00:00.0;0.0
2022-01-15T02:00:00.0;0.0
2022-01-15T03:00:00.0;0.0
2022-01-15T04:00:00.0;0.0
2022-01-15T05:00:00.0;0.038696114977350544
2022-01-15T06:00:00.0;0.3014669718559439
2022-01-15T07:00:00.0;0.2529396517285195
2022-01-15T08:00:00.0;0.06360300377203729
2022-01-15T09:00:00.0;0.0
2022-01-15T10:00:00.0;0.0
2022-01-15T11:00:00.0;0.0
2022-01-15T12:00:00.0;0.0
2022-01-15T13:00:00.0;0.0
2022-01-15T14:00:00.0;0.0
2022-01-15T15:00:00.0;0.0
2022-01-15T16:00:00.0;0.2002721193730956
2022-01-15T17:00:00.0;0.7658229796778515
2022-01-15T18:00:00.0;0.9094570192669889
2022-01-15T19:00:00.0;0.7203678985390001
2022-01-15T20:00:00.0;0.5204829576746653
2022-01-15T21:00:00.0;0.3969305919737893
2022-01-15T22:00:00.0;0.29774032358393565
2022-01-15T23:00:00.0;0.1857486376949874
2022-01-16T00:00:00.0;0.0
2022-01-16T01:00:00.0;0.0
2022-01-16T02:00:00.0;0.0
2022-01-16T03:00:00.0;0.0
2022-01-16T04:00:00.0;0.0
2022-01-16T05:00:00.0;0.0
2022-01-16T06:00:00.0;0.0
2022-01-16T07:00:00.0;0.0
2022-01-16T08:00:00.0;0.0
2022-01-16T09:00:00.0;0.0
2022-01-16T10:00:00.0;0.0
2022-01-16T11:00:00.0;0.0
2022-01-16T12:00:00.0;0.0
2022-01-16T13:00:00.0;0.0
2022-01-16T14:00:00.0;0.0
2022-01-16T15:00:00.0;0.0
2022-01-16T16:00:00.0;0.0
2022-01-16T17:00:00.0;0.41331917977703136
2022-01-16T18:00:00.0;0.4066754218472267
2022-01-16T19:00:00.0;0.16365518859565056
2022-01-16T20:00:00.0;0.008044989666936894
2022-01-16T21:00:00.0;0.0
2022-01-16T22:00:00.0;0.0
2022-01-16T23:00:00.0;0.0
2022-01-17T00:00:00.0;0.0
2022-01-17T01:00:00.0;0.0
2022-01-17T02:00:00.0;0.0
2022-01-17T03:00:00.0;0.0
2022-01-17T04:00:00.0;0.0
2022-01-17T05:00:00.0;0.009810360811654623
2022-01-17T06:00:00.0;0.0764288551559972
2022-01-17T07:00:00.0;0.06412605628455095
2022-01-17T08:00:00.0;0.016124833618928785
2022-01-17T09:00:00.0;0.0
2022-01-17T10:00:00.0;0.0
2022-01-17T11:00:00.0;0.0
2022-01-17T12:00:00.0;0.0
2022-01-17T13:00:00.0;0.0
2022-01-17T14:00:00.0;0.0
2022-01-17T15:00:00.0;0.0
2022-01-17T16:00:00.0;0.050773617783460394
2022-01-17T17:00:00.0;0.47753476727971017
2022-01-17T18:00:00.0;0.500310223292306
2022-01-17T19:00:00.0;0.28152978222651254
2022-01-17T20:00:00.0;0.1319544769311939
2022-01-17T21:00:00.0;0.10063109246821736
2022-01-17T22:00:00.0;0.07548406356159737
2022-01-17T23:00:00.0;0.04709157901581943
2022-01-18T00:00:00.0;0.0
2022-01-18T01:00:00.0;0.0
2022-01-18T02:00:00.0;0.0
2022-01-18T03:00:00.0;0.0
2022-01-18T04:00:00.0;0.0
2022-01-18T05:00:00.0;0.01301942916090867
2022-01-18T06:00:00.0;0.10142950750299953
2022-01-18T07:00:00.0;0.08510233855755008
2022-01-18T08:00:00.0;0.021399429956101067
2022-01-18T09:00:00.0;0.0
2022-01-18T10:00:00.0;0.0
2022-01-18T11:00:00.0;0.0
2022-01-18T12:00:00.0;0.0
2022-01-18T13:00:00.0;0.0
2022-01-18T14:00:00.0;0.0
2022-01-18T15:00:00.0;0.0
2022-01-18T16:00:00.0;0.06738218223222753
2022-01-18T17:00:00.0;0.6230311875015306
2022-01-18T18:00:00.0;0.6537721988787543
2022-01-18T19:00:00.0;0.36988322500924475
2022-01-18T20:00:00.0;0.17511812234566343
2022-01-18T21:00:00.0;0.13354854168241684
2022-01-18T22:00:00.0;0.10017566501226285
2022-01-18T23:00:00.0;0.0624957113038524
2022-01-19T00:00:00.0;0.0
2022-01-19T01:00:00.0;0.0
2022-01-19T02:00:00.0;0.0
2022-01-19T03:00:00.0;0.0
2022-01-19T04:00:00.0;0.0
2022-01-19T05:00:00.0;0.0
2022-01-19T06:00:00.0;0.0
2022-01-19T07:00:00.0;0.0
2022-01-19T08:00:00.0;0.0
2022-01-19T09:00:00.0;0.0
2022-01-19T10:00:00.0;0.0
2022-01-19T11:00:00.0;0.0
2022-01-19T12:00:00.0;0.0
2022-01-19T13:00:00.0;0.0
2022-01-19T14:00:00.0;0.0
2022-01-19T15:00:00.0;0.0
2022-01-19T16:00:00.0;0.0
2022-01-19T17:00:00.0;0.33059642392970967
2022-01-19T18:00:00.0;0.31468484825905935
2022-01-19T19:00:00.0;0.11537804288015886
2022-01-19T20:00:00.0;0.0
2022-01-19T21:00:00.0;0.0
2022-01-19T22:00:00.0;0.0
2022-01-19T23:00:00.0;0.0
2022-01-20T00:00:00.0;0.0
2022-01-20T01:00:00.0;0.0
2022-01-20T02:00:00.0;0.0
2022-01-20T03:00:00.0;0.0
2022-01-20T04:00:00.0;0.0
2022-01-20T05:00:00.0;0.0
2022-01-20T06:00:00.0;0.0
2022-01-20T07:00:00.0;0.0
2022-01-20T08:00:00.0;0.0
2022-01-20T09:00:00.0;0.0
2022-01-20T10:00:00.0;0.0
2022-01-20T11:00:00.0;0.0
2022-01-20T12:00:00.0;0.0
2022-01-20T13:00:00.0;0.0
2022-01-20T14:00:00.0;0.0
2022-01-20T15:00:00.0;0.0
2022-01-20T16:00:00.0;0.0
2022-01-20T17:00:00.0;0.0
2022-01-20T18:00:00.0;0.0
2022-01-20T19:00:00.0;0.0
2022-01-20T20:00:00.0;0.0
2022-01-20T21:00:00.0;0.0
2022-01-20T22:00:00.0;0.0
2022-01-20T23:00:00.0;0.0
2022-01-21T00:00:00.0;0.0
2022-01-21T01:00:00.0;0.0
2022-01-21T02:00:00.0;0.0
2022-01-21T03:00:00.0;0.0
2022-01-21T04:00:00.0;0.0
2022-01-21T05:00:00.0;0.033095239017095365
2022-01-21T06:00:00.0;0.2578326401803435
2022-01-21T07:00:00.0;0.2163291647173353
2022-01-21T08:00:00.0;0.05439710454842448
2022-01-21T09:00:00.0;0.0
2022-01-21T10:00:00.0;0.0
2022-01-21T11:00:00.0;0.0
2022-01-21T12:00:00.0;0.0
2022-01-21T13:00:00.0;0.0
2022-01-21T14:00:00.0;0.0
2022-01-21T15:00:00.0;0.0
2022-01-21T16:00:00.0;0.17128473137399866
2022-01-21T17:00:00.0;0.5772483152554463
2022-01-21T18:00:00.0;0.7042219588354982
2022-01-21T19:00:00.0;0.5896775110814535
2022-01-21T20:00:00.0;0.44606000229337694
2022-01-21T21:00:00.0;0.34038825040337384
2022-01-21T22:00:00.0;0.25519774826816133
2022-01-21T23:00:00.0;0.158879897796644
2022-01-22T00:00:00.0;0.0
2022-01-22T01:00:00.0;0.0
2022-01-22T02:00:00.0;0.0
2022-01-22T03:00:00.0;0.0
2022-01-22T04:00:00.0;0.0
2022-01-22T05:00:00.0;0.025008963171484655
2022-01-22T06:00:00.0;0.1948354867401345
2022-01-22T07:00:00.0;0.16347270102927042
2022-01-22T08:00:00.0;0.04110606917158764
2022-01-22T09:00:00.0;0.0
2022-01-22T10:00:00.0;0.0
2022-01-22T11:00:00.0;0.0
2022-01-22T12:00:00.0;0.0
2022-01-22T13:00:00.0;0.0
2022-01-22T14:00:00.0;0.0
2022-01-22T15:00:00.0;0.0
2022-01-22T16:00:00.0;0.1294341320984946
2022-01-22T17:00:00.0;0.6652153193401528
2022-01-22T18:00:00.0;0.7498496449116532
2022-01-22T19:00:00.0;0.5249918938456973
2022-01-22T20:00:00.0;0.3363836169985028
2022-01-22T21:00:00.0;0.2565327956596787
2022-01-22T22:00:00.0;0.1924269863146452
2022-01-22T23:00:00.0;0.1200477319748094
2022-01-23T00:00:00.0;0.0
2022-01-23T01:00:00.0;0.0
2022-01-23T02:00:00.0;0.0
2022-01-23T03:00:00.0;0.0
2022-01-23T04:00:00.0;0.0
2022-01-23T05:00:00.0;0.04558249330366304
2022-01-23T06:00:00.0;0.35511617210002416
2022-01-23T07:00:00.0;0.29795290787963014
2022-01-23T08:00:00.0;0.0749218234241004
2022-01-23T09:00:00.0;0.0
2022-01-23T10:00:00.0;0.0
2022-01-23T11:00:00.0;0.0
2022-01-23T12:00:00.0;0.0
2022-01-23T13:00:00.0;0.0
2022-01-23T14:00:00.0;0.0
2022-01-23T15:00:00.0;0.0
2022-01-23T16:00:00.0;0.23591263736883739
2022-01-23T17:00:00.0;0.8041191332331781
2022-01-23T18:00:00.0;0.9780306045838745
2022-01-23T19:00:00.0;0.8143664027367072
2022-01-23T20:00:00.0;0.6131083429631822
2022-01-23T21:00:00.0;0.4675685417322755
2022-01-23T22:00:00.0;0.3507263277964461
2022-01-23T23:00:00.0;0.21880455024624823
2022-01-24T00:00:00.0;0.0
2022-01-24T01:00:00.0;0.0
2022-01-24T02:00:00.0;0.0
2022-01-24T03:00:00.0;0.0
2022-01-24T04:00:00.0;0.0
2022-01-24T05:00:00.0;0.17120593290413003
2022-01-24T06:00:00.0;1.3338014471631032
2022-01-24T07:00:00.0;1.1190986244478005
2022-01-24T08:00:00.0;0.2814032262068214
2022-01-24T09:00:00.0;0.0
2022-01-24T10:00:00.0;0.0
2022-01-24T11:00:00.0;0.0
2022-01-24T12:00:00.0;0.0
2022-01-24T13:00:00.0;0.0
2022-01-24T14:00:00.0;0.0
2022-01-24T15:00:00.0;0.0
2022-01-24T16:00:00.0;0.8860779706703712
2022-01-24T17:00:00.0;1.5027293903411265
2022-01-24T18:00:00.0;2.2289711200545215
2022-01-24T19:00:00.0;2.5291161383844796
2022-01-24T20:00:00.0;2.30280921951853
2022-01-24T21:00:00.0;1.756167830719891
2022-01-24T22:00:00.0;1.317313376089607
2022-01-24T23:00:00.0;0.8218207130316664
2022-01-25T00:00:00.0;0.0
2022-01-25T01:00:00.0;0.0
2022-01-25T02:00:00.0;0.0
2022-01-25T03:00:00.0;0.0
2022-01-25T04:00:00.0;0.0
2022-01-25T05:00:00.0;0.048493863228682495
2022-01-25T06:00:00.0;0.37779756726751845
2022-01-25T07:00:00.0;0.31698326519892
2022-01-25T08:00:00.0;0.07970710671238897
2022-01-25T09:00:00.0;0.0
2022-01-25T10:00:00.0;0.0
2022-01-25T11:00:00.0;0.0
2022-01-25T12:00:00.0;0.0
2022-01-25T13:00:00.0;0.0
2022-01-25T14:00:00.0;0.0
2022-01-25T15:00:00.0;0.0
2022-01-25T16:00:00.0;0.25098046072795277
2022-01-25T17:00:00.0;0.8203096857154445
2022-01-25T18:00:00.0;1.0070216161841972
2022-01-25T19:00:00.0;0.8541063654791494
2022-01-25T20:00:00.0;0.6522677890818981
2022-01-25T21:00:00.0;0.4974323094120298
2022-01-25T22:00:00.0;0.37312734205989867
2022-01-25T23:00:00.0;0.23277967404653283
2022-01-26T00:00:00.0;0.0
2022-01-26T01:00:00.0;0.0
2022-01-26T02:00:00.0;0.0
2022-01-26T03:00:00.0;0.0
2022-01-26T04:00:00.0;0.0
2022-01-26T05:00:00.0;0.0
2022-01-26T06:00:00.0;0.0
2022-01-26T07:00:00.0;0.0
2022-01-26T08:00:00.0;0.0
2022-01-26T09:00:00.0;0.0
2022-01-26T10:00:00.0;0.0
2022-01-26T11:00:00.0;0.0
2022-01-26T12:00:00.0;0.0
2022-01-26T13:00:00.0;0.0
2022-01-26T14:00:00.0;0.0
2022-01-26T15:00:00.0;0.0
2022-01-26T16:00:00.0;0.0
2022-01-26T17:00:00.0;0.4778810341398287
2022-01-26T18:00:00.0;0.5597765159959173
2022-01-26T19:00:00.0;0.35685336203613316
2022-01-26T20:00:00.0;0.24643817629574027
2022-01-26T21:00:00.0;0.24580123857915792
2022-01-26T22:00:00.0;0.14929822277384353
2022-01-26T23:00:00.0;0.004465005159260662
2022-01-27T00:00:00.0;0.0
2022-01-27T01:00:00.0;0.0
2022-01-27T02:00:00.0;0.0
2022-01-27T03:00:00.0;0.0
2022-01-27T04:00:00.0;0.0
2022-01-27T05:00:00.0;0.0
2022-01-27T06:00:00.0;0.0
2022-01-27T07:00:00.0;0.0
2022-01-27T08:00:00.0;0.0
2022-01-27T09:00:00.0;0.0
2022-01-27T10:00:00.0;0.0
2022-01-27T11:00:00.0;0.0
2022-01-27T12:00:00.0;0.0
2022-01-27T13:00:00.0;0.0
2022-01-27T14:00:00.0;0.0
2022-01-27T15:00:00.0;0.0
2022-01-27T16:00:00.0;0.0
2022-01-27T17:00:00.0;0.05015926523086998
2022-01-27T18:00:00.0;0.08326111494233596
2022-01-27T19:00:00.0;0.06952786564687014
2022-01-27T20:00:00.0;0.021565431971233538
2022-01-27T21:00:00.0;0.0
2022-01-27T22:00:00.0;0.0
2022-01-27T23:00:00.0;0.0
2022-01-28T00:00:00.0;0.10137940331478139
2022-01-28T01:00:00.0;0.09039579291732797
2022-01-28T02:00:00.0;0.06839962677375937
2022-01-28T03:00:00.0;0.043661305346799156
2022-01-28T04:00:00.0;0.03435072298388104
2022-01-28T05:00:00.0;0.145627067290884
2022-01-28T06:00:00.0;0.3734135897708034
2022-01-28T07:00:00.0;0.3418094608418548
2022-01-28T08:00:00.0;0.133251785265492
2022-01-28T09:00:00.0;0.0
2022-01-28T10:00:00.0;0.0
2022-01-28T11:00:00.0;0.0
2022-01-28T12:00:00.0;0.0
2022-01-28T13:00:00.0;0.0
2022-01-28T14:00:00.0;0.0
2022-01-28T15:00:00.0;0.0
2022-01-28T16:00:00.0;0.10725867868583899
2022-01-28T17:00:00.0;0.21465890963310175
2022-01-28T18:00:00.0;0.5913099817997148
2022-01-28T19:00:00.0;0.8796440732088967
2022-01-28T20:00:00.0;1.015807651329669
2022-01-28T21:00:00.0;0.9178387258688286
2022-01-28T22:00:00.0;0.5959364405963296
2022-01-28T23:00:00.0;0.25474076807262186
2022-01-29T00:00:00.0;0.0
2022-01-29T01:00:00.0;0.0
2022-01-29T02:00:00.0;0.0
2022-01-29T03:00:00.0;0.0
2022-01-29T04:00:00.0;0.0
2022-01-29T05:00:00.0;0.0
2022-01-29T06:00:00.0;0.0
2022-01-29T07:00:00.0;0.0
2022-01-29T08:00:00.0;0.0
2022-01-29T09:00:00.0;0.0
2022-01-29T10:00:00.0;0.0
2022-01-29T11:00:00.0;0.0
2022-01-29T12:00:00.0;0.0
2022-01-29T13:00:00.0;0.0
2022-01-29T14:00:00.0;0.0
2022-01-29T15:00:00.0;0.0
2022-01-29T16:00:00.0;0.0
2022-01-29T17:00:00.0;0.0
2022-01-29T18:00:00.0;0.07694359292369408
2022-01-29T19:00:00.0;0.11270360902841306
2022-01-29T20:00:00.0;0.046720388706813124
2022-01-29T21:00:00.0;0.0
2022-01-29T22:00:00.0;0.0
2022-01-29T23:00:00.0;0.0
2022-01-30T00:00:00.0;0.036540212330832975
2022-01-30T01:00:00.0;0.03258138595230392
2022-01-30T02:00:00.0;0.024653300413521817
2022-01-30T03:00:00.0;0.015736858926459686
2022-01-30T04:00:00.0;0.012381042603410436
2022-01-30T05:00:00.0;0.04501875587230845
2022-01-30T06:00:00.0;0.07639628032471016
2022-01-30T07:00:00.0;0.07437260491904522
2022-01-30T08:00:00.0;0.03575045826684664
2022-01-30T09:00:00.0;0.0
2022-01-30T10:00:00.0;0.0
2022-01-30T11:00:00.0;0.0
2022-01-30T12:00:00.0;0.0
2022-01-30T13:00:00.0;0.0
2022-01-30T14:00:00.0;0.0
2022-01-30T15:00:00.0;0.0
2022-01-30T16:00:00.0;0.0
2022-01-30T17:00:00.0;0.05631043766013014
2022-01-30T18:00:00.0;0.42071975132360523
2022-01-30T19:00:00.0;0.6132812677067179
2022-01-30T20:00:00.0;0.45801357632074724
2022-01-30T21:00:00.0;0.2985522705718423
2022-01-30T22:00:00.0;0.1842614253121905
2022-01-30T23:00:00.0;0.05676627917592592
2022-01-31T00:00:00.0;0.0
2022-01-31T01:00:00.0;0.0
2022-01-31T02:00:00.0;0.0
2022-01-31T03:00:00.0;0.0
2022-01-31T04:00:00.0;0.0
2022-01-31T05:00:00.0;0.0
2022-01-31T06:00:00.0;0.0
2022-01-31T07:00:00.0;0.0
2022-01-31T08:00:00.0;0.0
2022-01-31T09:00:00.0;0.0
2022-01-31T10:00:00.0;0.0
2022-01-31T11:00:00.0;0.0
2022-01-31T12:00:00.0;0.0
2022-01-31T13:00:00.0;0.0
2022-01-31T14:00:00.0;0.0
2022-01-31T15:00:00.0;0.0
2022-01-31T16:00:00.0;0.0
2022-01-31T17:00:00.0;0.0
2022-01-31T18:00:00.0;0.0
2022-01-31T19:00:00.0;0.01574337942069476
2022-01-31T20:00:00.0;0.07214320881348611
2022-01-31T21:00:00.0;0.07255879005190315
2022-01-31T22:00:00.0;0.04829772842142809
2022-01-31T23:00:00.0;0.016113288768433806
2022-02-01T00:00:00.0;0.0
2022-02-01T01:00:00.0;0.0
2022-02-01T02:00:00.0;0.0
2022-02-01T03:00:00.0;0.0
2022-02-01T04:00:00.0;0.0
2022-02-01T05:00:00.0;0.0
2022-02-01T06:00:00.0;0.0
2022-02-01T07:00:00.0;0.0
2022-02-01T08:00:00.0;0.0
2022-02-01T09:00:00.0;0.0
2022-02-01T10:00:00.0;0.0
2022-02-01T11:00:00.0;0.0
2022-02-01T12:00:00.0;0.0
2022-02-01T13:00:00.0;0.0
2022-02-01T14:00:00.0;0.0
2022-02-01T15:00:00.0;0.0
2022-02-01T16:00:00.0;0.0
2022-02-01T17:00:00.0;0.0
2022-02-01T18:00:00.0;0.0
2022-02-01T19:00:00.0;0.0
2022-02-01T20:00:00.0;0.0
2022-02-01T21:00:00.0;0.0
2022-02-01T22:00:00.0;0.0
2022-02-01T23:00:00.0;0.0
2022-02-02T00:00:00.0;0.0
2022-02-02T01:00:00.0;0.0
2022-02-02T02:00:00.0;0.0
2022-02-02T03:00:00.0;0.0
2022-02-02T04:00:00.0;0.0
2022-02-02T05:00:00.0;0.032146199827223346
2022-02-02T06:00:00.0;0.2504390304882389
2022-02-02T07:00:00.0;0.21012570883285053
2022-02-02T08:00:00.0;0.05283721298802955
2022-02-02T09:00:00.0;0.0
2022-02-02T10:00:00.0;0.0
2022-02-02T11:00:00.0;0.0
2022-02-02T12:00:00.0;0.0
2022-02-02T13:00:00.0;0.0
2022-02-02T14:00:00.0;0.0
2022-02-02T15:00:00.0;0.0
2022-02-02T16:00:00.0;0.16637296981770178
2022-02-02T17:00:00.0;0.32081020922238923
2022-02-02T18:00:00.0;0.7560051573236501
2022-02-02T19:00:00.0;0.9288081075071561
2022-02-02T20:00:00.0;0.6149653375328068
2022-02-02T21:00:00.0;0.3297439583946866
2022-02-02T22:00:00.0;0.24734317499711597
2022-02-02T23:00:00.0;0.15430781173956518
2022-02-03T00:00:00.0;0.0
2022-02-03T01:00:00.0;0.0
2022-02-03T02:00:00.0;0.0
2022-02-03T03:00:00.0;0.0
2022-02-03T04:00:00.0;0.0
2022-02-03T05:00:00.0;0.0
2022-02-03T06:00:00.0;0.0
2022-02-03T07:00:00.0;0.0
2022-02-03T08:00:00.0;0.0
2022-02-03T09:00:00.0;0.0
2022-02-03T10:00:00.0;0.0
2022-02-03T11:00:00.0;0.0
2022-02-03T12:00:00.0;0.0
2022-02-03T13:00:00.0;0.0
2022-02-03T14:00:00.0;0.0
2022-02-03T15:00:00.0;0.0
2022-02-03T16:00:00.0;0.0
2022-02-03T17:00:00.0;0.2343750653270964
2022-02-03T18:00:00.0;0.4444076101073489
2022-02-03T19:00:00.0;0.42527800066665233
2022-02-03T20:00:00.0;0.2312654772579595
2022-02-03T21:00:00.0;0.13031318108664364
2022-02-03T22:00:00.0;0.07915145770909723
2022-02-03T23:00:00.0;0.0023671525385099063
2022-02-04T00:00:00.0;0.0
2022-02-04T01:00:00.0;0.0
2022-02-04T02:00:00.0;0.0
2022-02-04T03:00:00.0;0.0
2022-02-04T04:00:00.0;0.0
2022-02-04T05:00:00.0;0.0
2022-02-04T06:00:00.0;0.0
2022-02-04T07:00:00.0;0.0
2022-02-04T08:00:00.0;0.0
2022-02-04T09:00:00.0;0.0
2022-02-04T10:00:00.0;0.0
2022-02-04T11:00:00.0;0.0
2022-02-04T12:00:00.0;0.0
2022-02-04T13:00:00.0;0.0
2022-02-04T14:00:00.0;0.0
2022-02-04T15:00:00.0;0.0
2022-02-04T16:00:00.0;0.0
2022-02-04T17:00:00.0;0.0
2022-02-04T18:00:00.0;0.05743257059535075
2022-02-04T19:00:00.0;0.09069073469670913
2022-02-04T20:00:00.0;0.0649616662147725
2022-02-04T21:00:00.0;0.03026175541611395
2022-02-04T22:00:00.0;0.020143307841788034
2022-02-04T23:00:00.0;0.006720294030685399
2022-02-05T00:00:00.0;0.0
2022-02-05T01:00:00.0;0.0
2022-02-05T02:00:00.0;0.0
2022-02-05T03:00:00.0;0.0
2022-02-05T04:00:00.0;0.0
2022-02-05T05:00:00.0;0.0
2022-02-05T06:00:00.0;0.0
2022-02-05T07:00:00.0;0.0
2022-02-05T08:00:00.0;0.0
2022-02-05T09:00:00.0;0.0
2022-02-05T10:00:00.0;0.0
2022-02-05T11:00:00.0;0.0
2022-02-05T12:00:00.0;0.0
2022-02-05T13:00:00.0;0.0
2022-02-05T14:00:00.0;0.0
2022-02-05T15:00:00.0;0.0
2022-02-05T16:00:00.0;0.0
2022-02-05T17:00:00.0;0.0
2022-02-05T18:00:00.0;0.1999435534812848
2022-02-05T19:00:00.0;0.3211966293547181
2022-02-05T20:00:00.0;0.2512181872592499
2022-02-05T21:00:00.0;0.13055962192653942
2022-02-05T22:00:00.0;0.08690515867342438
2022-02-05T23:00:00.0;0.028993660011350925
2022-02-06T00:00:00.0;0.0
2022-02-06T01:00:00.0;0.0
2022-02-06T02:00:00.0;0.0
2022-02-06T03:00:00.0;0.0
2022-02-06T04:00:00.0;0.0
2022-02-06T05:00:00.0;0.0
2022-02-06T06:00:00.0;0.0
2022-02-06T07:00:00.0;0.0
2022-02-06T08:00:00.0;0.0
2022-02-06T09:00:00.0;0.0
2022-02-06T10:00:00.0;0.0
2022-02-06T11:00:00.0;0.0
2022-02-06T12:00:00.0;0.0
2022-02-06T13:00:00.0;0.0
2022-02-06T14:00:00.0;0.0
2022-02-06T15:00:00.0;0.0
2022-02-06T16:00:00.0;0.0
2022-02-06T17:00:00.0;0.0
2022-02-06T18:00:00.0;0.127061583044968
2022-02-06T19:00:00.0;0.18611424855391054
2022-02-06T20:00:00.0;0.07715218803794477
2022-02-06T21:00:00.0;0.0
2022-02-06T22:00:00.0;0.0
2022-02-06T23:00:00.0;0.0
2022-02-07T00:00:00.0;0.0
2022-02-07T01:00:00.0;0.0
2022-02-07T02:00:00.0;0.0
2022-02-07T03:00:00.0;0.0
2022-02-07T04:00:00.0;0.0
2022-02-07T05:00:00.0;0.0
2022-02-07T06:00:00.0;0.0
2022-02-07T07:00:00.0;0.0
2022-02-07T08:00:00.0;0.0
2022-02-07T09:00:00.0;0.0
2022-02-07T10:00:00.0;0.0
2022-02-07T11:00:00.0;0.0
2022-02-07T12:00:00.0;0.0
2022-02-07T13:00:00.0;0.0
2022-02-07T14:00:00.0;0.0
2022-02-07T15:00:00.0;0.0
2022-02-07T16:00:00.0;0.0
2022-02-07T17:00:00.0;0.0
2022-02-07T18:00:00.0;0.12980528243347017
2022-02-07T19:00:00.0;0.2629464757211192
2022-02-07T20:00:00.0;0.4124816411903555
2022-02-07T21:00:00.0;0.33558554009305286
2022-02-07T22:00:00.0;0.22337775017993722
2022-02-07T23:00:00.0;0.07452421285087775
2022-02-08T00:00:00.0;0.0
2022-02-08T01:00:00.0;0.0
2022-02-08T02:00:00.0;0.0
2022-02-08T03:00:00.0;0.0
2022-02-08T04:00:00.0;0.0
2022-02-08T05:00:00.0;0.0
2022-02-08T06:00:00.0;0.0
2022-02-08T07:00:00.0;0.0
2022-02-08T08:00:00.0;0.0
2022-02-08T09:00:00.0;0.0
2022-02-08T10:00:00.0;0.0
2022-02-08T11:00:00.0;0.0
2022-02-08T12:00:00.0;0.0
2022-02-08T13:00:00.0;0.0
2022-02-08T14:00:00.0;0.0
2022-02-08T15:00:00.0;0.0
2022-02-08T16:00:00.0;0.0
2022-02-08T17:00:00.0;0.0
2022-02-08T18:00:00.0;0.2117868750916719
2022-02-08T19:00:00.0;0.31611337841268883
2022-02-08T20:00:00.0;0.15562138768671363
2022-02-08T21:00:00.0;0.0271794094099466
2022-02-08T22:00:00.0;0.01809158798537569
2022-02-08T23:00:00.0;0.0060357907300367065
2022-02-09T00:00:00.0;0.0
2022-02-09T01:00:00.0;0.0
2022-02-09T02:00:00.0;0.0
2022-02-09T03:00:00.0;0.0
2022-02-09T04:00:00.0;0.0
2022-02-09T05:00:00.0;0.006694523914829322
2022-02-09T06:00:00.0;0.052154534216214375
2022-02-09T07:00:00.0;0.043759187414454795
2022-02-09T08:00:00.0;0.011003477482328805
2022-02-09T09:00:00.0;0.0
2022-02-09T10:00:00.0;0.0
2022-02-09T11:00:00.0;0.0
2022-02-09T12:00:00.0;0.0
2022-02-09T13:00:00.0;0.0
2022-02-09T14:00:00.0;0.0
2022-02-09T15:00:00.0;0.0
2022-02-09T16:00:00.0;0.03464757362338545
2022-02-09T17:00:00.0;0.108822136378671
2022-02-09T18:00:00.0;0.42742028511872565
2022-02-09T19:00:00.0;0.5449679470646253
2022-02-09T20:00:00.0;0.2677185482297771
2022-02-09T21:00:00.0;0.06866997738794269
2022-02-09T22:00:00.0;0.05150981481754298
2022-02-09T23:00:00.0;0.03213497525330127
2022-02-10T00:00:00.0;0.0
2022-02-10T01:00:00.0;0.0
2022-02-10T02:00:00.0;0.0
2022-02-10T03:00:00.0;0.0
2022-02-10T04:00:00.0;0.0
2022-02-10T05:00:00.0;0.0
2022-02-10T06:00:00.0;0.0
2022-02-10T07:00:00.0;0.0
2022-02-10T08:00:00.0;0.0
2022-02-10T09:00:00.0;0.0
2022-02-10T10:00:00.0;0.0
2022-02-10T11:00:00.0;0.0
2022-02-10T12:00:00.0;0.0
2022-02-10T13:00:00.0;0.0
2022-02-10T14:00:00.0;0.0
2022-02-10T15:00:00.0;0.0
2022-02-10T16:00:00.0;0.0
2022-02-10T17:00:00.0;0.309354235543993
2022-02-10T18:00:00.0;0.6163233327680586
2022-02-10T19:00:00.0;0.6911771274328145
2022-02-10T20:00:00.0;0.7561611619061334
2022-02-10T21:00:00.0;0.7542068073857737
2022-02-10T22:00:00.0;0.458100767097511
2022-02-10T23:00:00.0;0.013700245391735524
2022-02-11T00:00:00.0;0.0
2022-02-11T01:00:00.0;0.0
2022-02-11T02:00:00.0;0.0
2022-02-11T03:00:00.0;0.0
2022-02-11T04:00:00.0;0.0
2022-02-11T05:00:00.0;0.008380864239739856
2022-02-11T06:00:00.0;0.06529218153731904
2022-02-11T07:00:00.0;0.05478205972937042
2022-02-11T08:00:00.0;0.013775236613936776
2022-02-11T09:00:00.0;0.0
2022-02-11T10:00:00.0;0.0
2022-02-11T11:00:00.0;0.0
2022-02-11T12:00:00.0;0.0
2022-02-11T13:00:00.0;0.0
2022-02-11T14:00:00.0;0.0
2022-02-11T15:00:00.0;0.0
2022-02-11T16:00:00.0;0.04337524437410098
2022-02-11T17:00:00.0;0.22394549499176827
2022-02-11T18:00:00.0;0.708092340495079
2022-02-11T19:00:00.0;0.8439746214762783
2022-02-11T20:00:00.0;0.3895107394654807
2022-02-11T21:00:00.0;0.0859678395590624
2022-02-11T22:00:00.0;0.0644850583091799
2022-02-11T23:00:00.0;0.040229726321350245
2022-02-12T00:00:00.0;0.0
2022-02-12T01:00:00.0;0.0
2022-02-12T02:00:00.0;0.0
2022-02-12T03:00:00.0;0.0
2022-02-12T04:00:00.0;0.0
2022-02-12T05:00:00.0;0.0
2022-02-12T06:00:00.0;0.0
2022-02-12T07:00:00.0;0.0
2022-02-12T08:00:00.0;0.0
2022-02-12T09:00:00.0;0.0
2022-02-12T10:00:00.0;0.0
2022-02-12T11:00:00.0;0.0
2022-02-12T12:00:00.0;0.0
2022-02-12T13:00:00.0;0.0
2022-02-12T14:00:00.0;0.0
2022-02-12T15:00:00.0;0.0
2022-02-12T16:00:00.0;0.0
2022-02-12T17:00:00.0;0.00994652729590439
2022-02-12T18:00:00.0;0.37142536104492546
2022-02-12T19:00:00.0;0.6351396486596427
2022-02-12T20:00:00.0;0.7289365095853529
2022-02-12T21:00:00.0;0.6848384829981425
2022-02-12T22:00:00.0;0.4159668559433669
2022-02-12T23:00:00.0;0.01244016253751388
2022-02-13T00:00:00.0;0.0
2022-02-13T01:00:00.0;0.0
2022-02-13T02:00:00.0;0.0
2022-02-13T03:00:00.0;0.0
2022-02-13T04:00:00.0;0.0
2022-02-13T05:00:00.0;0.0
2022-02-13T06:00:00.0;0.0
2022-02-13T07:00:00.0;0.0
2022-02-13T08:00:00.0;0.0
2022-02-13T09:00:00.0;0.0
2022-02-13T10:00:00.0;0.0
2022-02-13T11:00:00.0;0.0
2022-02-13T12:00:00.0;0.0
2022-02-13T13:00:00.0;0.0
2022-02-13T14:00:00.0;0.0
2022-02-13T15:00:00.0;0.0
2022-02-13T16:00:00.0;0.0
2022-02-13T17:00:00.0;0.0
2022-02-13T18:00:00.0;0.3008441474188037
2022-02-13T19:00:00.0;0.454681389140953
2022-02-13T20:00:00.0;0.2469104436345901
2022-02-13T21:00:00.0;0.06460697968201275
2022-02-13T22:00:00.0;0.043004718747080735
2022-02-13T23:00:00.0;0.014347412895500754
2022-02-14T00:00:00.0;0.0
2022-02-14T01:00:00.0;0.0
2022-02-14T02:00:00.0;0.0
2022-02-14T03:00:00.0;0.0
2022-02-14T04:00:00.0;0.0
2022-02-14T05:00:00.0;0.0
2022-02-14T06:00:00.0;0.0
2022-02-14T07:00:00.0;0.0
2022-02-14T08:00:00.0;0.0
2022-02-14T09:00:00.0;0.0
2022-02-14T10:00:00.0;0.0
2022-02-14T11:00:00.0;0.0
2022-02-14T12:00:00.0;0.0
2022-02-14T13:00:00.0;0.0
2022-02-14T14:00:00.0;0.0
2022-02-14T15:00:00.0;0.0
2022-02-14T16:00:00.0;0.0
2022-02-14T17:00:00.0;0.0
2022-02-14T18:00:00.0;0.22046088004164427
2022-02-14T19:00:00.0;0.353448335408238
2022-02-14T20:00:00.0;0.2737523654507465
2022-02-14T21:00:00.0;0.14069365847964863
2022-02-14T22:00:00.0;0.09365073622377737
2022-02-14T23:00:00.0;0.0312441476125541
2022-02-15T00:00:00.0;0.0
2022-02-15T01:00:00.0;0.0
2022-02-15T02:00:00.0;0.0
2022-02-15T03:00:00.0;0.0
2022-02-15T04:00:00.0;0.0
2022-02-15T05:00:00.0;0.01132727661433797
2022-02-15T06:00:00.0;0.08824657933484677
2022-02-15T07:00:00.0;0.07404147428082247
2022-02-15T08:00:00.0;0.018618117546175834
2022-02-15T09:00:00.0;0.0
2022-02-15T10:00:00.0;0.0
2022-02-15T11:00:00.0;0.0
2022-02-15T12:00:00.0;0.0
2022-02-15T13:00:00.0;0.0
2022-02-15T14:00:00.0;0.0
2022-02-15T15:00:00.0;0.0
2022-02-15T16:00:00.0;0.05862443027178774
2022-02-15T17:00:00.0;0.09463503829624499
2022-02-15T18:00:00.0;0.39731645539395016
2022-02-15T19:00:00.0;0.6266394999786525
2022-02-15T20:00:00.0;0.750038806683413
2022-02-15T21:00:00.0;0.7123273289217985
2022-02-15T22:00:00.0;0.4492453547109146
2022-02-15T23:00:00.0;0.06520193803862964
2022-02-16T00:00:00.0;0.0
2022-02-16T01:00:00.0;0.0
2022-02-16T02:00:00.0;0.0
2022-02-16T03:00:00.0;0.0
2022-02-16T04:00:00.0;0.0
2022-02-16T05:00:00.0;0.0
2022-02-16T06:00:00.0;0.0
2022-02-16T07:00:00.0;0.0
2022-02-16T08:00:00.0;0.0
2022-02-16T09:00:00.0;0.0
2022-02-16T10:00:00.0;0.0
2022-02-16T11:00:00.0;0.0
2022-02-16T12:00:00.0;0.0
2022-02-16T13:00:00.0;0.0
2022-02-16T14:00:00.0;0.0
2022-02-16T15:00:00.0;0.0
2022-02-16T16:00:00.0;0.0
2022-02-16T17:00:00.0;0.0
2022-02-16T18:00:00.0;0.02047907349200618
2022-02-16T19:00:00.0;0.06544302377371895
2022-02-16T20:00:00.0;0.1748651809595207
2022-02-16T21:00:00.0;0.16336590384573754
2022-02-16T22:00:00.0;0.1087421944552618
2022-02-16T23:00:00.0;0.036279022592570306
2022-02-17T00:00:00.0;0.0
2022-02-17T01:00:00.0;0.0
2022-02-17T02:00:00.0;0.0
2022-02-17T03:00:00.0;0.0
2022-02-17T04:00:00.0;0.0
2022-02-17T05:00:00.0;0.0
2022-02-17T06:00:00.0;0.0
2022-02-17T07:00:00.0;0.0
2022-02-17T08:00:00.0;0.0
2022-02-17T09:00:00.0;0.0
2022-02-17T10:00:00.0;0.0
2022-02-17T11:00:00.0;0.0
2022-02-17T12:00:00.0;0.0
2022-02-17T13:00:00.0;0.0
2022-02-17T14:00:00.0;0.0
2022-02-17T15:00:00.0;0.0
2022-02-17T16:00:00.0;0.0
2022-02-17T17:00:00.0;0.0
2022-02-17T18:00:00.0;0.0714070525229058
2022-02-17T19:00:00.0;0.16527779157445915
2022-02-17T20:00:00.0;0.3214392051007449
2022-02-17T21:00:00.0;0.2796825054404836
2022-02-17T22:00:00.0;0.1861666888646631
2022-02-17T23:00:00.0;0.06210970401267555
2022-02-18T00:00:00.0;0.0
2022-02-18T01:00:00.0;0.0
2022-02-18T02:00:00.0;0.0
2022-02-18T03:00:00.0;0.0
2022-02-18T04:00:00.0;0.0
2022-02-18T05:00:00.0;0.0
2022-02-18T06:00:00.0;0.0
2022-02-18T07:00:00.0;0.0
2022-02-18T08:00:00.0;0.0
2022-02-18T09:00:00.0;0.0
2022-02-18T10:00:00.0;0.0
2022-02-18T11:00:00.0;0.0
2022-02-18T12:00:00.0;0.0
2022-02-18T13:00:00.0;0.0
2022-02-18T14:00:00.0;0.0
2022-02-18T15:00:00.0;0.0
2022-02-18T16:00:00.0;0.0
2022-02-18T17:00:00.0;0.0
2022-02-18T18:00:00.0;0.0
2022-02-18T19:00:00.0;0.07584980150720583
2022-02-18T20:00:00.0;0.347577729175655
2022-02-18T21:00:00.0;0.349579952053077
2022-02-18T22:00:00.0;0.23269293181098905
2022-02-18T23:00:00.0;0.0776319824387525
2022-02-19T00:00:00.0;0.0
2022-02-19T01:00:00.0;0.0
2022-02-19T02:00:00.0;0.0
2022-02-19T03:00:00.0;0.0
2022-02-19T04:00:00.0;0.0
2022-02-19T05:00:00.0;0.0
2022-02-19T06:00:00.0;0.0
2022-02-19T07:00:00.0;0.0
2022-02-19T08:00:00.0;0.0
2022-02-19T09:00:00.0;0.0
2022-02-19T10:00:00.0;0.0
2022-02-19T11:00:00.0;0.0
2022-02-19T12:00:00.0;0.0
2022-02-19T13:00:00.0;0.0
2022-02-19T14:00:00.0;0.0
2022-02-19T15:00:00.0;0.0
2022-02-19T16:00:00.0;0.0
2022-02-19T17:00:00.0;0.0
2022-02-19T18:00:00.0;0.33528689793514804
2022-02-19T19:00:00.0;0.49111358101911395
2022-02-19T20:00:00.0;0.2035872462489061
2022-02-19T21:00:00.0;0.0
2022-02-19T22:00:00.0;0.0
2022-02-19T23:00:00.0;0.0
2022-02-20T00:00:00.0;0.0
2022-02-20T01:00:00.0;0.0
2022-02-20T02:00:00.0;0.0
2022-02-20T03:00:00.0;0.0
2022-02-20T04:00:00.0;0.0
2022-02-20T05:00:00.0;0.0
2022-02-20T06:00:00.0;0.0
2022-02-20T07:00:00.0;0.0
2022-02-20T08:00:00.0;0.0
2022-02-20T09:00:00.0;0.0
2022-02-20T10:00:00.0;0.0
2022-02-20T11:00:00.0;0.0
2022-02-20T12:00:00.0;0.0
2022-02-20T13:00:00.0;0.0
2022-02-20T14:00:00.0;0.0
2022-02-20T15:00:00.0;0.0
2022-02-20T16:00:00.0;0.0
2022-02-20T17:00:00.0;0.0
2022-02-20T18:00:00.0;0.18338804376456533
2022-02-20T19:00:00.0;0.2692259623353487
2022-02-20T20:00:00.0;0.11413615179683843
2022-02-20T21:00:00.0;0.002798389595185321
2022-02-20T22:00:00.0;0.0018627083030040923
2022-02-20T23:00:00.0;0.0006214444811103759
2022-02-21T00:00:00.0;0.0
2022-02-21T01:00:00.0;0.0
2022-02-21T02:00:00.0;0.0
2022-02-21T03:00:00.0;0.0
2022-02-21T04:00:00.0;0.0
2022-02-21T05:00:00.0;0.0
2022-02-21T06:00:00.0;0.0
2022-02-21T07:00:00.0;0.0
2022-02-21T08:00:00.0;0.0
2022-02-21T09:00:00.0;0.0
2022-02-21T10:00:00.0;0.0
2022-02-21T11:00:00.0;0.0
2022-02-21T12:00:00.0;0.0
2022-02-21T13:00:00.0;0.0
2022-02-21T14:00:00.0;0.0
2022-02-21T15:00:00.0;0.0
2022-02-21T16:00:00.0;0.0
2022-02-21T17:00:00.0;0.0
2022-02-21T18:00:00.0;0.0
2022-02-21T19:00:00.0;0.041471074859719514
2022-02-21T20:00:00.0;0.19003902106250753
2022-02-21T21:00:00.0;0.19113374159157212
2022-02-21T22:00:00.0;0.12722546140802188
2022-02-21T23:00:00.0;0.042445486886608146
2022-02-22T00:00:00.0;0.0
2022-02-22T01:00:00.0;0.0
2022-02-22T02:00:00.0;0.0
2022-02-22T03:00:00.0;0.0
2022-02-22T04:00:00.0;0.0
2022-02-22T05:00:00.0;0.0
2022-02-22T06:00:00.0;0.0
2022-02-22T07:00:00.0;0.0
2022-02-22T08:00:00.0;0.0
2022-02-22T09:00:00.0;0.0
2022-02-22T10:00:00.0;0.0
2022-02-22T11:00:00.0;0.0
2022-02-22T12:00:00.0;0.0
2022-02-22T13:00:00.0;0.0
2022-02-22T14:00:00.0;0.0
2022-02-22T15:00:00.0;0.0
2022-02-22T16:00:00.0;0.0
2022-02-22T17:00:00.0;0.007189949078579642
2022-02-22T18:00:00.0;0.21810363785025288
2022-02-22T19:00:00.0;0.3853154725800946
2022-02-22T20:00:00.0;0.49632529762307837
2022-02-22T21:00:00.0;0.4950425081360683
2022-02-22T22:00:00.0;0.30068590007702223
2022-02-22T23:00:00.0;0.008992498840354931
2022-02-23T00:00:00.0;0.0
2022-02-23T01:00:00.0;0.0
2022-02-23T02:00:00.0;0.0
2022-02-23T03:00:00.0;0.0
2022-02-23T04:00:00.0;0.0
2022-02-23T05:00:00.0;0.0
2022-02-23T06:00:00.0;0.0
2022-02-23T07:00:00.0;0.0
2022-02-23T08:00:00.0;0.0
2022-02-23T09:00:00.0;0.0
2022-02-23T10:00:00.0;0.0
2022-02-23T11:00:00.0;0.0
2022-02-23T12:00:00.0;0.0
2022-02-23T13:00:00.0;0.0
2022-02-23T14:00:00.0;0.0
2022-02-23T15:00:00.0;0.0
2022-02-23T16:00:00.0;0.0
2022-02-23T17:00:00.0;0.008659435503343492
2022-02-23T18:00:00.0;0.262679799866114
2022-02-23T19:00:00.0;0.5295507446313237
2022-02-23T20:00:00.0;0.8978427045261683
2022-02-23T21:00:00.0;0.8980263389053659
2022-02-23T22:00:00.0;0.5630336389018064
2022-02-23T23:00:00.0;0.0778532690373876
2022-02-24T00:00:00.0;0.0
2022-02-24T01:00:00.0;0.0
2022-02-24T02:00:00.0;0.0
2022-02-24T03:00:00.0;0.0
2022-02-24T04:00:00.0;0.0
2022-02-24T05:00:00.0;0.0
2022-02-24T06:00:00.0;0.0
2022-02-24T07:00:00.0;0.0
2022-02-24T08:00:00.0;0.0
2022-02-24T09:00:00.0;0.0
2022-02-24T10:00:00.0;0.0
2022-02-24T11:00:00.0;0.0
2022-02-24T12:00:00.0;0.0
2022-02-24T13:00:00.0;0.0
2022-02-24T14:00:00.0;0.0
2022-02-24T15:00:00.0;0.0
2022-02-24T16:00:00.0;0.0
2022-02-24T17:00:00.0;0.0
2022-02-24T18:00:00.0;0.07229599565306385
2022-02-24T19:00:00.0;0.15178691448670695
2022-02-24T20:00:00.0;0.25419100275027146
2022-02-24T21:00:00.0;0.21150404118316196
2022-02-24T22:00:00.0;0.14078466211732213
2022-02-24T23:00:00.0;0.046969163747592226
2022-02-25T00:00:00.0;0.0
2022-02-25T01:00:00.0;0.0
2022-02-25T02:00:00.0;0.0
2022-02-25T03:00:00.0;0.0
2022-02-25T04:00:00.0;0.0
2022-02-25T05:00:00.0;0.0
2022-02-25T06:00:00.0;0.0
2022-02-25T07:00:00.0;0.0
2022-02-25T08:00:00.0;0.0
2022-02-25T09:00:00.0;0.0
2022-02-25T10:00:00.0;0.0
2022-02-25T11:00:00.0;0.0
2022-02-25T12:00:00.0;0.0
2022-02-25T13:00:00.0;0.0
2022-02-25T14:00:00.0;0.0
2022-02-25T15:00:00.0;0.0
2022-02-25T16:00:00.0;0.0
2022-02-25T17:00:00.0;0.0
2022-02-25T18:00:00.0;0.17896809936099126
2022-02-25T19:00:00.0;0.34666935034558577
2022-02-25T20:00:00.0;0.4960000152597582
2022-02-25T21:00:00.0;0.3895612453862067
2022-02-25T22:00:00.0;0.2593059120709913
2022-02-25T23:00:00.0;0.08651071545444006
2022-02-26T00:00:00.0;0.0
2022-02-26T01:00:00.0;0.0
2022-02-26T02:00:00.0;0.0
2022-02-26T03:00:00.0;0.0
2022-02-26T04:00:00.0;0.0
2022-02-26T05:00:00.0;0.1329124743485026
2022-02-26T06:00:00.0;1.0354714210244815
2022-02-26T07:00:00.0;0.8687909623941232
2022-02-26T08:00:00.0;0.21846205006075325
2022-02-26T09:00:00.0;0.0
2022-02-26T10:00:00.0;0.0
2022-02-26T11:00:00.0;0.0
2022-02-26T12:00:00.0;0.0
2022-02-26T13:00:00.0;0.0
2022-02-26T14:00:00.0;0.0
2022-02-26T15:00:00.0;0.0
2022-02-26T16:00:00.0;0.6878898035236134
2022-02-26T17:00:00.0;1.0198182363354837
2022-02-26T18:00:00.0;1.9133058251973794
2022-02-26T19:00:00.0;2.496788829469057
2022-02-26T20:00:00.0;2.5456888578616628
2022-02-26T21:00:00.0;2.1193552285953543
2022-02-26T22:00:00.0;1.4818536834194629
2022-02-26T23:00:00.0;0.651737497240355
2022-02-27T00:00:00.0;0.0
2022-02-27T01:00:00.0;0.0
2022-02-27T02:00:00.0;0.0
2022-02-27T03:00:00.0;0.0
2022-02-27T04:00:00.0;0.0
2022-02-27T05:00:00.0;0.0
2022-02-27T06:00:00.0;0.0
2022-02-27T07:00:00.0;0.0
2022-02-27T08:00:00.0;0.0
2022-02-27T09:00:00.0;0.0
2022-02-27T10:00:00.0;0.0
2022-02-27T11:00:00.0;0.0
2022-02-27T12:00:00.0;0.0
2022-02-27T13:00:00.0;0.0
2022-02-27T14:00:00.0;0.0
2022-02-27T15:00:00.0;0.0
2022-02-27T16:00:00.0;0.0
2022-02-27T17:00:00.0;0.011514373435976406
2022-02-27T18:00:00.0;0.42658529519537264
2022-02-27T19:00:00.0;0.8048185842380989
2022-02-27T20:00:00.0;1.1832848618032605
2022-02-27T21:00:00.0;1.136259556167651
2022-02-27T22:00:00.0;0.7101617292490408
2022-02-27T23:00:00.0;0.09067658405348095
2022-02-28T00:00:00.0;0.0
2022-02-28T01:00:00.0;0.0
2022-02-28T02:00:00.0;0.0
2022-02-28T03:00:00.0;0.0
2022-02-28T04:00:00.0;0.0
2022-02-28T05:00:00.0;0.04234341767275991
2022-02-28T06:00:00.0;0.32988174423479033
2022-02-28T07:00:00.0;0.27678048107444525
2022-02-28T08:00:00.0;0.06959790551423195
2022-02-28T09:00:00.0;0.0
2022-02-28T10:00:00.0;0.0
2022-02-28T11:00:00.0;0.0
2022-02-28T12:00:00.0;0.0
2022-02-28T13:00:00.0;0.0
2022-02-28T14:00:00.0;0.0
2022-02-28T15:00:00.0;0.0
2022-02-28T16:00:00.0;0.21914876994208385
2022-02-28T17:00:00.0;0.3213969464739278
2022-02-28T18:00:00.0;0.509650399557512
2022-02-28T19:00:00.0;0.7642415470851994
2022-02-28T20:00:00.0;1.2476939013192818
2022-02-28T21:00:00.0;1.1126059680559093
2022-02-28T22:00:00.0;0.7772797632889813
2022-02-28T23:00:00.0;0.3538796499314995
2022-03-01T00:00:00.0;0.0
2022-03-01T01:00:00.0;0.0
2022-03-01T02:00:00.0;0.0
2022-03-01T03:00:00.0;0.0
2022-03-01T04:00:00.0;0.0
2022-03-01T05:00:00.0;0.12759984410626946
2022-03-01T06:00:00.0;0.9940827040265668
2022-03-01T07:00:00.0;0.834064612112722
2022-03-01T08:00:00.0;0.20972992691262918
2022-03-01T09:00:00.0;0.0
2022-03-01T10:00:00.0;0.0
2022-03-01T11:00:00.0;0.0
2022-03-01T12:00:00.0;0.0
2022-03-01T13:00:00.0;0.0
2022-03-01T14:00:00.0;0.0
2022-03-01T15:00:00.0;0.0
2022-03-01T16:00:00.0;0.6603942340412404
2022-03-01T17:00:00.0;1.133337537330239
2022-03-01T18:00:00.0;1.973390272181297
2022-03-01T19:00:00.0;2.432178345684556
2022-03-01T20:00:00.0;2.41974694416454
2022-03-01T21:00:00.0;2.0105167674810875
2022-03-01T22:00:00.0;1.4079687147619044
2022-03-01T23:00:00.0;0.6252487174774815
2022-03-02T00:00:00.0;0.0
2022-03-02T01:00:00.0;0.0
2022-03-02T02:00:00.0;0.0
2022-03-02T03:00:00.0;0.0
2022-03-02T04:00:00.0;0.0
2022-03-02T05:00:00.0;0.1570507109787231
2022-03-02T06:00:00.0;1.2235234026540092
2022-03-02T07:00:00.0;1.0265721032182662
2022-03-02T08:00:00.0;0.2581369465288059
2022-03-02T09:00:00.0;0.0
2022-03-02T10:00:00.0;0.0
2022-03-02T11:00:00.0;0.0
2022-03-02T12:00:00.0;0.0
2022-03-02T13:00:00.0;0.0
2022-03-02T14:00:00.0;0.0
2022-03-02T15:00:00.0;0.0
2022-03-02T16:00:00.0;0.8128174819402476
2022-03-02T17:00:00.0;1.2018949981058866
2022-03-02T18:00:00.0;2.1657601269495315
2022-03-02T19:00:00.0;2.782360317976401
2022-03-02T20:00:00.0;2.7917774367450767
2022-03-02T21:00:00.0;2.288576222954713
2022-03-02T22:00:00.0;1.6199733448842155
2022-03-02T23:00:00.0;0.7661817932325009
2022-03-03T00:00:00.0;0.2793449321135275
2022-03-03T01:00:00.0;0.2490802451996452
2022-03-03T02:00:00.0;0.18847111418065096
2022-03-03T03:00:00.0;0.12030613694005943
2022-03-03T04:00:00.0;0.09465137953306298
2022-03-03T05:00:00.0;0.3770620825630636
2022-03-03T06:00:00.0;0.8403495121452117
2022-03-03T07:00:00.0;0.7836203530734381
2022-03-03T08:00:00.0;0.3273833116865044
2022-03-03T09:00:00.0;0.0
2022-03-03T10:00:00.0;0.0
2022-03-03T11:00:00.0;0.0
2022-03-03T12:00:00.0;0.0
2022-03-03T13:00:00.0;0.0
2022-03-03T14:00:00.0;0.0
2022-03-03T15:00:00.0;0.0
2022-03-03T16:00:00.0;0.17027345836521213
2022-03-03T17:00:00.0;0.2570324059847565
2022-03-03T18:00:00.0;1.1239043102598327
2022-03-03T19:00:00.0;1.8892820941030062
2022-03-03T20:00:00.0;2.2991916066759934
2022-03-03T21:00:00.0;2.106977162730035
2022-03-03T22:00:00.0;1.3502697913997073
2022-03-03T23:00:00.0;0.582579214994002
2022-03-04T00:00:00.0;0.2699995153105395
2022-03-04T01:00:00.0;0.2407473261408698
2022-03-04T02:00:00.0;0.1821658588677466
2022-03-04T03:00:00.0;0.11628132437175669
2022-03-04T04:00:00.0;0.09148484063786373
2022-03-04T05:00:00.0;0.37792470018982055
2022-03-04T06:00:00.0;0.9172311690911185
2022-03-04T07:00:00.0;0.8454987061925663
2022-03-04T08:00:00.0;0.3385825271615842
2022-03-04T09:00:00.0;0.0
2022-03-04T10:00:00.0;0.0
2022-03-04T11:00:00.0;0.0
2022-03-04T12:00:00.0;0.0
2022-03-04T13:00:00.0;0.0
2022-03-04T14:00:00.0;0.0
2022-03-04T15:00:00.0;0.0
2022-03-04T16:00:00.0;0.23432805970353998
2022-03-04T17:00:00.0;0.35056133459223976
2022-03-04T18:00:00.0;1.24147513523266
2022-03-04T19:00:00.0;2.0106378429924825
2022-03-04T20:00:00.0;2.392025807576509
2022-03-04T21:00:00.0;2.1632406355611007
2022-03-04T22:00:00.0;1.401814294827846
2022-03-04T23:00:00.0;0.6275732212421399
2022-03-05T00:00:00.0;0.20653418992756362
2022-03-05T01:00:00.0;0.18415793793015958
2022-03-05T02:00:00.0;0.13934646530915562
2022-03-05T03:00:00.0;0.08894856387132022
2022-03-05T04:00:00.0;0.06998067174328693
2022-03-05T05:00:00.0;0.3128996341448973
2022-03-05T06:00:00.0;0.8871152421476839
2022-03-05T07:00:00.0;0.8023862412349201
2022-03-05T08:00:00.0;0.2981297699623947
2022-03-05T09:00:00.0;0.0
2022-03-05T10:00:00.0;0.0
2022-03-05T11:00:00.0;0.0
2022-03-05T12:00:00.0;0.0
2022-03-05T13:00:00.0;0.0
2022-03-05T14:00:00.0;0.0
2022-03-05T15:00:00.0;0.0
2022-03-05T16:00:00.0;0.3024704969083102
2022-03-05T17:00:00.0;0.4530140099611101
2022-03-05T18:00:00.0;1.3583013270045696
2022-03-05T19:00:00.0;2.101717839305875
2022-03-05T20:00:00.0;2.4357640462539862
2022-03-05T21:00:00.0;2.1839989134806945
2022-03-05T22:00:00.0;1.4286208124788584
2022-03-05T23:00:00.0;0.5995220243915445
2022-03-06T00:00:00.0;0.0
2022-03-06T01:00:00.0;0.0
2022-03-06T02:00:00.0;0.0
2022-03-06T03:00:00.0;0.0
2022-03-06T04:00:00.0;0.0
2022-03-06T05:00:00.0;0.005246821931205907
2022-03-06T06:00:00.0;0.04087602903789748
2022-03-06T07:00:00.0;0.03429619001126005
2022-03-06T08:00:00.0;0.008623957089155466
2022-03-06T09:00:00.0;0.0
2022-03-06T10:00:00.0;0.0
2022-03-06T11:00:00.0;0.0
2022-03-06T12:00:00.0;0.0
2022-03-06T13:00:00.0;0.0
2022-03-06T14:00:00.0;0.0
2022-03-06T15:00:00.0;0.0
2022-03-06T16:00:00.0;0.02715497792868589
2022-03-06T17:00:00.0;0.23222049426359317
2022-03-06T18:00:00.0;0.2809447243962209
2022-03-06T19:00:00.0;0.35586280472987436
2022-03-06T20:00:00.0;0.8321005891435131
2022-03-06T21:00:00.0;0.798099034342465
2022-03-06T22:00:00.0;0.5357895166529919
2022-03-06T23:00:00.0;0.19046940613138716
2022-03-07T00:00:00.0;0.32462318611716007
2022-03-07T01:00:00.0;0.28945297909572026
2022-03-07T02:00:00.0;0.2190198802372015
2022-03-07T03:00:00.0;0.13980622876328969
2022-03-07T04:00:00.0;0.10999316208077907
2022-03-07T05:00:00.0;0.48651274813827733
2022-03-07T06:00:00.0;1.3531093070948512
2022-03-07T07:00:00.0;1.2265716184110025
2022-03-07T08:00:00.0;0.45989183965193553
2022-03-07T09:00:00.0;0.0
2022-03-07T10:00:00.0;0.0
2022-03-07T11:00:00.0;0.0
2022-03-07T12:00:00.0;0.0
2022-03-07T13:00:00.0;0.0
2022-03-07T14:00:00.0;0.0
2022-03-07T15:00:00.0;0.0
2022-03-07T16:00:00.0;0.4480241849526707
2022-03-07T17:00:00.0;0.6570586959183616
2022-03-07T18:00:00.0;1.6228823309158071
2022-03-07T19:00:00.0;2.4339620251814167
2022-03-07T20:00:00.0;2.7352093073380903
2022-03-07T21:00:00.0;2.3590317727768566
2022-03-07T22:00:00.0;1.5855495602652125
2022-03-07T23:00:00.0;0.8983876649618335
2022-03-08T00:00:00.0;0.13815030355858665
2022-03-08T01:00:00.0;0.12318287367674004
2022-03-08T02:00:00.0;0.09320856991778265
2022-03-08T03:00:00.0;0.0594975151776711
2022-03-08T04:00:00.0;0.046809930345961794
2022-03-08T05:00:00.0;0.1702057649057876
2022-03-08T06:00:00.0;0.288837109703927
2022-03-08T07:00:00.0;0.28118604930325297
2022-03-08T08:00:00.0;0.1351644215202309
2022-03-08T09:00:00.0;0.0
2022-03-08T10:00:00.0;0.0
2022-03-08T11:00:00.0;0.0
2022-03-08T12:00:00.0;0.0
2022-03-08T13:00:00.0;0.0
2022-03-08T14:00:00.0;0.0
2022-03-08T15:00:00.0;0.0
2022-03-08T16:00:00.0;0.0
2022-03-08T17:00:00.0;0.0
2022-03-08T18:00:00.0;0.25264931442777344
2022-03-08T19:00:00.0;0.6273783238974907
2022-03-08T20:00:00.0;1.220723638397354
2022-03-08T21:00:00.0;1.1814405979786244
2022-03-08T22:00:00.0;0.760996744310542
2022-03-08T23:00:00.0;0.328826761361319
2022-03-09T00:00:00.0;0.40699361371479365
2022-03-09T01:00:00.0;0.3628992598210854
2022-03-09T02:00:00.0;0.2745943492186306
2022-03-09T03:00:00.0;0.17528089396446403
2022-03-09T04:00:00.0;0.13790301011652498
2022-03-09T05:00:00.0;0.5014296570453789
2022-03-09T06:00:00.0;0.8509200199005352
2022-03-09T07:00:00.0;0.828379839813997
2022-03-09T08:00:00.0;0.3981971442926244
2022-03-09T09:00:00.0;0.0
2022-03-09T10:00:00.0;0.0
2022-03-09T11:00:00.0;0.0
2022-03-09T12:00:00.0;0.0
2022-03-09T13:00:00.0;0.0
2022-03-09T14:00:00.0;0.0
2022-03-09T15:00:00.0;0.0
2022-03-09T16:00:00.0;0.0
2022-03-09T17:00:00.0;0.0
2022-03-09T18:00:00.0;0.744310036480796
2022-03-09T19:00:00.0;1.5315441035738826
2022-03-09T20:00:00.0;2.1448999735742156
2022-03-09T21:00:00.0;2.020810673150063
2022-03-09T22:00:00.0;1.2702584377453006
2022-03-09T23:00:00.0;0.6445632726363362
2022-03-10T00:00:00.0;0.30160358117933844
2022-03-10T01:00:00.0;0.26892735581367216
2022-03-10T02:00:00.0;0.20348879271109435
2022-03-10T03:00:00.0;0.12989232152680497
2022-03-10T04:00:00.0;0.10219335219274633
2022-03-10T05:00:00.0;0.3715856347082447
2022-03-10T06:00:00.0;0.630576295673867
2022-03-10T07:00:00.0;0.6138728418469697
2022-03-10T08:00:00.0;0.29508493668453817
2022-03-10T09:00:00.0;0.0
2022-03-10T10:00:00.0;0.0
2022-03-10T11:00:00.0;0.0
2022-03-10T12:00:00.0;0.0
2022-03-10T13:00:00.0;0.0
2022-03-10T14:00:00.0;0.0
2022-03-10T15:00:00.0;0.0
2022-03-10T16:00:00.0;0.0
2022-03-10T17:00:00.0;0.010142080162936912
2022-03-10T18:00:00.0;0.859227825604544
2022-03-10T19:00:00.0;1.6501022509807737
2022-03-10T20:00:00.0;2.1595692849514476
2022-03-10T21:00:00.0;2.0650541073654396
2022-03-10T22:00:00.0;1.278424358911321
2022-03-10T23:00:00.0;0.4612983646959558
2022-03-11T00:00:00.0;0.0
2022-03-11T01:00:00.0;0.0
2022-03-11T02:00:00.0;0.0
2022-03-11T03:00:00.0;0.0
2022-03-11T04:00:00.0;0.0
2022-03-11T05:00:00.0;0.0
2022-03-11T06:00:00.0;0.0
2022-03-11T07:00:00.0;0.0
2022-03-11T08:00:00.0;0.0
2022-03-11T09:00:00.0;0.0
2022-03-11T10:00:00.0;0.0
2022-03-11T11:00:00.0;0.0
2022-03-11T12:00:00.0;0.0
2022-03-11T13:00:00.0;0.0
2022-03-11T14:00:00.0;0.0
2022-03-11T15:00:00.0;0.0
2022-03-11T16:00:00.0;0.0
2022-03-11T17:00:00.0;0.0
2022-03-11T18:00:00.0;0.0664458186095769
2022-03-11T19:00:00.0;0.22544624405186572
2022-03-11T20:00:00.0;0.6274461381131233
2022-03-11T21:00:00.0;0.590482022626906
2022-03-11T22:00:00.0;0.3930459748042868
2022-03-11T23:00:00.0;0.13112963069464306
2022-03-12T00:00:00.0;0.0
2022-03-12T01:00:00.0;0.0
2022-03-12T02:00:00.0;0.0
2022-03-12T03:00:00.0;0.0
2022-03-12T04:00:00.0;0.0
2022-03-12T05:00:00.0;0.0
2022-03-12T06:00:00.0;0.0
2022-03-12T07:00:00.0;0.0
2022-03-12T08:00:00.0;0.0
2022-03-12T09:00:00.0;0.0
2022-03-12T10:00:00.0;0.0
2022-03-12T11:00:00.0;0.0
2022-03-12T12:00:00.0;0.0
2022-03-12T13:00:00.0;0.0
2022-03-12T14:00:00.0;0.0
2022-03-12T15:00:00.0;0.0
2022-03-12T16:00:00.0;0.0
2022-03-12T17:00:00.0;0.0
2022-03-12T18:00:00.0;0.2655238133380572
2022-03-12T19:00:00.0;0.5159712141072328
2022-03-12T20:00:00.0;0.7433972648430277
2022-03-12T21:00:00.0;0.5855239751014032
2022-03-12T22:00:00.0;0.38974572086240095
2022-03-12T23:00:00.0;0.13002858626640912
2022-03-13T00:00:00.0;0.0
2022-03-13T01:00:00.0;0.0
2022-03-13T02:00:00.0;0.0
2022-03-13T03:00:00.0;0.0
2022-03-13T04:00:00.0;0.0
2022-03-13T05:00:00.0;0.0
2022-03-13T06:00:00.0;0.0
2022-03-13T07:00:00.0;0.0
2022-03-13T08:00:00.0;0.0
2022-03-13T09:00:00.0;0.0
2022-03-13T10:00:00.0;0.0
2022-03-13T11:00:00.0;0.0
2022-03-13T12:00:00.0;0.0
2022-03-13T13:00:00.0;0.0
2022-03-13T14:00:00.0;0.0
2022-03-13T15:00:00.0;0.0
2022-03-13T16:00:00.0;0.0
2022-03-13T17:00:00.0;0.0
2022-03-13T18:00:00.0;0.2720901920355491
2022-03-13T19:00:00.0;0.5287956515607319
2022-03-13T20:00:00.0;0.7620770603968378
2022-03-13T21:00:00.0;0.6003012822900818
2022-03-13T22:00:00.0;0.39958202558700123
2022-03-13T23:00:00.0;0.1333102151053231
2022-03-14T00:00:00.0;0.0
2022-03-14T01:00:00.0;0.0
2022-03-14T02:00:00.0;0.0
2022-03-14T03:00:00.0;0.0
2022-03-14T04:00:00.0;0.0
2022-03-14T05:00:00.0;0.10109918605077972
2022-03-14T06:00:00.0;0.787625979860473
2022-03-14T07:00:00.0;0.6608413512490522
2022-03-14T08:00:00.0;0.1661720282643709
2022-03-14T09:00:00.0;0.0
2022-03-14T10:00:00.0;0.0
2022-03-14T11:00:00.0;0.0
2022-03-14T12:00:00.0;0.0
2022-03-14T13:00:00.0;0.0
2022-03-14T14:00:00.0;0.0
2022-03-14T15:00:00.0;0.0
2022-03-14T16:00:00.0;0.5232398205643036
2022-03-14T17:00:00.0;0.8776155603888551
2022-03-14T18:00:00.0;1.831487285699513
2022-03-14T19:00:00.0;2.4291768488024905
2022-03-14T20:00:00.0;2.535108018798237
2022-03-14T21:00:00.0;2.189429327486675
2022-03-14T22:00:00.0;1.4778449859067408
2022-03-14T23:00:00.0;0.5062284285366804
2022-03-15T00:00:00.0;0.030205675360508492
2022-03-15T01:00:00.0;0.026933143079748745
2022-03-15T02:00:00.0;0.020379454342348485
2022-03-15T03:00:00.0;0.013008749035803029
2022-03-15T04:00:00.0;0.010234690212450532
2022-03-15T05:00:00.0;0.14738419363339214
2022-03-15T06:00:00.0;0.9214441029902807
2022-03-15T07:00:00.0;0.7816115113921199
2022-03-15T08:00:00.0;0.21063380224684014
2022-03-15T09:00:00.0;0.0
2022-03-15T10:00:00.0;0.0
2022-03-15T11:00:00.0;0.0
2022-03-15T12:00:00.0;0.0
2022-03-15T13:00:00.0;0.0
2022-03-15T14:00:00.0;0.0
2022-03-15T15:00:00.0;0.0
2022-03-15T16:00:00.0;0.5701848599525303
2022-03-15T17:00:00.0;0.9434719040381714
2022-03-15T18:00:00.0;1.9257275243824463
2022-03-15T19:00:00.0;2.560986366409378
2022-03-15T20:00:00.0;2.705310059245039
2022-03-15T21:00:00.0;2.341481351612092
2022-03-15T22:00:00.0;1.5858947974385142
2022-03-15T23:00:00.0;0.5932832974767887
2022-03-16T00:00:00.0;0.12780547994635752
2022-03-16T01:00:00.0;0.11395882517732452
2022-03-16T02:00:00.0;0.08622902524715743
2022-03-16T03:00:00.0;0.05504228573535636
2022-03-16T04:00:00.0;0.04330475909221676
2022-03-16T05:00:00.0;0.1574605984430283
2022-03-16T06:00:00.0;0.26720871747034736
2022-03-16T07:00:00.0;0.2601305756102245
2022-03-16T08:00:00.0;0.1250431835405922
2022-03-16T09:00:00.0;0.0
2022-03-16T10:00:00.0;0.0
2022-03-16T11:00:00.0;0.0
2022-03-16T12:00:00.0;0.0
2022-03-16T13:00:00.0;0.0
2022-03-16T14:00:00.0;0.0
2022-03-16T15:00:00.0;0.0
2022-03-16T16:00:00.0;0.0
2022-03-16T17:00:00.0;0.018284910185614865
2022-03-16T18:00:00.0;0.7883946304041961
2022-03-16T19:00:00.0;1.4488204768101287
2022-03-16T20:00:00.0;1.8806648696519404
2022-03-16T21:00:00.0;1.8381182506409535
2022-03-16T22:00:00.0;1.126684244980947
2022-03-16T23:00:00.0;0.2129704667039465
2022-03-17T00:00:00.0;0.13043905961487356
2022-03-17T01:00:00.0;0.11630707851639059
2022-03-17T02:00:00.0;0.08800587400060826
2022-03-17T03:00:00.0;0.05617649566659035
2022-03-17T04:00:00.0;0.04419710371736989
2022-03-17T05:00:00.0;0.16070525611205766
2022-03-17T06:00:00.0;0.2727148620102804
2022-03-17T07:00:00.0;0.2654908668541837
2022-03-17T08:00:00.0;0.1276198428982132
2022-03-17T09:00:00.0;0.0
2022-03-17T10:00:00.0;0.0
2022-03-17T11:00:00.0;0.0
2022-03-17T12:00:00.0;0.0
2022-03-17T13:00:00.0;0.0
2022-03-17T14:00:00.0;0.0
2022-03-17T15:00:00.0;0.0
2022-03-17T16:00:00.0;0.0
2022-03-17T17:00:00.0;0.0
2022-03-17T18:00:00.0;0.5690307179337964
2022-03-17T19:00:00.0;1.0487667123322781
2022-03-17T20:00:00.0;1.2264560711703285
2022-03-17T21:00:00.0;0.9879645429459627
2022-03-17T22:00:00.0;0.6336306199809995
2022-03-17T23:00:00.0;0.2821513685636446
2022-03-18T00:00:00.0;0.0852765942475357
2022-03-18T01:00:00.0;0.07603758852634021
2022-03-18T02:00:00.0;0.05753522933014053
2022-03-18T03:00:00.0;0.03672627080686208
2022-03-18T04:00:00.0;0.028894554221338766
2022-03-18T05:00:00.0;0.10805137367519395
2022-03-18T06:00:00.0;0.2015682899872332
2022-03-18T07:00:00.0;0.1930986337008308
2022-03-18T08:00:00.0;0.08834435473156388
2022-03-18T09:00:00.0;0.0
2022-03-18T10:00:00.0;0.0
2022-03-18T11:00:00.0;0.0
2022-03-18T12:00:00.0;0.0
2022-03-18T13:00:00.0;0.0
2022-03-18T14:00:00.0;0.0
2022-03-18T15:00:00.0;0.0
2022-03-18T16:00:00.0;0.015463262219323442
2022-03-18T17:00:00.0;0.04818708696582034
2022-03-18T18:00:00.0;0.9652837283985058
2022-03-18T19:00:00.0;1.7228336023866393
2022-03-18T20:00:00.0;2.213746478484879
2022-03-18T21:00:00.0;2.1734436775780357
2022-03-18T22:00:00.0;1.331331200517109
2022-03-18T23:00:00.0;0.1730890633185131
2022-03-19T00:00:00.0;0.0
2022-03-19T01:00:00.0;0.0
2022-03-19T02:00:00.0;0.0
2022-03-19T03:00:00.0;0.0
2022-03-19T04:00:00.0;0.0
2022-03-19T05:00:00.0;0.0
2022-03-19T06:00:00.0;0.0
2022-03-19T07:00:00.0;0.0
2022-03-19T08:00:00.0;0.0
2022-03-19T09:00:00.0;0.0
2022-03-19T10:00:00.0;0.0
2022-03-19T11:00:00.0;0.0
2022-03-19T12:00:00.0;0.0
2022-03-19T13:00:00.0;0.0
2022-03-19T14:00:00.0;0.0
2022-03-19T15:00:00.0;0.0
2022-03-19T16:00:00.0;0.0
2022-03-19T17:00:00.0;0.0
2022-03-19T18:00:00.0;0.11517419612866943
2022-03-19T19:00:00.0;0.35489316646807334
2022-03-19T20:00:00.0;0.9231447957738954
2022-03-19T21:00:00.0;0.8581255894095575
2022-03-19T22:00:00.0;0.5711991150780448
2022-03-19T23:00:00.0;0.19056582134084232
2022-03-20T00:00:00.0;0.0
2022-03-20T01:00:00.0;0.0
2022-03-20T02:00:00.0;0.0
2022-03-20T03:00:00.0;0.0
2022-03-20T04:00:00.0;0.0
2022-03-20T05:00:00.0;0.0
2022-03-20T06:00:00.0;0.0
2022-03-20T07:00:00.0;0.0
2022-03-20T08:00:00.0;0.0
2022-03-20T09:00:00.0;0.0
2022-03-20T10:00:00.0;0.0
2022-03-20T11:00:00.0;0.0
2022-03-20T12:00:00.0;0.0
2022-03-20T13:00:00.0;0.0
2022-03-20T14:00:00.0;0.0
2022-03-20T15:00:00.0;0.0
2022-03-20T16:00:00.0;0.0
2022-03-20T17:00:00.0;0.0
2022-03-20T18:00:00.0;0.3041523667497183
2022-03-20T19:00:00.0;0.5935193339465714
2022-03-20T20:00:00.0;0.8629314644538333
2022-03-20T21:00:00.0;0.6821562594839239
2022-03-20T22:00:00.0;0.4540676289938717
2022-03-20T23:00:00.0;0.15148792842874623
2022-03-21T00:00:00.0;0.0
2022-03-21T01:00:00.0;0.0
2022-03-21T02:00:00.0;0.0
2022-03-21T03:00:00.0;0.0
2022-03-21T04:00:00.0;0.0
2022-03-21T05:00:00.0;0.12693470573671617
2022-03-21T06:00:00.0;0.9889008595377391
2022-03-21T07:00:00.0;0.8297168922539052
2022-03-21T08:00:00.0;0.20863666992152333
2022-03-21T09:00:00.0;0.0
2022-03-21T10:00:00.0;0.0
2022-03-21T11:00:00.0;0.0
2022-03-21T12:00:00.0;0.0
2022-03-21T13:00:00.0;0.0
2022-03-21T14:00:00.0;0.0
2022-03-21T15:00:00.0;0.0
2022-03-21T16:00:00.0;0.6569518039413513
2022-03-21T17:00:00.0;0.9821519608978528
2022-03-21T18:00:00.0;2.0760060177743997
2022-03-21T19:00:00.0;2.823955179036141
2022-03-21T20:00:00.0;2.997264840191718
2022-03-21T21:00:00.0;2.588642615350088
2022-03-21T22:00:00.0;1.7581452531545274
2022-03-21T23:00:00.0;0.6326815803445789
2022-03-22T00:00:00.0;0.0
2022-03-22T01:00:00.0;0.0
2022-03-22T02:00:00.0;0.0
2022-03-22T03:00:00.0;0.0
2022-03-22T04:00:00.0;0.0
2022-03-22T05:00:00.0;0.14161879467517177
2022-03-22T06:00:00.0;1.1032991093189028
2022-03-22T07:00:00.0;0.9257003868299769
2022-03-22T08:00:00.0;0.23277222370226283
2022-03-22T09:00:00.0;0.0
2022-03-22T10:00:00.0;0.0
2022-03-22T11:00:00.0;0.0
2022-03-22T12:00:00.0;0.0
2022-03-22T13:00:00.0;0.0
2022-03-22T14:00:00.0;0.0
2022-03-22T15:00:00.0;0.0
2022-03-22T16:00:00.0;0.7329494490405775
2022-03-22T17:00:00.0;1.092401293088732
2022-03-22T18:00:00.0;2.21399058984764
2022-03-22T19:00:00.0;2.970132431880974
2022-03-22T20:00:00.0;3.111487486518726
2022-03-22T21:00:00.0;2.656195867475704
2022-03-22T22:00:00.0;1.8206726544652165
2022-03-22T23:00:00.0;0.7016589829685045
2022-03-23T00:00:00.0;0.0
2022-03-23T01:00:00.0;0.0
2022-03-23T02:00:00.0;0.0
2022-03-23T03:00:00.0;0.0
2022-03-23T04:00:00.0;0.0
2022-03-23T05:00:00.0;0.17761339830312803
2022-03-23T06:00:00.0;1.3837196157502674
2022-03-23T07:00:00.0;1.1609814353561752
2022-03-23T08:00:00.0;0.29193487896266535
2022-03-23T09:00:00.0;0.0
2022-03-23T10:00:00.0;0.0
2022-03-23T11:00:00.0;0.0
2022-03-23T12:00:00.0;0.0
2022-03-23T13:00:00.0;0.0
2022-03-23T14:00:00.0;0.0
2022-03-23T15:00:00.0;0.0
2022-03-23T16:00:00.0;0.9192398701535159
2022-03-23T17:00:00.0;1.3622711019582154
2022-03-23T18:00:00.0;2.5406821776274295
2022-03-23T19:00:00.0;3.3080551403590848
2022-03-23T20:00:00.0;3.365204686549695
2022-03-23T21:00:00.0;2.795581886156248
2022-03-23T22:00:00.0;1.9580271959115725
2022-03-23T23:00:00.0;0.870264908778773
2022-03-24T00:00:00.0;0.0
2022-03-24T01:00:00.0;0.0
2022-03-24T02:00:00.0;0.0
2022-03-24T03:00:00.0;0.0
2022-03-24T04:00:00.0;0.0
2022-03-24T05:00:00.0;0.17217985022388965
2022-03-24T06:00:00.0;1.3413888730687231
2022-03-24T07:00:00.0;1.1254646978331149
2022-03-24T08:00:00.0;0.2830040087918065
2022-03-24T09:00:00.0;0.0
2022-03-24T10:00:00.0;0.0
2022-03-24T11:00:00.0;0.0
2022-03-24T12:00:00.0;0.0
2022-03-24T13:00:00.0;0.0
2022-03-24T14:00:00.0;0.0
2022-03-24T15:00:00.0;0.0
2022-03-24T16:00:00.0;0.8911184892298336
2022-03-24T17:00:00.0;1.3218487419979492
2022-03-24T18:00:00.0;2.500943433141717
2022-03-24T19:00:00.0;3.273963199601535
2022-03-24T20:00:00.0;3.3486983364526277
2022-03-24T21:00:00.0;2.796278017876547
2022-03-24T22:00:00.0;1.950495882059902
2022-03-24T23:00:00.0;0.8452079386862702
2022-03-25T00:00:00.0;0.0007193390001533627
2022-03-25T01:00:00.0;0.0006414046361401328
2022-03-25T02:00:00.0;0.0004853305259799786
2022-03-25T03:00:00.0;0.0003097994139503671
2022-03-25T04:00:00.0;0.0002437360441848977
2022-03-25T05:00:00.0;0.07636823284886095
2022-03-25T06:00:00.0;0.5895558805092038
2022-03-25T07:00:00.0;0.4948569691053428
2022-03-25T08:00:00.0;0.12477001570994696
2022-03-25T09:00:00.0;0.0
2022-03-25T10:00:00.0;0.0
2022-03-25T11:00:00.0;0.0
2022-03-25T12:00:00.0;0.0
2022-03-25T13:00:00.0;0.0
2022-03-25T14:00:00.0;0.0
2022-03-25T15:00:00.0;0.0
2022-03-25T16:00:00.0;0.39065773858784963
2022-03-25T17:00:00.0;0.597697244826205
2022-03-25T18:00:00.0;1.650142762390727
2022-03-25T19:00:00.0;2.4138841013623527
2022-03-25T20:00:00.0;2.7286672496979767
2022-03-25T21:00:00.0;2.4830212145790194
2022-03-25T22:00:00.0;1.6187276229605723
2022-03-25T23:00:00.0;0.3943781892002475
2022-03-26T00:00:00.0;0.016462902836688418
2022-03-26T01:00:00.0;0.014679285012386703
2022-03-26T02:00:00.0;0.011107348956728076
2022-03-26T03:00:00.0;0.0070901169679949885
2022-03-26T04:00:00.0;0.005578180541245895
2022-03-26T05:00:00.0;0.020282843379348117
2022-03-26T06:00:00.0;0.03441973814171986
2022-03-26T07:00:00.0;0.03350798723904802
2022-03-26T08:00:00.0;0.016107085407315792
2022-03-26T09:00:00.0;0.0
2022-03-26T10:00:00.0;0.0
2022-03-26T11:00:00.0;0.0
2022-03-26T12:00:00.0;0.0
2022-03-26T13:00:00.0;0.0
2022-03-26T14:00:00.0;0.0
2022-03-26T15:00:00.0;0.0
2022-03-26T16:00:00.0;0.0
2022-03-26T17:00:00.0;0.09978621466093546
2022-03-26T18:00:00.0;1.0273766021332265
2022-03-26T19:00:00.0;1.7301843580902847
2022-03-26T20:00:00.0;2.1994583269376
2022-03-26T21:00:00.0;2.1889192607957657
2022-03-26T22:00:00.0;1.330853376281573
2022-03-26T23:00:00.0;0.06289414902463125
2022-03-27T00:00:00.0;0.0
2022-03-27T01:00:00.0;0.0
2022-03-27T02:00:00.0;0.0
2022-03-27T03:00:00.0;0.0
2022-03-27T04:00:00.0;0.0
2022-03-27T05:00:00.0;0.05450719043540555
2022-03-27T06:00:00.0;0.4246451524799056
2022-03-27T07:00:00.0;0.3562897663887276
2022-03-27T08:00:00.0;0.08959093285967958
2022-03-27T09:00:00.0;0.0
2022-03-27T10:00:00.0;0.0
2022-03-27T11:00:00.0;0.0
2022-03-27T12:00:00.0;0.0
2022-03-27T13:00:00.0;0.0
2022-03-27T14:00:00.0;0.0
2022-03-27T15:00:00.0;0.0
2022-03-27T16:00:00.0;0.2821024941641057
2022-03-27T17:00:00.0;0.44115895968723495
2022-03-27T18:00:00.0;1.4803097528809284
2022-03-27T19:00:00.0;2.2529361794250566
2022-03-27T20:00:00.0;2.627068349633247
2022-03-27T21:00:00.0;2.448138017217797
2022-03-27T22:00:00.0;1.5667773608019298
2022-03-27T23:00:00.0;0.2959590804230236
2022-03-28T00:00:00.0;0.0
2022-03-28T01:00:00.0;0.0
2022-03-28T02:00:00.0;0.0
2022-03-28T03:00:00.0;0.0
2022-03-28T04:00:00.0;0.0
2022-03-28T05:00:00.0;0.14030776081669064
2022-03-28T06:00:00.0;1.093085334433536
2022-03-28T07:00:00.0;0.9171307294428563
2022-03-28T08:00:00.0;0.2306173383476206
2022-03-28T09:00:00.0;0.0
2022-03-28T10:00:00.0;0.0
2022-03-28T11:00:00.0;0.0
2022-03-28T12:00:00.0;0.0
2022-03-28T13:00:00.0;0.0
2022-03-28T14:00:00.0;0.0
2022-03-28T15:00:00.0;0.0
2022-03-28T16:00:00.0;0.7261641805566073
2022-03-28T17:00:00.0;1.0840433711662296
2022-03-28T18:00:00.0;2.246730670562642
2022-03-28T19:00:00.0;3.0366866246469515
2022-03-28T20:00:00.0;3.203829041688214
2022-03-28T21:00:00.0;2.75243916687387
2022-03-28T22:00:00.0;1.8772110519390632
2022-03-28T23:00:00.0;0.6973583294283845
2022-03-29T00:00:00.0;0.055339087883211596
2022-03-29T01:00:00.0;0.04934356057504278
2022-03-29T02:00:00.0;0.03733670581448425
2022-03-29T03:00:00.0;0.023833014741466423
2022-03-29T04:00:00.0;0.018750728608595855
2022-03-29T05:00:00.0;0.0859376925630082
2022-03-29T06:00:00.0;0.2540466428610895
2022-03-29T07:00:00.0;0.22871209366518358
2022-03-29T08:00:00.0;0.08333118664009048
2022-03-29T09:00:00.0;0.0
2022-03-29T10:00:00.0;0.0
2022-03-29T11:00:00.0;0.0
2022-03-29T12:00:00.0;0.0
2022-03-29T13:00:00.0;0.0
2022-03-29T14:00:00.0;0.0
2022-03-29T15:00:00.0;0.0
2022-03-29T16:00:00.0;0.09190720525827731
2022-03-29T17:00:00.0;0.23520013230577244
2022-03-29T18:00:00.0;1.201812701833734
2022-03-29T19:00:00.0;1.9316110350233127
2022-03-29T20:00:00.0;2.371794244961529
2022-03-29T21:00:00.0;2.293264096112028
2022-03-29T22:00:00.0;1.4233371627448868
2022-03-29T23:00:00.0;0.2013482569105282
2022-03-30T00:00:00.0;0.020500673930418146
2022-03-30T01:00:00.0;0.01827959738060073
2022-03-30T02:00:00.0;0.013831591029365325
2022-03-30T03:00:00.0;0.008829073312967959
2022-03-30T04:00:00.0;0.006946312052953159
2022-03-30T05:00:00.0;0.10190928996032439
2022-03-30T06:00:00.0;0.6400270518656713
2022-03-30T07:00:00.0;0.542765612279829
2022-03-30T08:00:00.0;0.14604654879495804
2022-03-30T09:00:00.0;0.0
2022-03-30T10:00:00.0;0.0
2022-03-30T11:00:00.0;0.0
2022-03-30T12:00:00.0;0.0
2022-03-30T13:00:00.0;0.0
2022-03-30T14:00:00.0;0.0
2022-03-30T15:00:00.0;0.0
2022-03-30T16:00:00.0;0.39671202459094473
2022-03-30T17:00:00.0;0.6048043258264303
2022-03-30T18:00:00.0;1.6464756249934356
2022-03-30T19:00:00.0;2.4082971829249606
2022-03-30T20:00:00.0;2.7178047382610364
2022-03-30T21:00:00.0;2.462659513107927
2022-03-30T22:00:00.0;1.6096546405517618
2022-03-30T23:00:00.0;0.4272005513166556
2022-03-31T00:00:00.0;0.06788005903537252
2022-03-31T01:00:00.0;0.06052582239732787
2022-03-31T02:00:00.0;0.045797968340609424
2022-03-31T03:00:00.0;0.02923406419447758
2022-03-31T04:00:00.0;0.023000027893373878
2022-03-31T05:00:00.0;0.08363048847783361
2022-03-31T06:00:00.0;0.1419199202120777
2022-03-31T07:00:00.0;0.1381605768135979
2022-03-31T08:00:00.0;0.06641294789760875
2022-03-31T09:00:00.0;0.0
2022-03-31T10:00:00.0;0.0
2022-03-31T11:00:00.0;0.0
2022-03-31T12:00:00.0;0.0
2022-03-31T13:00:00.0;0.0
2022-03-31T14:00:00.0;0.0
2022-03-31T15:00:00.0;0.0
2022-03-31T16:00:00.0;0.0
2022-03-31T17:00:00.0;0.0
2022-03-31T18:00:00.0;0.12413907126400747
2022-03-31T19:00:00.0;0.30888549279341326
2022-03-31T20:00:00.0;0.6026592361917475
2022-03-31T21:00:00.0;0.5833740012283513
2022-03-31T22:00:00.0;0.3758282477861134
2022-03-31T23:00:00.0;0.16220703430353767
2022-04-01T00:00:00.0;0.0
2022-04-01T01:00:00.0;0.0
2022-04-01T02:00:00.0;0.0
2022-04-01T03:00:00.0;0.0
2022-04-01T04:00:00.0;0.0
2022-04-01T05:00:00.0;0.0
2022-04-01T06:00:00.0;0.0
2022-04-01T07:00:00.0;0.0
2022-04-01T08:00:00.0;0.0
2022-04-01T09:00:00.0;0.0
2022-04-01T10:00:00.0;0.0
2022-04-01T11:00:00.0;0.0
2022-04-01T12:00:00.0;0.0
2022-04-01T13:00:00.0;0.0
2022-04-01T14:00:00.0;0.0
2022-04-01T15:00:00.0;0.0
2022-04-01T16:00:00.0;0.0
2022-04-01T17:00:00.0;0.0
2022-04-01T18:00:00.0;0.0
2022-04-01T19:00:00.0;0.12112794740574037
2022-04-01T20:00:00.0;0.5550624531956847
2022-04-01T21:00:00.0;0.5582598926427466
2022-04-01T22:00:00.0;0.3715977714643241
2022-04-01T23:00:00.0;0.12397399200776074
2022-04-02T00:00:00.0;0.0
2022-04-02T01:00:00.0;0.0
2022-04-02T02:00:00.0;0.0
2022-04-02T03:00:00.0;0.0
2022-04-02T04:00:00.0;0.0
2022-04-02T05:00:00.0;0.0
2022-04-02T06:00:00.0;0.0
2022-04-02T07:00:00.0;0.0
2022-04-02T08:00:00.0;0.0
2022-04-02T09:00:00.0;0.0
2022-04-02T10:00:00.0;0.0
2022-04-02T11:00:00.0;0.0
2022-04-02T12:00:00.0;0.0
2022-04-02T13:00:00.0;0.0
2022-04-02T14:00:00.0;0.0
2022-04-02T15:00:00.0;0.0
2022-04-02T16:00:00.0;0.0
2022-04-02T17:00:00.0;0.009596705045148302
2022-04-02T18:00:00.0;0.054299642234061064
2022-04-02T19:00:00.0;0.2938126271596035
2022-04-02T20:00:00.0;1.0553034742379677
2022-04-02T21:00:00.0;1.0338003541951455
2022-04-02T22:00:00.0;0.6881345280589293
2022-04-02T23:00:00.0;0.22957829952979772
2022-04-03T00:00:00.0;0.028972199019919768
2022-04-03T01:00:00.0;0.025833303583691812
2022-04-03T02:00:00.0;0.0195472407114538
2022-04-03T03:00:00.0;0.012477524887863658
2022-04-03T04:00:00.0;0.009816747290147332
2022-04-03T05:00:00.0;0.03569471197793583
2022-04-03T06:00:00.0;0.060573491415686784
2022-04-03T07:00:00.0;0.05896894883465836
2022-04-03T08:00:00.0;0.028346014592981025
2022-04-03T09:00:00.0;0.0
2022-04-03T10:00:00.0;0.0
2022-04-03T11:00:00.0;0.0
2022-04-03T12:00:00.0;0.0
2022-04-03T13:00:00.0;0.0
2022-04-03T14:00:00.0;0.0
2022-04-03T15:00:00.0;0.0
2022-04-03T16:00:00.0;0.0
2022-04-03T17:00:00.0;0.10665553993065331
2022-04-03T18:00:00.0;1.0627164903775208
2022-04-03T19:00:00.0;1.789212903960351
2022-04-03T20:00:00.0;2.273908733463588
2022-04-03T21:00:00.0;2.2594886384027273
2022-04-03T22:00:00.0;1.374717310912047
2022-04-03T23:00:00.0;0.08175299597245166
2022-04-04T00:00:00.0;0.0
2022-04-04T01:00:00.0;0.0
2022-04-04T02:00:00.0;0.0
2022-04-04T03:00:00.0;0.0
2022-04-04T04:00:00.0;0.0
2022-04-04T05:00:00.0;0.0
2022-04-04T06:00:00.0;0.0
2022-04-04T07:00:00.0;0.0
2022-04-04T08:00:00.0;0.0
2022-04-04T09:00:00.0;0.0
2022-04-04T10:00:00.0;0.0
2022-04-04T11:00:00.0;0.0
2022-04-04T12:00:00.0;0.0
2022-04-04T13:00:00.0;0.0
2022-04-04T14:00:00.0;0.0
2022-04-04T15:00:00.0;0.0
2022-04-04T16:00:00.0;0.0
2022-04-04T17:00:00.0;0.0
2022-04-04T18:00:00.0;0.0
2022-04-04T19:00:00.0;0.09200306891007005
2022-04-04T20:00:00.0;0.42159922812606815
2022-04-04T21:00:00.0;0.4240278521396363
2022-04-04T22:00:00.0;0.28224811950574225
2022-04-04T23:00:00.0;0.09416478999301481
2022-04-05T00:00:00.0;0.07077479583331718
2022-04-05T01:00:00.0;0.06310693867520424
2022-04-05T02:00:00.0;0.047751017087334625
2022-04-05T03:00:00.0;0.030480747279021343
2022-04-05T04:00:00.0;0.02398086126392249
2022-04-05T05:00:00.0;0.087196900408924
2022-04-05T06:00:00.0;0.14797207781531715
2022-04-05T07:00:00.0;0.14405241767836754
2022-04-05T08:00:00.0;0.06924511992089778
2022-04-05T09:00:00.0;0.0
2022-04-05T10:00:00.0;0.0
2022-04-05T11:00:00.0;0.0
2022-04-05T12:00:00.0;0.0
2022-04-05T13:00:00.0;0.0
2022-04-05T14:00:00.0;0.0
2022-04-05T15:00:00.0;0.0
2022-04-05T16:00:00.0;0.0
2022-04-05T17:00:00.0;0.01231179586136703
2022-04-05T18:00:00.0;0.5029053566705941
2022-04-05T19:00:00.0;0.9547156598838945
2022-04-05T20:00:00.0;1.3538722688476101
2022-04-05T21:00:00.0;1.3308515495487847
2022-04-05T22:00:00.0;0.8234725628683378
2022-04-05T23:00:00.0;0.15674321317921935
2022-04-06T00:00:00.0;0.0
2022-04-06T01:00:00.0;0.0
2022-04-06T02:00:00.0;0.0
2022-04-06T03:00:00.0;0.0
2022-04-06T04:00:00.0;0.0
2022-04-06T05:00:00.0;0.0
2022-04-06T06:00:00.0;0.0
2022-04-06T07:00:00.0;0.0
2022-04-06T08:00:00.0;0.0
2022-04-06T09:00:00.0;0.0
2022-04-06T10:00:00.0;0.0
2022-04-06T11:00:00.0;0.0
2022-04-06T12:00:00.0;0.0
2022-04-06T13:00:00.0;0.0
2022-04-06T14:00:00.0;0.0
2022-04-06T15:00:00.0;0.0
2022-04-06T16:00:00.0;0.0
2022-04-06T17:00:00.0;0.0
2022-04-06T18:00:00.0;0.0
2022-04-06T19:00:00.0;0.08613234484298839
2022-04-06T20:00:00.0;0.39469694362029706
2022-04-06T21:00:00.0;0.3969705969180483
2022-04-06T22:00:00.0;0.2642378417215243
2022-04-06T23:00:00.0;0.08815612631002351
2022-04-07T00:00:00.0;0.0
2022-04-07T01:00:00.0;0.0
2022-04-07T02:00:00.0;0.0
2022-04-07T03:00:00.0;0.0
2022-04-07T04:00:00.0;0.0
2022-04-07T05:00:00.0;0.0
2022-04-07T06:00:00.0;0.0
2022-04-07T07:00:00.0;0.0
2022-04-07T08:00:00.0;0.0
2022-04-07T09:00:00.0;0.0
2022-04-07T10:00:00.0;0.0
2022-04-07T11:00:00.0;0.0
2022-04-07T12:00:00.0;0.0
2022-04-07T13:00:00.0;0.0
2022-04-07T14:00:00.0;0.0
2022-04-07T15:00:00.0;0.0
2022-04-07T16:00:00.0;0.0
2022-04-07T17:00:00.0;0.0
2022-04-07T18:00:00.0;0.0
2022-04-07T19:00:00.0;0.13465340276765297
2022-04-07T20:00:00.0;0.6170421415711863
2022-04-07T21:00:00.0;0.6205966152571657
2022-04-07T22:00:00.0;0.4130913258270617
2022-04-07T23:00:00.0;0.1378172439644897
2022-04-08T00:00:00.0;0.0253416656653319
2022-04-08T01:00:00.0;0.022596108151777816
2022-04-08T02:00:00.0;0.017097757696916387
2022-04-08T03:00:00.0;0.010913954574925269
2022-04-08T04:00:00.0;0.008586601506393197
2022-04-08T05:00:00.0;0.03122177423754535
2022-04-08T06:00:00.0;0.05298297055680095
2022-04-08T07:00:00.0;0.05157949470720272
2022-04-08T08:00:00.0;0.02479394899455352
2022-04-08T09:00:00.0;0.0
2022-04-08T10:00:00.0;0.0
2022-04-08T11:00:00.0;0.0
2022-04-08T12:00:00.0;0.0
2022-04-08T13:00:00.0;0.0
2022-04-08T14:00:00.0;0.0
2022-04-08T15:00:00.0;0.0
2022-04-08T16:00:00.0;0.0
2022-04-08T17:00:00.0;0.016655096494624426
2022-04-08T18:00:00.0;0.55156916539696
2022-04-08T19:00:00.0;1.0958224169756123
2022-04-08T20:00:00.0;1.7777046175766615
2022-04-08T21:00:00.0;1.7698548666635825
2022-04-08T22:00:00.0;1.1066293130283584
2022-04-08T23:00:00.0;0.17139916582986506
2022-04-09T00:00:00.0;0.0
2022-04-09T01:00:00.0;0.0
2022-04-09T02:00:00.0;0.0
2022-04-09T03:00:00.0;0.0
2022-04-09T04:00:00.0;0.0
2022-04-09T05:00:00.0;0.0
2022-04-09T06:00:00.0;0.0
2022-04-09T07:00:00.0;0.0
2022-04-09T08:00:00.0;0.0
2022-04-09T09:00:00.0;0.0
2022-04-09T10:00:00.0;0.0
2022-04-09T11:00:00.0;0.0
2022-04-09T12:00:00.0;0.0
2022-04-09T13:00:00.0;0.0
2022-04-09T14:00:00.0;0.0
2022-04-09T15:00:00.0;0.0
2022-04-09T16:00:00.0;0.0
2022-04-09T17:00:00.0;0.0
2022-04-09T18:00:00.0;0.0
2022-04-09T19:00:00.0;0.24635562425665744
2022-04-09T20:00:00.0;1.1289117011155945
2022-04-09T21:00:00.0;1.1354148014146954
2022-04-09T22:00:00.0;0.7557727421470188
2022-04-09T23:00:00.0;0.2521440414601986
2022-04-10T00:00:00.0;0.0
2022-04-10T01:00:00.0;0.0
2022-04-10T02:00:00.0;0.0
2022-04-10T03:00:00.0;0.0
2022-04-10T04:00:00.0;0.0
2022-04-10T05:00:00.0;0.026652785039323112
2022-04-10T06:00:00.0;0.20764188865045288
2022-04-10T07:00:00.0;0.17421764870678666
2022-04-10T08:00:00.0;0.04380794269356479
2022-04-10T09:00:00.0;0.0
2022-04-10T10:00:00.0;0.0
2022-04-10T11:00:00.0;0.0
2022-04-10T12:00:00.0;0.0
2022-04-10T13:00:00.0;0.0
2022-04-10T14:00:00.0;0.0
2022-04-10T15:00:00.0;0.0
2022-04-10T16:00:00.0;0.1379417481611547
2022-04-10T17:00:00.0;0.23311843119422596
2022-04-10T18:00:00.0;1.2834960259730988
2022-04-10T19:00:00.0;2.058133778887729
2022-04-10T20:00:00.0;2.387365454758749
2022-04-10T21:00:00.0;2.2217316644404126
2022-04-10T22:00:00.0;1.3910910580760012
2022-04-10T23:00:00.0;0.17245907374213632
2022-04-11T00:00:00.0;0.053304799528728644
2022-04-11T01:00:00.0;0.047529670348691835
2022-04-11T02:00:00.0;0.03596419266440388
2022-04-11T03:00:00.0;0.02295690300570552
2022-04-11T04:00:00.0;0.018061443867816655
2022-04-11T05:00:00.0;0.06567328441004362
2022-04-11T06:00:00.0;0.11144676365257451
2022-04-11T07:00:00.0;0.10849462941663947
2022-04-11T08:00:00.0;0.05215270764495302
2022-04-11T09:00:00.0;0.0
2022-04-11T10:00:00.0;0.0
2022-04-11T11:00:00.0;0.0
2022-04-11T12:00:00.0;0.0
2022-04-11T13:00:00.0;0.0
2022-04-11T14:00:00.0;0.0
2022-04-11T15:00:00.0;0.0
2022-04-11T16:00:00.0;0.0
2022-04-11T17:00:00.0;0.03222838211927381
2022-04-11T18:00:00.0;1.0751162615568655
2022-04-11T19:00:00.0;1.9227209547337072
2022-04-11T20:00:00.0;2.48268063056435
2022-04-11T21:00:00.0;2.4605460142946627
2022-04-11T22:00:00.0;1.4987845304418574
2022-04-11T23:00:00.0;0.11959522331817371
2022-04-12T00:00:00.0;0.009064323873043938
2022-04-12T01:00:00.0;0.008082280196689664
2022-04-12T02:00:00.0;0.006115604842806223
2022-04-12T03:00:00.0;0.003903753617038202
2022-04-12T04:00:00.0;0.0030712952357031084
2022-04-12T05:00:00.0;0.011167548231343302
2022-04-12T06:00:00.0;0.01895119331243474
2022-04-12T07:00:00.0;0.018449191596495548
2022-04-12T08:00:00.0;0.00886841404769286
2022-04-12T09:00:00.0;0.0
2022-04-12T10:00:00.0;0.0
2022-04-12T11:00:00.0;0.0
2022-04-12T12:00:00.0;0.0
2022-04-12T13:00:00.0;0.0
2022-04-12T14:00:00.0;0.0
2022-04-12T15:00:00.0;0.0
2022-04-12T16:00:00.0;0.0
2022-04-12T17:00:00.0;0.012745975728882628
2022-04-12T18:00:00.0;0.45230562010151
2022-04-12T19:00:00.0;0.9353846040044778
2022-04-12T20:00:00.0;1.627886795056725
2022-04-12T21:00:00.0;1.5969062027313732
2022-04-12T22:00:00.0;1.010178471462032
2022-04-12T23:00:00.0;0.18004310141226393
2022-04-13T00:00:00.0;0.009332738709433231
2022-04-13T01:00:00.0;0.008321614530615924
2022-04-13T02:00:00.0;0.006296701535322369
2022-04-13T03:00:00.0;0.004019352464023084
2022-04-13T04:00:00.0;0.0031622431342712585
2022-04-13T05:00:00.0;0.07439539364161941
2022-04-13T06:00:00.0;0.5095205681070625
2022-04-13T07:00:00.0;0.4301267877398435
2022-04-13T08:00:00.0;0.11251214562694964
2022-04-13T09:00:00.0;0.0
2022-04-13T10:00:00.0;0.0
2022-04-13T11:00:00.0;0.0
2022-04-13T12:00:00.0;0.0
2022-04-13T13:00:00.0;0.0
2022-04-13T14:00:00.0;0.0
2022-04-13T15:00:00.0;0.0
2022-04-13T16:00:00.0;0.3255248084375316
2022-04-13T17:00:00.0;0.5064022361504675
2022-04-13T18:00:00.0;1.6444932988083758
2022-04-13T19:00:00.0;2.4913196656277163
2022-04-13T20:00:00.0;2.892864627841181
2022-04-13T21:00:00.0;2.683998855065255
2022-04-13T22:00:00.0;1.723066301423686
2022-04-13T23:00:00.0;0.352067122231835
2022-04-14T00:00:00.0;0.0
2022-04-14T01:00:00.0;0.0
2022-04-14T02:00:00.0;0.0
2022-04-14T03:00:00.0;0.0
2022-04-14T04:00:00.0;0.0
2022-04-14T05:00:00.0;0.0635534209199384
2022-04-14T06:00:00.0;0.4951209537968927
2022-04-14T07:00:00.0;0.4154210354981187
2022-04-14T08:00:00.0;0.10445980101265134
2022-04-14T09:00:00.0;0.0
2022-04-14T10:00:00.0;0.0
2022-04-14T11:00:00.0;0.0
2022-04-14T12:00:00.0;0.0
2022-04-14T13:00:00.0;0.0
2022-04-14T14:00:00.0;0.0
2022-04-14T15:00:00.0;0.0
2022-04-14T16:00:00.0;0.32892134800861494
2022-04-14T17:00:00.0;0.512727060740747
2022-04-14T18:00:00.0;1.6759845139222889
2022-04-14T19:00:00.0;2.5385034227448062
2022-04-14T20:00:00.0;2.94927748630049
2022-04-14T21:00:00.0;2.7409452606782048
2022-04-14T22:00:00.0;1.7578694791317475
2022-04-14T23:00:00.0;0.3430159710061269
2022-04-15T00:00:00.0;0.01710035000819199
2022-04-15T01:00:00.0;0.015247670114556385
2022-04-15T02:00:00.0;0.011537427919448465
2022-04-15T03:00:00.0;0.0073646478360753
2022-04-15T04:00:00.0;0.005794168902680501
2022-04-15T05:00:00.0;0.033967250800786275
2022-04-15T06:00:00.0;0.13624416662406472
2022-04-15T07:00:00.0;0.11912090483290724
2022-04-15T08:00:00.0;0.03793232575532963
2022-04-15T09:00:00.0;0.0
2022-04-15T10:00:00.0;0.0
2022-04-15T11:00:00.0;0.0
2022-04-15T12:00:00.0;0.0
2022-04-15T13:00:00.0;0.0
2022-04-15T14:00:00.0;0.0
2022-04-15T15:00:00.0;0.0
2022-04-15T16:00:00.0;0.06675916556104504
2022-04-15T17:00:00.0;0.18574741437692555
2022-04-15T18:00:00.0;1.2633138079131778
2022-04-15T19:00:00.0;2.0816813962101874
2022-04-15T20:00:00.0;2.594019308771139
2022-04-15T21:00:00.0;2.5415357002675467
2022-04-15T22:00:00.0;1.563964353998535
2022-04-15T23:00:00.0;0.12970952928471996
2022-04-16T00:00:00.0;0.0
2022-04-16T01:00:00.0;0.0
2022-04-16T02:00:00.0;0.0
2022-04-16T03:00:00.0;0.0
2022-04-16T04:00:00.0;0.0
2022-04-16T05:00:00.0;0.0
2022-04-16T06:00:00.0;0.0
2022-04-16T07:00:00.0;0.0
2022-04-16T08:00:00.0;0.0
2022-04-16T09:00:00.0;0.0
2022-04-16T10:00:00.0;0.0
2022-04-16T11:00:00.0;0.0
2022-04-16T12:00:00.0;0.0
2022-04-16T13:00:00.0;0.0
2022-04-16T14:00:00.0;0.0
2022-04-16T15:00:00.0;0.0
2022-04-16T16:00:00.0;0.0
2022-04-16T17:00:00.0;0.03616489578538381
2022-04-16T18:00:00.0;1.0970446726481802
2022-04-16T19:00:00.0;1.9381074550124409
2022-04-16T20:00:00.0;2.4964784128532553
2022-04-16T21:00:00.0;2.490026079518863
2022-04-16T22:00:00.0;1.5124271565172236
2022-04-16T23:00:00.0;0.04523158368123879
2022-04-17T00:00:00.0;0.0
2022-04-17T01:00:00.0;0.0
2022-04-17T02:00:00.0;0.0
2022-04-17T03:00:00.0;0.0
2022-04-17T04:00:00.0;0.0
2022-04-17T05:00:00.0;0.0
2022-04-17T06:00:00.0;0.0
2022-04-17T07:00:00.0;0.0
2022-04-17T08:00:00.0;0.0
2022-04-17T09:00:00.0;0.0
2022-04-17T10:00:00.0;0.0
2022-04-17T11:00:00.0;0.0
2022-04-17T12:00:00.0;0.0
2022-04-17T13:00:00.0;0.0
2022-04-17T14:00:00.0;0.0
2022-04-17T15:00:00.0;0.0
2022-04-17T16:00:00.0;0.0
2022-04-17T17:00:00.0;0.03720007193748028
2022-04-17T18:00:00.0;1.128446241994575
2022-04-17T19:00:00.0;1.993583423463596
2022-04-17T20:00:00.0;2.567937070788993
2022-04-17T21:00:00.0;2.5613000472613043
2022-04-17T22:00:00.0;1.5557185442071189
2022-04-17T23:00:00.0;0.04652628274594059
2022-04-18T00:00:00.0;0.0
2022-04-18T01:00:00.0;0.0
2022-04-18T02:00:00.0;0.0
2022-04-18T03:00:00.0;0.0
2022-04-18T04:00:00.0;0.0
2022-04-18T05:00:00.0;0.0
2022-04-18T06:00:00.0;0.0
2022-04-18T07:00:00.0;0.0
2022-04-18T08:00:00.0;0.0
2022-04-18T09:00:00.0;0.0
2022-04-18T10:00:00.0;0.0
2022-04-18T11:00:00.0;0.0
2022-04-18T12:00:00.0;0.0
2022-04-18T13:00:00.0;0.0
2022-04-18T14:00:00.0;0.0
2022-04-18T15:00:00.0;0.0
2022-04-18T16:00:00.0;0.0
2022-04-18T17:00:00.0;0.03300121282096552
2022-04-18T18:00:00.0;1.1313708009041379
2022-04-18T19:00:00.0;1.9594133069966917
2022-04-18T20:00:00.0;2.357203491646964
2022-04-18T21:00:00.0;2.2722001210125793
2022-04-18T22:00:00.0;1.3801209538838137
2022-04-18T23:00:00.0;0.04127475240498694
2022-04-19T00:00:00.0;0.00638123822241306
2022-04-19T01:00:00.0;0.005689884434595845
2022-04-19T02:00:00.0;0.004305354919206373
2022-04-19T03:00:00.0;0.0027482228284018704
2022-04-19T04:00:00.0;0.002162176332717718
2022-04-19T05:00:00.0;0.00786189754719765
2022-04-19T06:00:00.0;0.013341544368828524
2022-04-19T07:00:00.0;0.01298813769643517
2022-04-19T08:00:00.0;0.006243318694913128
2022-04-19T09:00:00.0;0.0
2022-04-19T10:00:00.0;0.0
2022-04-19T11:00:00.0;0.0
2022-04-19T12:00:00.0;0.0
2022-04-19T13:00:00.0;0.0
2022-04-19T14:00:00.0;0.0
2022-04-19T15:00:00.0;0.0
2022-04-19T16:00:00.0;0.0
2022-04-19T17:00:00.0;0.037068722842844036
2022-04-19T18:00:00.0;1.1361318408291363
2022-04-19T19:00:00.0;2.0099569930395296
2022-04-19T20:00:00.0;2.589748742060238
2022-04-19T21:00:00.0;2.58117371395558
2022-04-19T22:00:00.0;1.5683000724290939
2022-04-19T23:00:00.0;0.05585363655100779
2022-04-20T00:00:00.0;0.0
2022-04-20T01:00:00.0;0.0
2022-04-20T02:00:00.0;0.0
2022-04-20T03:00:00.0;0.0
2022-04-20T04:00:00.0;0.0
2022-04-20T05:00:00.0;0.0
2022-04-20T06:00:00.0;0.0
2022-04-20T07:00:00.0;0.0
2022-04-20T08:00:00.0;0.0
2022-04-20T09:00:00.0;0.0
2022-04-20T10:00:00.0;0.0
2022-04-20T11:00:00.0;0.0
2022-04-20T12:00:00.0;0.0
2022-04-20T13:00:00.0;0.0
2022-04-20T14:00:00.0;0.0
2022-04-20T15:00:00.0;0.0
2022-04-20T16:00:00.0;0.0
2022-04-20T17:00:00.0;0.007675513455225861
2022-04-20T18:00:00.0;0.23283299904594465
2022-04-20T19:00:00.0;0.6282840126232847
2022-04-20T20:00:00.0;1.5239910194545758
2022-04-20T21:00:00.0;1.5283483860789973
2022-04-20T22:00:00.0;0.9865441454480056
2022-04-20T23:00:00.0;0.23164394971379745
2022-04-21T00:00:00.0;0.0
2022-04-21T01:00:00.0;0.0
2022-04-21T02:00:00.0;0.0
2022-04-21T03:00:00.0;0.0
2022-04-21T04:00:00.0;0.0
2022-04-21T05:00:00.0;0.0
2022-04-21T06:00:00.0;0.0
2022-04-21T07:00:00.0;0.0
2022-04-21T08:00:00.0;0.0
2022-04-21T09:00:00.0;0.0
2022-04-21T10:00:00.0;0.0
2022-04-21T11:00:00.0;0.0
2022-04-21T12:00:00.0;0.0
2022-04-21T13:00:00.0;0.0
2022-04-21T14:00:00.0;0.0
2022-04-21T15:00:00.0;0.0
2022-04-21T16:00:00.0;0.0
2022-04-21T17:00:00.0;0.017978603724781425
2022-04-21T18:00:00.0;0.5453722735707552
2022-04-21T19:00:00.0;1.0998855680144541
2022-04-21T20:00:00.0;1.8661025968217668
2022-04-21T21:00:00.0;1.8664954555703708
2022-04-21T22:00:00.0;1.1703109458436052
2022-04-21T23:00:00.0;0.16208765871576955
2022-04-22T00:00:00.0;0.0
2022-04-22T01:00:00.0;0.0
2022-04-22T02:00:00.0;0.0
2022-04-22T03:00:00.0;0.0
2022-04-22T04:00:00.0;0.0
2022-04-22T05:00:00.0;0.0
2022-04-22T06:00:00.0;0.0
2022-04-22T07:00:00.0;0.0
2022-04-22T08:00:00.0;0.0
2022-04-22T09:00:00.0;0.0
2022-04-22T10:00:00.0;0.0
2022-04-22T11:00:00.0;0.0
2022-04-22T12:00:00.0;0.0
2022-04-22T13:00:00.0;0.0
2022-04-22T14:00:00.0;0.0
2022-04-22T15:00:00.0;0.0
2022-04-22T16:00:00.0;0.0
2022-04-22T17:00:00.0;0.0
2022-04-22T18:00:00.0;0.09996682011010403
2022-04-22T19:00:00.0;0.3332898320279761
2022-04-22T20:00:00.0;0.9169891562700146
2022-04-22T21:00:00.0;0.8612216485891189
2022-04-22T22:00:00.0;0.5732599629136298
2022-04-22T23:00:00.0;0.19125336995581713
2022-04-23T00:00:00.0;0.0
2022-04-23T01:00:00.0;0.0
2022-04-23T02:00:00.0;0.0
2022-04-23T03:00:00.0;0.0
2022-04-23T04:00:00.0;0.0
2022-04-23T05:00:00.0;0.0
2022-04-23T06:00:00.0;0.0
2022-04-23T07:00:00.0;0.0
2022-04-23T08:00:00.0;0.0
2022-04-23T09:00:00.0;0.0
2022-04-23T10:00:00.0;0.0
2022-04-23T11:00:00.0;0.0
2022-04-23T12:00:00.0;0.0
2022-04-23T13:00:00.0;0.0
2022-04-23T14:00:00.0;0.0
2022-04-23T15:00:00.0;0.0
2022-04-23T16:00:00.0;0.0
2022-04-23T17:00:00.0;0.0
2022-04-23T18:00:00.0;0.26564376913366333
2022-04-23T19:00:00.0;0.5579502609878785
2022-04-23T20:00:00.0;0.9350317150072966
2022-04-23T21:00:00.0;0.7781890791576447
2022-04-23T22:00:00.0;0.5179905119530217
2022-04-23T23:00:00.0;0.17281414615567767
2022-04-24T00:00:00.0;0.0
2022-04-24T01:00:00.0;0.0
2022-04-24T02:00:00.0;0.0
2022-04-24T03:00:00.0;0.0
2022-04-24T04:00:00.0;0.0
2022-04-24T05:00:00.0;0.0
2022-04-24T06:00:00.0;0.0
2022-04-24T07:00:00.0;0.0
2022-04-24T08:00:00.0;0.0
2022-04-24T09:00:00.0;0.0
2022-04-24T10:00:00.0;0.0
2022-04-24T11:00:00.0;0.0
2022-04-24T12:00:00.0;0.0
2022-04-24T13:00:00.0;0.0
2022-04-24T14:00:00.0;0.0
2022-04-24T15:00:00.0;0.0
2022-04-24T16:00:00.0;0.0
2022-04-24T17:00:00.0;0.0
2022-04-24T18:00:00.0;0.3330005964382671
2022-04-24T19:00:00.0;0.6286504309028946
2022-04-24T20:00:00.0;0.8478004243453154
2022-04-24T21:00:00.0;0.6493204170342843
2022-04-24T22:00:00.0;0.43221091666464106
2022-04-24T23:00:00.0;0.14419600127605575
2022-04-25T00:00:00.0;0.0271216600326591
2022-04-25T01:00:00.0;0.024183255017530374
2022-04-25T02:00:00.0;0.01829870134428172
2022-04-25T03:00:00.0;0.011680548922952212
2022-04-25T04:00:00.0;0.009189722963274078
2022-04-25T05:00:00.0;0.03341478644971496
2022-04-25T06:00:00.0;0.05670448556693646
2022-04-25T07:00:00.0;0.05520242980787387
2022-04-25T08:00:00.0;0.02653547183432796
2022-04-25T09:00:00.0;0.0
2022-04-25T10:00:00.0;0.0
2022-04-25T11:00:00.0;0.0
2022-04-25T12:00:00.0;0.0
2022-04-25T13:00:00.0;0.0
2022-04-25T14:00:00.0;0.0
2022-04-25T15:00:00.0;0.0
2022-04-25T16:00:00.0;0.0
2022-04-25T17:00:00.0;0.01670663520846565
2022-04-25T18:00:00.0;0.556387821631172
2022-04-25T19:00:00.0;1.0683093033282638
2022-04-25T20:00:00.0;1.621214664368925
2022-04-25T21:00:00.0;1.6118370180044361
2022-04-25T22:00:00.0;1.0009128766361077
2022-04-25T23:00:00.0;0.13644054803414027
2022-04-26T00:00:00.0;0.0
2022-04-26T01:00:00.0;0.0
2022-04-26T02:00:00.0;0.0
2022-04-26T03:00:00.0;0.0
2022-04-26T04:00:00.0;0.0
2022-04-26T05:00:00.0;0.0
2022-04-26T06:00:00.0;0.0
2022-04-26T07:00:00.0;0.0
2022-04-26T08:00:00.0;0.0
2022-04-26T09:00:00.0;0.0
2022-04-26T10:00:00.0;0.0
2022-04-26T11:00:00.0;0.0
2022-04-26T12:00:00.0;0.0
2022-04-26T13:00:00.0;0.0
2022-04-26T14:00:00.0;0.0
2022-04-26T15:00:00.0;0.0
2022-04-26T16:00:00.0;0.0
2022-04-26T17:00:00.0;0.0
2022-04-26T18:00:00.0;0.0
2022-04-26T19:00:00.0;0.2791209222827929
2022-04-26T20:00:00.0;1.2790569573639685
2022-04-26T21:00:00.0;1.28642497000285
2022-04-26T22:00:00.0;0.8562905168525724
2022-04-26T23:00:00.0;0.285679198974405
2022-04-27T00:00:00.0;0.0
2022-04-27T01:00:00.0;0.0
2022-04-27T02:00:00.0;0.0
2022-04-27T03:00:00.0;0.0
2022-04-27T04:00:00.0;0.0
2022-04-27T05:00:00.0;0.03291366183299541
2022-04-27T06:00:00.0;0.25641804019063447
2022-04-27T07:00:00.0;0.21514227374042535
2022-04-27T08:00:00.0;0.05409865457917085
2022-04-27T09:00:00.0;0.0
2022-04-27T10:00:00.0;0.0
2022-04-27T11:00:00.0;0.0
2022-04-27T12:00:00.0;0.0
2022-04-27T13:00:00.0;0.0
2022-04-27T14:00:00.0;0.0
2022-04-27T15:00:00.0;0.0
2022-04-27T16:00:00.0;0.17034497689190709
2022-04-27T17:00:00.0;0.2939009712465473
2022-04-27T18:00:00.0;1.4709905305954918
2022-04-27T19:00:00.0;2.368314211915041
2022-04-27T20:00:00.0;2.8806690025518327
2022-04-27T21:00:00.0;2.7692782667137235
2022-04-27T22:00:00.0;1.7302254107162762
2022-04-27T23:00:00.0;0.2021631672934355
2022-04-28T00:00:00.0;0.05837577004299239
2022-04-28T01:00:00.0;0.052051243622051456
2022-04-28T02:00:00.0;0.0393855236173925
2022-04-28T03:00:00.0;0.02514082976783515
2022-04-28T04:00:00.0;0.019779657801805208
2022-04-28T05:00:00.0;0.0719208885988316
2022-04-28T06:00:00.0;0.12204887185650354
2022-04-28T07:00:00.0;0.11881589638681604
2022-04-28T08:00:00.0;0.057114077822586665
2022-04-28T09:00:00.0;0.0
2022-04-28T10:00:00.0;0.0
2022-04-28T11:00:00.0;0.0
2022-04-28T12:00:00.0;0.0
2022-04-28T13:00:00.0;0.0
2022-04-28T14:00:00.0;0.0
2022-04-28T15:00:00.0;0.0
2022-04-28T16:00:00.0;0.0
2022-04-28T17:00:00.0;0.03569038847484257
2022-04-28T18:00:00.0;1.1894083470727848
2022-04-28T19:00:00.0;2.1268581372716637
2022-04-28T20:00:00.0;2.7462028102073677
2022-04-28T21:00:00.0;2.7218918282608717
2022-04-28T22:00:00.0;1.6579300198812046
2022-04-28T23:00:00.0;0.13146787261402476
2022-04-29T00:00:00.0;0.05585016990561034
2022-04-29T01:00:00.0;0.04979927113507712
2022-04-29T02:00:00.0;0.037681527528164185
2022-04-29T03:00:00.0;0.024053123634472286
2022-04-29T04:00:00.0;0.01892390024306435
2022-04-29T05:00:00.0;0.06880926530046531
2022-04-29T06:00:00.0;0.11676848502304348
2022-04-29T07:00:00.0;0.11367538271107848
2022-04-29T08:00:00.0;0.05464306420359819
2022-04-29T09:00:00.0;0.0
2022-04-29T10:00:00.0;0.0
2022-04-29T11:00:00.0;0.0
2022-04-29T12:00:00.0;0.0
2022-04-29T13:00:00.0;0.0
2022-04-29T14:00:00.0;0.0
2022-04-29T15:00:00.0;0.0
2022-04-29T16:00:00.0;0.0
2022-04-29T17:00:00.0;0.031816524768852925
2022-04-29T18:00:00.0;1.0672777415244847
2022-04-29T19:00:00.0;1.9099881002186008
2022-04-29T20:00:00.0;2.4665669644282975
2022-04-29T21:00:00.0;2.4437234437603355
2022-04-29T22:00:00.0;1.4887701825533848
2022-04-29T23:00:00.0;0.12286616690743296
2022-04-30T00:00:00.0;0.0
2022-04-30T01:00:00.0;0.0
2022-04-30T02:00:00.0;0.0
2022-04-30T03:00:00.0;0.0
2022-04-30T04:00:00.0;0.0
2022-04-30T05:00:00.0;0.010545145611135035
2022-04-30T06:00:00.0;0.08215328895496624
2022-04-30T07:00:00.0;0.06892902452528443
2022-04-30T08:00:00.0;0.017332565206462643
2022-04-30T09:00:00.0;0.0
2022-04-30T10:00:00.0;0.0
2022-04-30T11:00:00.0;0.0
2022-04-30T12:00:00.0;0.0
2022-04-30T13:00:00.0;0.0
2022-04-30T14:00:00.0;0.0
2022-04-30T15:00:00.0;0.0
2022-04-30T16:00:00.0;0.054576503658727474
2022-04-30T17:00:00.0;0.11747694137075573
2022-04-30T18:00:00.0;1.2609984629267383
2022-04-30T19:00:00.0;2.1576722130703336
2022-04-30T20:00:00.0;2.7261089520584236
2022-04-30T21:00:00.0;2.6857602415535755
2022-04-30T22:00:00.0;1.6467519109837034
2022-04-30T23:00:00.0;0.09744091208525618
2022-05-01T00:00:00.0;0.0
2022-05-01T01:00:00.0;0.0
2022-05-01T02:00:00.0;0.0
2022-05-01T03:00:00.0;0.0
2022-05-01T04:00:00.0;0.0
2022-05-01T05:00:00.0;0.032460017820728736
2022-05-01T06:00:00.0;0.25288386920838823
2022-05-01T07:00:00.0;0.21217700039092702
2022-05-01T08:00:00.0;0.053353021022927605
2022-05-01T09:00:00.0;0.0
2022-05-01T10:00:00.0;0.0
2022-05-01T11:00:00.0;0.0
2022-05-01T12:00:00.0;0.0
2022-05-01T13:00:00.0;0.0
2022-05-01T14:00:00.0;0.0
2022-05-01T15:00:00.0;0.0
2022-05-01T16:00:00.0;0.1679971378948724
2022-05-01T17:00:00.0;0.2824164453428506
2022-05-01T18:00:00.0;1.4790898232194771
2022-05-01T19:00:00.0;2.3973131397365988
2022-05-01T20:00:00.0;2.924249259069382
2022-05-01T21:00:00.0;2.8141785509853587
2022-05-01T22:00:00.0;1.7568334917054824
2022-05-01T23:00:00.0;0.2008857369130525
2022-05-02T00:00:00.0;0.0
2022-05-02T01:00:00.0;0.0
2022-05-02T02:00:00.0;0.0
2022-05-02T03:00:00.0;0.0
2022-05-02T04:00:00.0;0.0
2022-05-02T05:00:00.0;0.03015174988681028
2022-05-02T06:00:00.0;0.23490101628690307
2022-05-02T07:00:00.0;0.19708885814090574
2022-05-02T08:00:00.0;0.0495590284168528
2022-05-02T09:00:00.0;0.0
2022-05-02T10:00:00.0;0.0
2022-05-02T11:00:00.0;0.0
2022-05-02T12:00:00.0;0.0
2022-05-02T13:00:00.0;0.0
2022-05-02T14:00:00.0;0.0
2022-05-02T15:00:00.0;0.0
2022-05-02T16:00:00.0;0.15605067475568163
2022-05-02T17:00:00.0;0.2652443073680136
2022-05-02T18:00:00.0;1.4622080972656677
2022-05-02T19:00:00.0;2.3828302765120353
2022-05-02T20:00:00.0;2.9172370677572856
2022-05-02T21:00:00.0;2.8144742801303515
2022-05-02T22:00:00.0;1.7536340555340215
2022-05-02T23:00:00.0;0.19024109003734374
2022-05-03T00:00:00.0;0.03813599279202806
2022-05-03T01:00:00.0;0.034004276947862545
2022-05-03T02:00:00.0;0.025729956858418127
2022-05-03T03:00:00.0;0.016424117439575593
2022-05-03T04:00:00.0;0.012921746245109715
2022-05-03T05:00:00.0;0.04698481043044581
2022-05-03T06:00:00.0;0.07973265096061051
2022-05-03T07:00:00.0;0.0776205978070846
2022-05-03T08:00:00.0;0.03731174866834945
2022-05-03T09:00:00.0;0.0
2022-05-03T10:00:00.0;0.0
2022-05-03T11:00:00.0;0.0
2022-05-03T12:00:00.0;0.0
2022-05-03T13:00:00.0;0.0
2022-05-03T14:00:00.0;0.0
2022-05-03T15:00:00.0;0.0
2022-05-03T16:00:00.0;0.0
2022-05-03T17:00:00.0;0.036847441761476
2022-05-03T18:00:00.0;1.187492490127217
2022-05-03T19:00:00.0;2.1146061285352697
2022-05-03T20:00:00.0;2.7281345937989796
2022-05-03T21:00:00.0;2.709838397700022
2022-05-03T22:00:00.0;1.6489900318239814
2022-05-03T23:00:00.0;0.10280979172014756
2022-05-04T00:00:00.0;0.03594447979512843
2022-05-04T01:00:00.0;0.032050196054051565
2022-05-04T02:00:00.0;0.024251365880797703
2022-05-04T03:00:00.0;0.015480293398394216
2022-05-04T04:00:00.0;0.012179188551824316
2022-05-04T05:00:00.0;0.06414331853300001
2022-05-04T06:00:00.0;0.22986110237780707
2022-05-04T07:00:00.0;0.20296660211532058
2022-05-04T08:00:00.0;0.06780813495685993
2022-05-04T09:00:00.0;0.0
2022-05-04T10:00:00.0;0.0
2022-05-04T11:00:00.0;0.0
2022-05-04T12:00:00.0;0.0
2022-05-04T13:00:00.0;0.0
2022-05-04T14:00:00.0;0.0
2022-05-04T15:00:00.0;0.0
2022-05-04T16:00:00.0;0.10277798895370342
2022-05-04T17:00:00.0;0.18641301433449425
2022-05-04T18:00:00.0;1.3842333365195487
2022-05-04T19:00:00.0;2.3292348787811545
2022-05-04T20:00:00.0;2.904181604221797
2022-05-04T21:00:00.0;2.8233609221849787
2022-05-04T22:00:00.0;1.746838445288904
2022-05-04T23:00:00.0;0.19341702171103606
2022-05-05T00:00:00.0;0.07002737723581329
2022-05-05T01:00:00.0;0.062440496631224765
2022-05-05T02:00:00.0;0.04724674154968624
2022-05-05T03:00:00.0;0.030158854759037096
2022-05-05T04:00:00.0;0.02372761091566251
2022-05-05T05:00:00.0;0.09860755653049233
2022-05-05T06:00:00.0;0.24247952953735546
2022-05-05T07:00:00.0;0.22313679895063346
2022-05-05T08:00:00.0;0.08878256940061573
2022-05-05T09:00:00.0;0.0
2022-05-05T10:00:00.0;0.0
2022-05-05T11:00:00.0;0.0
2022-05-05T12:00:00.0;0.0
2022-05-05T13:00:00.0;0.0
2022-05-05T14:00:00.0;0.0
2022-05-05T15:00:00.0;0.0
2022-05-05T16:00:00.0;0.06382180164501151
2022-05-05T17:00:00.0;0.12827743669884076
2022-05-05T18:00:00.0;1.3266289748937599
2022-05-05T19:00:00.0;2.292426506471259
2022-05-05T20:00:00.0;2.898586160133302
2022-05-05T21:00:00.0;2.8315012206172328
2022-05-05T22:00:00.0;1.7434900438410792
2022-05-05T23:00:00.0;0.20672652169303485
2022-05-06T00:00:00.0;0.04125482837671938
2022-05-06T01:00:00.0;0.03678521278333558
2022-05-06T02:00:00.0;0.027834202720856554
2022-05-06T03:00:00.0;0.017767313674089395
2022-05-06T04:00:00.0;0.013978511758607086
2022-05-06T05:00:00.0;0.06552422434617045
2022-05-06T06:00:00.0;0.200751435688923
2022-05-06T07:00:00.0;0.18003582759689354
2022-05-06T08:00:00.0;0.06451979463628198
2022-05-06T09:00:00.0;0.0
2022-05-06T10:00:00.0;0.0
2022-05-06T11:00:00.0;0.0
2022-05-06T12:00:00.0;0.0
2022-05-06T13:00:00.0;0.0
2022-05-06T14:00:00.0;0.0
2022-05-06T15:00:00.0;0.0
2022-05-06T16:00:00.0;0.07606397388222226
2022-05-06T17:00:00.0;0.14767327549364348
2022-05-06T18:00:00.0;1.3458702438414964
2022-05-06T19:00:00.0;2.298092474658504
2022-05-06T20:00:00.0;2.8907028003258803
2022-05-06T21:00:00.0;2.8246521345633884
2022-05-06T22:00:00.0;1.740491382763499
2022-05-06T23:00:00.0;0.17708712616905567
2022-05-07T00:00:00.0;0.0004107458028646891
2022-05-07T01:00:00.0;0.0003662449306604317
2022-05-07T02:00:00.0;0.0002771259121302854
2022-05-07T03:00:00.0;0.00017689685806403417
2022-05-07T04:00:00.0;0.00013917437694111533
2022-05-07T05:00:00.0;0.000506052478768375
2022-05-07T06:00:00.0;0.000858764892052109
2022-05-07T07:00:00.0;0.0008360169076750182
2022-05-07T08:00:00.0;0.0004018682363048473
2022-05-07T09:00:00.0;0.0
2022-05-07T10:00:00.0;0.0
2022-05-07T11:00:00.0;0.0
2022-05-07T12:00:00.0;0.0
2022-05-07T13:00:00.0;0.0
2022-05-07T14:00:00.0;0.0
2022-05-07T15:00:00.0;0.0
2022-05-07T16:00:00.0;0.0
2022-05-07T17:00:00.0;0.04428584836904798
2022-05-07T18:00:00.0;1.2044928681464224
2022-05-07T19:00:00.0;2.1217784209080586
2022-05-07T20:00:00.0;2.730975011993646
2022-05-07T21:00:00.0;2.7237954885412248
2022-05-07T22:00:00.0;1.6544501689905626
2022-05-07T23:00:00.0;0.05005517275332727
2022-05-08T00:00:00.0;0.0
2022-05-08T01:00:00.0;0.0
2022-05-08T02:00:00.0;0.0
2022-05-08T03:00:00.0;0.0
2022-05-08T04:00:00.0;0.0
2022-05-08T05:00:00.0;0.0
2022-05-08T06:00:00.0;0.0
2022-05-08T07:00:00.0;0.0
2022-05-08T08:00:00.0;0.0
2022-05-08T09:00:00.0;0.0
2022-05-08T10:00:00.0;0.0
2022-05-08T11:00:00.0;0.0
2022-05-08T12:00:00.0;0.0
2022-05-08T13:00:00.0;0.0
2022-05-08T14:00:00.0;0.0
2022-05-08T15:00:00.0;0.0
2022-05-08T16:00:00.0;0.0
2022-05-08T17:00:00.0;0.02175690258154748
2022-05-08T18:00:00.0;0.6599851472559356
2022-05-08T19:00:00.0;1.2967330408646223
2022-05-08T20:00:00.0;2.1010991689795424
2022-05-08T21:00:00.0;2.1006691831450737
2022-05-08T22:00:00.0;1.3110341631267353
2022-05-08T23:00:00.0;0.16104602785206315
2022-05-09T00:00:00.0;0.004250661071793969
2022-05-09T01:00:00.0;0.0037901374977969663
2022-05-09T02:00:00.0;0.0028678767219580217
2022-05-09T03:00:00.0;0.0018306421710245914
2022-05-09T04:00:00.0;0.0014402657364454262
2022-05-09T05:00:00.0;0.019255680527095607
2022-05-09T06:00:00.0;0.1181016966781981
2022-05-09T07:00:00.0;0.10028593845613137
2022-05-09T08:00:00.0;0.02720071607329366
2022-05-09T09:00:00.0;0.0
2022-05-09T10:00:00.0;0.0
2022-05-09T11:00:00.0;0.0
2022-05-09T12:00:00.0;0.0
2022-05-09T13:00:00.0;0.0
2022-05-09T14:00:00.0;0.0
2022-05-09T15:00:00.0;0.0
2022-05-09T16:00:00.0;0.07255404669282099
2022-05-09T17:00:00.0;0.1449574478680094
2022-05-09T18:00:00.0;1.3438991402610851
2022-05-09T19:00:00.0;2.282905533196272
2022-05-09T20:00:00.0;2.8703811288452323
2022-05-09T21:00:00.0;2.8174361523698463
2022-05-09T22:00:00.0;1.7321560093334505
2022-05-09T23:00:00.0;0.12183206721458027
2022-05-10T00:00:00.0;0.0
2022-05-10T01:00:00.0;0.0
2022-05-10T02:00:00.0;0.0
2022-05-10T03:00:00.0;0.0
2022-05-10T04:00:00.0;0.0
2022-05-10T05:00:00.0;0.0
2022-05-10T06:00:00.0;0.0
2022-05-10T07:00:00.0;0.0
2022-05-10T08:00:00.0;0.0
2022-05-10T09:00:00.0;0.0
2022-05-10T10:00:00.0;0.0
2022-05-10T11:00:00.0;0.0
2022-05-10T12:00:00.0;0.0
2022-05-10T13:00:00.0;0.0
2022-05-10T14:00:00.0;0.0
2022-05-10T15:00:00.0;0.0
2022-05-10T16:00:00.0;0.0
2022-05-10T17:00:00.0;0.0
2022-05-10T18:00:00.0;0.0796267386890512
2022-05-10T19:00:00.0;0.2757671824188769
2022-05-10T20:00:00.0;0.7775701318789874
2022-05-10T21:00:00.0;0.733421206453087
2022-05-10T22:00:00.0;0.4881914130934194
2022-05-10T23:00:00.0;0.1628724470187293
2022-05-11T00:00:00.0;0.0
2022-05-11T01:00:00.0;0.0
2022-05-11T02:00:00.0;0.0
2022-05-11T03:00:00.0;0.0
2022-05-11T04:00:00.0;0.0
2022-05-11T05:00:00.0;0.0
2022-05-11T06:00:00.0;0.0
2022-05-11T07:00:00.0;0.0
2022-05-11T08:00:00.0;0.0
2022-05-11T09:00:00.0;0.0
2022-05-11T10:00:00.0;0.0
2022-05-11T11:00:00.0;0.0
2022-05-11T12:00:00.0;0.0
2022-05-11T13:00:00.0;0.0
2022-05-11T14:00:00.0;0.0
2022-05-11T15:00:00.0;0.0
2022-05-11T16:00:00.0;0.0
2022-05-11T17:00:00.0;0.0
2022-05-11T18:00:00.0;0.0
2022-05-11T19:00:00.0;0.2545417367115205
2022-05-11T20:00:00.0;1.1664241312248222
2022-05-11T21:00:00.0;1.1731433220252638
2022-05-11T22:00:00.0;0.7808861962287093
2022-05-11T23:00:00.0;0.2605224963237517
2022-05-12T00:00:00.0;0.0
2022-05-12T01:00:00.0;0.0
2022-05-12T02:00:00.0;0.0
2022-05-12T03:00:00.0;0.0
2022-05-12T04:00:00.0;0.0
2022-05-12T05:00:00.0;0.0
2022-05-12T06:00:00.0;0.0
2022-05-12T07:00:00.0;0.0
2022-05-12T08:00:00.0;0.0
2022-05-12T09:00:00.0;0.0
2022-05-12T10:00:00.0;0.0
2022-05-12T11:00:00.0;0.0
2022-05-12T12:00:00.0;0.0
2022-05-12T13:00:00.0;0.0
2022-05-12T14:00:00.0;0.0
2022-05-12T15:00:00.0;0.0
2022-05-12T16:00:00.0;0.0
2022-05-12T17:00:00.0;0.026031710726702222
2022-05-12T18:00:00.0;0.7896593907561865
2022-05-12T19:00:00.0;1.4966740277223376
2022-05-12T20:00:00.0;2.262614473315907
2022-05-12T21:00:00.0;2.2606523324669627
2022-05-12T22:00:00.0;1.4003824440120327
2022-05-12T23:00:00.0;0.13655803407292488
2022-05-13T00:00:00.0;0.0
2022-05-13T01:00:00.0;0.0
2022-05-13T02:00:00.0;0.0
2022-05-13T03:00:00.0;0.0
2022-05-13T04:00:00.0;0.0
2022-05-13T05:00:00.0;0.0
2022-05-13T06:00:00.0;0.0
2022-05-13T07:00:00.0;0.0
2022-05-13T08:00:00.0;0.0
2022-05-13T09:00:00.0;0.0
2022-05-13T10:00:00.0;0.0
2022-05-13T11:00:00.0;0.0
2022-05-13T12:00:00.0;0.0
2022-05-13T13:00:00.0;0.0
2022-05-13T14:00:00.0;0.0
2022-05-13T15:00:00.0;0.0
2022-05-13T16:00:00.0;0.0
2022-05-13T17:00:00.0;0.0
2022-05-13T18:00:00.0;0.06346829244263932
2022-05-13T19:00:00.0;0.31773913994237724
2022-05-13T20:00:00.0;1.0685511775292367
2022-05-13T21:00:00.0;1.0359464272786172
2022-05-13T22:00:00.0;0.6895630311373835
2022-05-13T23:00:00.0;0.23005488266035165
2022-05-14T00:00:00.0;0.0
2022-05-14T01:00:00.0;0.0
2022-05-14T02:00:00.0;0.0
2022-05-14T03:00:00.0;0.0
2022-05-14T04:00:00.0;0.0
2022-05-14T05:00:00.0;0.0
2022-05-14T06:00:00.0;0.0
2022-05-14T07:00:00.0;0.0
2022-05-14T08:00:00.0;0.0
2022-05-14T09:00:00.0;0.0
2022-05-14T10:00:00.0;0.0
2022-05-14T11:00:00.0;0.0
2022-05-14T12:00:00.0;0.0
2022-05-14T13:00:00.0;0.0
2022-05-14T14:00:00.0;0.0
2022-05-14T15:00:00.0;0.0
2022-05-14T16:00:00.0;0.0
2022-05-14T17:00:00.0;0.04025426742833257
2022-05-14T18:00:00.0;1.2322471141703508
2022-05-14T19:00:00.0;2.1735972540317343
2022-05-14T20:00:00.0;2.785541841296325
2022-05-14T21:00:00.0;2.7715875721943837
2022-05-14T22:00:00.0;1.6834459467438168
2022-05-14T23:00:00.0;0.05034617758935888
2022-05-15T00:00:00.0;0.0
2022-05-15T01:00:00.0;0.0
2022-05-15T02:00:00.0;0.0
2022-05-15T03:00:00.0;0.0
2022-05-15T04:00:00.0;0.0
2022-05-15T05:00:00.0;0.0
2022-05-15T06:00:00.0;0.0
2022-05-15T07:00:00.0;0.0
2022-05-15T08:00:00.0;0.0
2022-05-15T09:00:00.0;0.0
2022-05-15T10:00:00.0;0.0
2022-05-15T11:00:00.0;0.0
2022-05-15T12:00:00.0;0.0
2022-05-15T13:00:00.0;0.0
2022-05-15T14:00:00.0;0.0
2022-05-15T15:00:00.0;0.0
2022-05-15T16:00:00.0;0.0
2022-05-15T17:00:00.0;0.04060073472181006
2022-05-15T18:00:00.0;1.231603707542414
2022-05-15T19:00:00.0;2.1758278279105356
2022-05-15T20:00:00.0;2.802686295032683
2022-05-15T21:00:00.0;2.7954425447506144
2022-05-15T22:00:00.0;1.6979353163969202
2022-05-15T23:00:00.0;0.050779505656187524
2022-05-16T00:00:00.0;0.0
2022-05-16T01:00:00.0;0.0
2022-05-16T02:00:00.0;0.0
2022-05-16T03:00:00.0;0.0
2022-05-16T04:00:00.0;0.0
2022-05-16T05:00:00.0;0.0
2022-05-16T06:00:00.0;0.0
2022-05-16T07:00:00.0;0.0
2022-05-16T08:00:00.0;0.0
2022-05-16T09:00:00.0;0.0
2022-05-16T10:00:00.0;0.0
2022-05-16T11:00:00.0;0.0
2022-05-16T12:00:00.0;0.0
2022-05-16T13:00:00.0;0.0
2022-05-16T14:00:00.0;0.0
2022-05-16T15:00:00.0;0.0
2022-05-16T16:00:00.0;0.0
2022-05-16T17:00:00.0;0.015810137147507643
2022-05-16T18:00:00.0;0.47959288572096964
2022-05-16T19:00:00.0;0.9909338182449716
2022-05-16T20:00:00.0;1.7496727957274096
2022-05-16T21:00:00.0;1.7506441364303835
2022-05-16T22:00:00.0;1.1018918380819152
2022-05-16T23:00:00.0;0.16680430329216955
2022-05-17T00:00:00.0;0.03308351200635985
2022-05-17T01:00:00.0;0.029499190195655844
2022-05-17T02:00:00.0;0.02232110073260082
2022-05-17T03:00:00.0;0.014248153692216159
2022-05-17T04:00:00.0;0.011209797247826898
2022-05-17T05:00:00.0;0.04075998620172626
2022-05-17T06:00:00.0;0.06916920007142623
2022-05-17T07:00:00.0;0.06733696415078824
2022-05-17T08:00:00.0;0.03236846859551693
2022-05-17T09:00:00.0;0.0
2022-05-17T10:00:00.0;0.0
2022-05-17T11:00:00.0;0.0
2022-05-17T12:00:00.0;0.0
2022-05-17T13:00:00.0;0.0
2022-05-17T14:00:00.0;0.0
2022-05-17T15:00:00.0;0.0
2022-05-17T16:00:00.0;0.0
2022-05-17T17:00:00.0;0.03885697304055395
2022-05-17T18:00:00.0;1.2392106740575053
2022-05-17T19:00:00.0;2.2037611296075634
2022-05-17T20:00:00.0;2.842404497491805
2022-05-17T21:00:00.0;2.8253027834012
2022-05-17T22:00:00.0;1.7187183143714848
2022-05-17T23:00:00.0;0.09780791915528142
2022-05-18T00:00:00.0;0.0
2022-05-18T01:00:00.0;0.0
2022-05-18T02:00:00.0;0.0
2022-05-18T03:00:00.0;0.0
2022-05-18T04:00:00.0;0.0
2022-05-18T05:00:00.0;0.0
2022-05-18T06:00:00.0;0.0
2022-05-18T07:00:00.0;0.0
2022-05-18T08:00:00.0;0.0
2022-05-18T09:00:00.0;0.0
2022-05-18T10:00:00.0;0.0
2022-05-18T11:00:00.0;0.0
2022-05-18T12:00:00.0;0.0
2022-05-18T13:00:00.0;0.0
2022-05-18T14:00:00.0;0.0
2022-05-18T15:00:00.0;0.0
2022-05-18T16:00:00.0;0.0
2022-05-18T17:00:00.0;0.040933255071702035
2022-05-18T18:00:00.0;1.2416905519940307
2022-05-18T19:00:00.0;2.1936478756411706
2022-05-18T20:00:00.0;2.8256403187430243
2022-05-18T21:00:00.0;2.818337242086819
2022-05-18T22:00:00.0;1.7118414205443149
2022-05-18T23:00:00.0;0.05119539022339626
2022-05-19T00:00:00.0;0.015157918886162247
2022-05-19T01:00:00.0;0.013515685157829258
2022-05-19T02:00:00.0;0.010226889886707868
2022-05-19T03:00:00.0;0.006528096470008018
2022-05-19T04:00:00.0;0.005136008455819947
2022-05-19T05:00:00.0;0.018675059785916576
2022-05-19T06:00:00.0;0.03169134896869033
2022-05-19T07:00:00.0;0.03085187087881873
2022-05-19T08:00:00.0;0.014830306448294155
2022-05-19T09:00:00.0;0.0
2022-05-19T10:00:00.0;0.0
2022-05-19T11:00:00.0;0.0
2022-05-19T12:00:00.0;0.0
2022-05-19T13:00:00.0;0.0
2022-05-19T14:00:00.0;0.0
2022-05-19T15:00:00.0;0.0
2022-05-19T16:00:00.0;0.0
2022-05-19T17:00:00.0;0.039246090949820046
2022-05-19T18:00:00.0;1.218232048382868
2022-05-19T19:00:00.0;2.158845523427652
2022-05-19T20:00:00.0;2.7825236863612752
2022-05-19T21:00:00.0;2.7708624442106142
2022-05-19T22:00:00.0;1.684217859628509
2022-05-19T23:00:00.0;0.07163156069525524
2022-05-20T00:00:00.0;0.028854293999741362
2022-05-20T01:00:00.0;0.025728172586275428
2022-05-20T02:00:00.0;0.019467691423222983
2022-05-20T03:00:00.0;0.012426746456351827
2022-05-20T04:00:00.0;0.00977679713701828
2022-05-20T05:00:00.0;0.03554944907493259
2022-05-20T06:00:00.0;0.060326982038793
2022-05-20T07:00:00.0;0.05872896929090783
2022-05-20T08:00:00.0;0.0282306578877387
2022-05-20T09:00:00.0;0.0
2022-05-20T10:00:00.0;0.0
2022-05-20T11:00:00.0;0.0
2022-05-20T12:00:00.0;0.0
2022-05-20T13:00:00.0;0.0
2022-05-20T14:00:00.0;0.0
2022-05-20T15:00:00.0;0.0
2022-05-20T16:00:00.0;0.0
2022-05-20T17:00:00.0;0.03828189769395455
2022-05-20T18:00:00.0;1.2140316456631544
2022-05-20T19:00:00.0;2.157425408585218
2022-05-20T20:00:00.0;2.782241648278272
2022-05-20T21:00:00.0;2.766542495715142
2022-05-20T22:00:00.0;1.6826894034386415
2022-05-20T23:00:00.0;0.0907980126104148
2022-05-21T00:00:00.0;0.0
2022-05-21T01:00:00.0;0.0
2022-05-21T02:00:00.0;0.0
2022-05-21T03:00:00.0;0.0
2022-05-21T04:00:00.0;0.0
2022-05-21T05:00:00.0;0.0
2022-05-21T06:00:00.0;0.0
2022-05-21T07:00:00.0;0.0
2022-05-21T08:00:00.0;0.0
2022-05-21T09:00:00.0;0.0
2022-05-21T10:00:00.0;0.0
2022-05-21T11:00:00.0;0.0
2022-05-21T12:00:00.0;0.0
2022-05-21T13:00:00.0;0.0
2022-05-21T14:00:00.0;0.0
2022-05-21T15:00:00.0;0.0
2022-05-21T16:00:00.0;0.0
2022-05-21T17:00:00.0;0.0
2022-05-21T18:00:00.0;0.03513798362367224
2022-05-21T19:00:00.0;0.31600302484130943
2022-05-21T20:00:00.0;1.2335510779244394
2022-05-21T21:00:00.0;1.219198155431884
2022-05-21T22:00:00.0;0.8115419422076035
2022-05-21T23:00:00.0;0.27074999363086144
2022-05-22T00:00:00.0;0.0
2022-05-22T01:00:00.0;0.0
2022-05-22T02:00:00.0;0.0
2022-05-22T03:00:00.0;0.0
2022-05-22T04:00:00.0;0.0
2022-05-22T05:00:00.0;0.0
2022-05-22T06:00:00.0;0.0
2022-05-22T07:00:00.0;0.0
2022-05-22T08:00:00.0;0.0
2022-05-22T09:00:00.0;0.0
2022-05-22T10:00:00.0;0.0
2022-05-22T11:00:00.0;0.0
2022-05-22T12:00:00.0;0.0
2022-05-22T13:00:00.0;0.0
2022-05-22T14:00:00.0;0.0
2022-05-22T15:00:00.0;0.0
2022-05-22T16:00:00.0;0.0
2022-05-22T17:00:00.0;0.040933255071702035
2022-05-22T18:00:00.0;1.2416905519940307
2022-05-22T19:00:00.0;2.1936478756411706
2022-05-22T20:00:00.0;2.8256403187430243
2022-05-22T21:00:00.0;2.818337242086819
2022-05-22T22:00:00.0;1.7118414205443149
2022-05-22T23:00:00.0;0.05119539022339626
2022-05-23T00:00:00.0;0.0
2022-05-23T01:00:00.0;0.0
2022-05-23T02:00:00.0;0.0
2022-05-23T03:00:00.0;0.0
2022-05-23T04:00:00.0;0.0
2022-05-23T05:00:00.0;0.0
2022-05-23T06:00:00.0;0.0
2022-05-23T07:00:00.0;0.0
2022-05-23T08:00:00.0;0.0
2022-05-23T09:00:00.0;0.0
2022-05-23T10:00:00.0;0.0
2022-05-23T11:00:00.0;0.0
2022-05-23T12:00:00.0;0.0
2022-05-23T13:00:00.0;0.0
2022-05-23T14:00:00.0;0.0
2022-05-23T15:00:00.0;0.0
2022-05-23T16:00:00.0;0.0
2022-05-23T17:00:00.0;0.03796309552485793
2022-05-23T18:00:00.0;1.1515921945394145
2022-05-23T19:00:00.0;2.0344745050202206
2022-05-23T20:00:00.0;2.6206089193597837
2022-05-23T21:00:00.0;2.613835761538857
2022-05-23T22:00:00.0;1.5876284272456744
2022-05-23T23:00:00.0;0.047480599480268906
2022-05-24T00:00:00.0;0.0
2022-05-24T01:00:00.0;0.0
2022-05-24T02:00:00.0;0.0
2022-05-24T03:00:00.0;0.0
2022-05-24T04:00:00.0;0.0
2022-05-24T05:00:00.0;0.0
2022-05-24T06:00:00.0;0.0
2022-05-24T07:00:00.0;0.0
2022-05-24T08:00:00.0;0.0
2022-05-24T09:00:00.0;0.0
2022-05-24T10:00:00.0;0.0
2022-05-24T11:00:00.0;0.0
2022-05-24T12:00:00.0;0.0
2022-05-24T13:00:00.0;0.0
2022-05-24T14:00:00.0;0.0
2022-05-24T15:00:00.0;0.0
2022-05-24T16:00:00.0;0.0
2022-05-24T17:00:00.0;0.0
2022-05-24T18:00:00.0;0.0
2022-05-24T19:00:00.0;0.24478055411935845
2022-05-24T20:00:00.0;1.1216940249880865
2022-05-24T21:00:00.0;1.1281555478354373
2022-05-24T22:00:00.0;0.7509407230675592
2022-05-24T23:00:00.0;0.25053196318433146
2022-05-25T00:00:00.0;0.0
2022-05-25T01:00:00.0;0.0
2022-05-25T02:00:00.0;0.0
2022-05-25T03:00:00.0;0.0
2022-05-25T04:00:00.0;0.0
2022-05-25T05:00:00.0;0.0
2022-05-25T06:00:00.0;0.0
2022-05-25T07:00:00.0;0.0
2022-05-25T08:00:00.0;0.0
2022-05-25T09:00:00.0;0.0
2022-05-25T10:00:00.0;0.0
2022-05-25T11:00:00.0;0.0
2022-05-25T12:00:00.0;0.0
2022-05-25T13:00:00.0;0.0
2022-05-25T14:00:00.0;0.0
2022-05-25T15:00:00.0;0.0
2022-05-25T16:00:00.0;0.0
2022-05-25T17:00:00.0;0.033201063825540056
2022-05-25T18:00:00.0;1.0071382594936567
2022-05-25T19:00:00.0;1.7792731851484902
2022-05-25T20:00:00.0;2.291883809540037
2022-05-25T21:00:00.0;2.2859602661091336
2022-05-25T22:00:00.0;1.3884787848691291
2022-05-25T23:00:00.0;0.04152470687715899
2022-05-26T00:00:00.0;0.0
2022-05-26T01:00:00.0;0.0
2022-05-26T02:00:00.0;0.0
2022-05-26T03:00:00.0;0.0
2022-05-26T04:00:00.0;0.0
2022-05-26T05:00:00.0;0.0
2022-05-26T06:00:00.0;0.0
2022-05-26T07:00:00.0;0.0
2022-05-26T08:00:00.0;0.0
2022-05-26T09:00:00.0;0.0
2022-05-26T10:00:00.0;0.0
2022-05-26T11:00:00.0;0.0
2022-05-26T12:00:00.0;0.0
2022-05-26T13:00:00.0;0.0
2022-05-26T14:00:00.0;0.0
2022-05-26T15:00:00.0;0.0
2022-05-26T16:00:00.0;0.0
2022-05-26T17:00:00.0;0.0
2022-05-26T18:00:00.0;0.0
2022-05-26T19:00:00.0;0.2677493292704894
2022-05-26T20:00:00.0;1.2269472300108824
2022-05-26T21:00:00.0;1.2340150643601766
2022-05-26T22:00:00.0;0.8214046072679193
2022-05-26T23:00:00.0;0.27404041691446884
2022-05-27T00:00:00.0;0.0
2022-05-27T01:00:00.0;0.0
2022-05-27T02:00:00.0;0.0
2022-05-27T03:00:00.0;0.0
2022-05-27T04:00:00.0;0.0
2022-05-27T05:00:00.0;0.0
2022-05-27T06:00:00.0;0.0
2022-05-27T07:00:00.0;0.0
2022-05-27T08:00:00.0;0.0
2022-05-27T09:00:00.0;0.0
2022-05-27T10:00:00.0;0.0
2022-05-27T11:00:00.0;0.0
2022-05-27T12:00:00.0;0.0
2022-05-27T13:00:00.0;0.0
2022-05-27T14:00:00.0;0.0
2022-05-27T15:00:00.0;0.0
2022-05-27T16:00:00.0;0.0
2022-05-27T17:00:00.0;0.0
2022-05-27T18:00:00.0;0.09452287933919018
2022-05-27T19:00:00.0;0.3783355661067391
2022-05-27T20:00:00.0;1.1566439356734306
2022-05-27T21:00:00.0;1.105581579838351
2022-05-27T22:00:00.0;0.7359146817714272
2022-05-27T23:00:00.0;0.2455189128740074
2022-05-28T00:00:00.0;0.0
2022-05-28T01:00:00.0;0.0
2022-05-28T02:00:00.0;0.0
2022-05-28T03:00:00.0;0.0
2022-05-28T04:00:00.0;0.0
2022-05-28T05:00:00.0;0.0
2022-05-28T06:00:00.0;0.0
2022-05-28T07:00:00.0;0.0
2022-05-28T08:00:00.0;0.0
2022-05-28T09:00:00.0;0.0
2022-05-28T10:00:00.0;0.0
2022-05-28T11:00:00.0;0.0
2022-05-28T12:00:00.0;0.0
2022-05-28T13:00:00.0;0.0
2022-05-28T14:00:00.0;0.0
2022-05-28T15:00:00.0;0.0
2022-05-28T16:00:00.0;0.0
2022-05-28T17:00:00.0;0.0
2022-05-28T18:00:00.0;0.0
2022-05-28T19:00:00.0;0.2791209222827929
2022-05-28T20:00:00.0;1.2790569573639685
2022-05-28T21:00:00.0;1.28642497000285
2022-05-28T22:00:00.0;0.8562905168525724
2022-05-28T23:00:00.0;0.285679198974405
2022-05-29T00:00:00.0;0.0
2022-05-29T01:00:00.0;0.0
2022-05-29T02:00:00.0;0.0
2022-05-29T03:00:00.0;0.0
2022-05-29T04:00:00.0;0.0
2022-05-29T05:00:00.0;0.0
2022-05-29T06:00:00.0;0.0
2022-05-29T07:00:00.0;0.0
2022-05-29T08:00:00.0;0.0
2022-05-29T09:00:00.0;0.0
2022-05-29T10:00:00.0;0.0
2022-05-29T11:00:00.0;0.0
2022-05-29T12:00:00.0;0.0
2022-05-29T13:00:00.0;0.0
2022-05-29T14:00:00.0;0.0
2022-05-29T15:00:00.0;0.0
2022-05-29T16:00:00.0;0.0
2022-05-29T17:00:00.0;0.00019635395781118504
2022-05-29T18:00:00.0;0.00595630261589761
2022-05-29T19:00:00.0;0.28830477399381876
2022-05-29T20:00:00.0;1.2864758094332642
2022-05-29T21:00:00.0;1.2937734458842896
2022-05-29T22:00:00.0;0.8603945346189227
2022-05-29T23:00:00.0;0.2845543965659415
2022-05-30T00:00:00.0;0.038226236015195154
2022-05-30T01:00:00.0;0.034084743072606595
2022-05-30T02:00:00.0;0.025790843020514823
2022-05-30T03:00:00.0;0.016462982700105325
2022-05-30T04:00:00.0;0.012952323658852823
2022-05-30T05:00:00.0;0.047095993080292144
2022-05-30T06:00:00.0;0.07992132656304157
2022-05-30T07:00:00.0;0.07780427554607694
2022-05-30T08:00:00.0;0.03740004143891385
2022-05-30T09:00:00.0;0.0
2022-05-30T10:00:00.0;0.0
2022-05-30T11:00:00.0;0.0
2022-05-30T12:00:00.0;0.0
2022-05-30T13:00:00.0;0.0
2022-05-30T14:00:00.0;0.0
2022-05-30T15:00:00.0;0.0
2022-05-30T16:00:00.0;0.0
2022-05-30T17:00:00.0;0.038534221772531206
2022-05-30T18:00:00.0;1.2388251851226941
2022-05-30T19:00:00.0;2.2053332019428833
2022-05-30T20:00:00.0;2.8450104343863885
2022-05-30T21:00:00.0;2.826385554073948
2022-05-30T22:00:00.0;1.7197873050815522
2022-05-30T23:00:00.0;0.10505368470775524
2022-05-31T00:00:00.0;0.014469803444269144
2022-05-31T01:00:00.0;0.012902121268570153
2022-05-31T02:00:00.0;0.009762625570053656
2022-05-31T03:00:00.0;0.00623174417910869
2022-05-31T04:00:00.0;0.004902851994521712
2022-05-31T05:00:00.0;0.017827278694496598
2022-05-31T06:00:00.0;0.03025267478369473
2022-05-31T07:00:00.0;0.029451306004283875
2022-05-31T08:00:00.0;0.014157063442330173
2022-05-31T09:00:00.0;0.0
2022-05-31T10:00:00.0;0.0
2022-05-31T11:00:00.0;0.0
2022-05-31T12:00:00.0;0.0
2022-05-31T13:00:00.0;0.0
2022-05-31T14:00:00.0;0.0
2022-05-31T15:00:00.0;0.0
2022-05-31T16:00:00.0;0.0
2022-05-31T17:00:00.0;0.04002514734481363
2022-05-31T18:00:00.0;1.2406059226989183
2022-05-31T19:00:00.0;2.198071130253545
2022-05-31T20:00:00.0;2.8329725019572134
2022-05-31T21:00:00.0;2.8213837751659754
2022-05-31T22:00:00.0;1.714849181690324
2022-05-31T23:00:00.0;0.0715824075253994
2022-06-01T00:00:00.0;0.020655576291442417
2022-06-01T01:00:00.0;0.018417717366433328
2022-06-01T02:00:00.0;0.01393610203785426
2022-06-01T03:00:00.0;0.008895785476015723
2022-06-01T04:00:00.0;0.00699879813907237
2022-06-01T05:00:00.0;0.025448356403819795
2022-06-01T06:00:00.0;0.04318555082116841
2022-06-01T07:00:00.0;0.042041600661482104
2022-06-01T08:00:00.0;0.020209141411085096
2022-06-01T09:00:00.0;0.0
2022-06-01T10:00:00.0;0.0
2022-06-01T11:00:00.0;0.0
2022-06-01T12:00:00.0;0.0
2022-06-01T13:00:00.0;0.0
2022-06-01T14:00:00.0;0.0
2022-06-01T15:00:00.0;0.0
2022-06-01T16:00:00.0;0.0
2022-06-01T17:00:00.0;0.03963693556702896
2022-06-01T18:00:00.0;1.2401422487817988
2022-06-01T19:00:00.0;2.1999620507752193
2022-06-01T20:00:00.0;2.8361069757606425
2022-06-01T21:00:00.0;2.8226861537139385
2022-06-01T22:00:00.0;1.716134985419409
2022-06-01T23:00:00.0;0.08029776143793159
2022-06-02T00:00:00.0;0.0
2022-06-02T01:00:00.0;0.0
2022-06-02T02:00:00.0;0.0
2022-06-02T03:00:00.0;0.0
2022-06-02T04:00:00.0;0.0
2022-06-02T05:00:00.0;0.0
2022-06-02T06:00:00.0;0.0
2022-06-02T07:00:00.0;0.0
2022-06-02T08:00:00.0;0.0
2022-06-02T09:00:00.0;0.0
2022-06-02T10:00:00.0;0.0
2022-06-02T11:00:00.0;0.0
2022-06-02T12:00:00.0;0.0
2022-06-02T13:00:00.0;0.0
2022-06-02T14:00:00.0;0.0
2022-06-02T15:00:00.0;0.0
2022-06-02T16:00:00.0;0.0
2022-06-02T17:00:00.0;0.040933255071702035
2022-06-02T18:00:00.0;1.2416905519940307
2022-06-02T19:00:00.0;2.1936478756411706
2022-06-02T20:00:00.0;2.8256403187430243
2022-06-02T21:00:00.0;2.818337242086819
2022-06-02T22:00:00.0;1.7118414205443149
2022-06-02T23:00:00.0;0.05119539022339626
2022-06-03T00:00:00.0;0.0
2022-06-03T01:00:00.0;0.0
2022-06-03T02:00:00.0;0.0
2022-06-03T03:00:00.0;0.0
2022-06-03T04:00:00.0;0.0
2022-06-03T05:00:00.0;0.0
2022-06-03T06:00:00.0;0.0
2022-06-03T07:00:00.0;0.0
2022-06-03T08:00:00.0;0.0
2022-06-03T09:00:00.0;0.0
2022-06-03T10:00:00.0;0.0
2022-06-03T11:00:00.0;0.0
2022-06-03T12:00:00.0;0.0
2022-06-03T13:00:00.0;0.0
2022-06-03T14:00:00.0;0.0
2022-06-03T15:00:00.0;0.0
2022-06-03T16:00:00.0;0.0
2022-06-03T17:00:00.0;0.03492760381098688
2022-06-03T18:00:00.0;1.0595120173053412
2022-06-03T19:00:00.0;1.9127520321278932
2022-06-03T20:00:00.0;2.598728476579552
2022-06-03T21:00:00.0;2.593577914932641
2022-06-03T22:00:00.0;1.5863165788389115
2022-06-03T23:00:00.0;0.08559841972046457
2022-06-04T00:00:00.0;0.0
2022-06-04T01:00:00.0;0.0
2022-06-04T02:00:00.0;0.0
2022-06-04T03:00:00.0;0.0
2022-06-04T04:00:00.0;0.0
2022-06-04T05:00:00.0;0.0
2022-06-04T06:00:00.0;0.0
2022-06-04T07:00:00.0;0.0
2022-06-04T08:00:00.0;0.0
2022-06-04T09:00:00.0;0.0
2022-06-04T10:00:00.0;0.0
2022-06-04T11:00:00.0;0.0
2022-06-04T12:00:00.0;0.0
2022-06-04T13:00:00.0;0.0
2022-06-04T14:00:00.0;0.0
2022-06-04T15:00:00.0;0.0
2022-06-04T16:00:00.0;0.0
2022-06-04T17:00:00.0;0.0
2022-06-04T18:00:00.0;0.13244716411671287
2022-06-04T19:00:00.0;0.4181422714545287
2022-06-04T20:00:00.0;1.1075296225301554
2022-06-04T21:00:00.0;1.0330239485359838
2022-06-04T22:00:00.0;0.6876177246551759
2022-06-04T23:00:00.0;0.22940588143161045
2022-06-05T00:00:00.0;0.0
2022-06-05T01:00:00.0;0.0
2022-06-05T02:00:00.0;0.0
2022-06-05T03:00:00.0;0.0
2022-06-05T04:00:00.0;0.0
2022-06-05T05:00:00.0;0.0
2022-06-05T06:00:00.0;0.0
2022-06-05T07:00:00.0;0.0
2022-06-05T08:00:00.0;0.0
2022-06-05T09:00:00.0;0.0
2022-06-05T10:00:00.0;0.0
2022-06-05T11:00:00.0;0.0
2022-06-05T12:00:00.0;0.0
2022-06-05T13:00:00.0;0.0
2022-06-05T14:00:00.0;0.0
2022-06-05T15:00:00.0;0.0
2022-06-05T16:00:00.0;0.0
2022-06-05T17:00:00.0;0.016723636842442418
2022-06-05T18:00:00.0;0.6476508165142482
2022-06-05T19:00:00.0;1.2047686161432751
2022-06-05T20:00:00.0;1.7114682855170062
2022-06-05T21:00:00.0;1.6259830560407487
2022-06-05T22:00:00.0;1.0152497725533172
2022-06-05T23:00:00.0;0.12629554499282578
2022-06-06T00:00:00.0;0.0
2022-06-06T01:00:00.0;0.0
2022-06-06T02:00:00.0;0.0
2022-06-06T03:00:00.0;0.0
2022-06-06T04:00:00.0;0.0
2022-06-06T05:00:00.0;0.0
2022-06-06T06:00:00.0;0.0
2022-06-06T07:00:00.0;0.0
2022-06-06T08:00:00.0;0.0
2022-06-06T09:00:00.0;0.0
2022-06-06T10:00:00.0;0.0
2022-06-06T11:00:00.0;0.0
2022-06-06T12:00:00.0;0.0
2022-06-06T13:00:00.0;0.0
2022-06-06T14:00:00.0;0.0
2022-06-06T15:00:00.0;0.0
2022-06-06T16:00:00.0;0.0
2022-06-06T17:00:00.0;0.0019260720915991627
2022-06-06T18:00:00.0;0.058426468024806846
2022-06-06T19:00:00.0;0.3260533951231994
2022-06-06T20:00:00.0;1.154080655582087
2022-06-06T21:00:00.0;1.1596192002815129
2022-06-06T22:00:00.0;0.7641603947005686
2022-06-06T23:00:00.0;0.23047824190336705
2022-06-07T00:00:00.0;0.0
2022-06-07T01:00:00.0;0.0
2022-06-07T02:00:00.0;0.0
2022-06-07T03:00:00.0;0.0
2022-06-07T04:00:00.0;0.0
2022-06-07T05:00:00.0;0.0
2022-06-07T06:00:00.0;0.0
2022-06-07T07:00:00.0;0.0
2022-06-07T08:00:00.0;0.0
2022-06-07T09:00:00.0;0.0
2022-06-07T10:00:00.0;0.0
2022-06-07T11:00:00.0;0.0
2022-06-07T12:00:00.0;0.0
2022-06-07T13:00:00.0;0.0
2022-06-07T14:00:00.0;0.0
2022-06-07T15:00:00.0;0.0
2022-06-07T16:00:00.0;0.0
2022-06-07T17:00:00.0;0.029062696565006523
2022-06-07T18:00:00.0;0.8816028844279608
2022-06-07T19:00:00.0;1.6233725772027225
2022-06-07T20:00:00.0;2.3080930235242088
2022-06-07T21:00:00.0;2.3046468191662646
2022-06-07T22:00:00.0;1.4175123187131649
2022-06-07T23:00:00.0;0.10377472112323045
2022-06-08T00:00:00.0;0.0
2022-06-08T01:00:00.0;0.0
2022-06-08T02:00:00.0;0.0
2022-06-08T03:00:00.0;0.0
2022-06-08T04:00:00.0;0.0
2022-06-08T05:00:00.0;0.0
2022-06-08T06:00:00.0;0.0
2022-06-08T07:00:00.0;0.0
2022-06-08T08:00:00.0;0.0
2022-06-08T09:00:00.0;0.0
2022-06-08T10:00:00.0;0.0
2022-06-08T11:00:00.0;0.0
2022-06-08T12:00:00.0;0.0
2022-06-08T13:00:00.0;0.0
2022-06-08T14:00:00.0;0.0
2022-06-08T15:00:00.0;0.0
2022-06-08T16:00:00.0;0.0
2022-06-08T17:00:00.0;0.03244057471341651
2022-06-08T18:00:00.0;0.9840691890333662
2022-06-08T19:00:00.0;1.7385179282715126
2022-06-08T20:00:00.0;2.2393869168932823
2022-06-08T21:00:00.0;2.2335990555690746
2022-06-08T22:00:00.0;1.3566748943716436
2022-06-08T23:00:00.0;0.04057356002143961
2022-06-09T00:00:00.0;0.0
2022-06-09T01:00:00.0;0.0
2022-06-09T02:00:00.0;0.0
2022-06-09T03:00:00.0;0.0
2022-06-09T04:00:00.0;0.0
2022-06-09T05:00:00.0;0.0
2022-06-09T06:00:00.0;0.0
2022-06-09T07:00:00.0;0.0
2022-06-09T08:00:00.0;0.0
2022-06-09T09:00:00.0;0.0
2022-06-09T10:00:00.0;0.0
2022-06-09T11:00:00.0;0.0
2022-06-09T12:00:00.0;0.0
2022-06-09T13:00:00.0;0.0
2022-06-09T14:00:00.0;0.0
2022-06-09T15:00:00.0;0.0
2022-06-09T16:00:00.0;0.0
2022-06-09T17:00:00.0;0.040933255071702035
2022-06-09T18:00:00.0;1.2416905519940307
2022-06-09T19:00:00.0;2.1936478756411706
2022-06-09T20:00:00.0;2.8256403187430243
2022-06-09T21:00:00.0;2.818337242086819
2022-06-09T22:00:00.0;1.7118414205443149
2022-06-09T23:00:00.0;0.05119539022339626
2022-06-10T00:00:00.0;0.0
2022-06-10T01:00:00.0;0.0
2022-06-10T02:00:00.0;0.0
2022-06-10T03:00:00.0;0.0
2022-06-10T04:00:00.0;0.0
2022-06-10T05:00:00.0;0.0
2022-06-10T06:00:00.0;0.0
2022-06-10T07:00:00.0;0.0
2022-06-10T08:00:00.0;0.0
2022-06-10T09:00:00.0;0.0
2022-06-10T10:00:00.0;0.0
2022-06-10T11:00:00.0;0.0
2022-06-10T12:00:00.0;0.0
2022-06-10T13:00:00.0;0.0
2022-06-10T14:00:00.0;0.0
2022-06-10T15:00:00.0;0.0
2022-06-10T16:00:00.0;0.0
2022-06-10T17:00:00.0;0.020415977517009985
2022-06-10T18:00:00.0;0.6193088321021171
2022-06-10T19:00:00.0;1.1944594078153847
2022-06-10T20:00:00.0;1.8691716689371531
2022-06-10T21:00:00.0;1.86817812294669
2022-06-10T22:00:00.0;1.1616569778221704
2022-06-10T23:00:00.0;0.12824203294417455
2022-06-11T00:00:00.0;0.0
2022-06-11T01:00:00.0;0.0
2022-06-11T02:00:00.0;0.0
2022-06-11T03:00:00.0;0.0
2022-06-11T04:00:00.0;0.0
2022-06-11T05:00:00.0;0.0
2022-06-11T06:00:00.0;0.0
2022-06-11T07:00:00.0;0.0
2022-06-11T08:00:00.0;0.0
2022-06-11T09:00:00.0;0.0
2022-06-11T10:00:00.0;0.0
2022-06-11T11:00:00.0;0.0
2022-06-11T12:00:00.0;0.0
2022-06-11T13:00:00.0;0.0
2022-06-11T14:00:00.0;0.0
2022-06-11T15:00:00.0;0.0
2022-06-11T16:00:00.0;0.0
2022-06-11T17:00:00.0;0.006736778993899469
2022-06-11T18:00:00.0;0.20435694187877348
2022-06-11T19:00:00.0;0.59421301403182
2022-06-11T20:00:00.0;1.533593037697724
2022-06-11T21:00:00.0;1.538546488240148
2022-06-11T22:00:00.0;0.9970967475348415
2022-06-11T23:00:00.0;0.24708794610589346
2022-06-12T00:00:00.0;0.0
2022-06-12T01:00:00.0;0.0
2022-06-12T02:00:00.0;0.0
2022-06-12T03:00:00.0;0.0
2022-06-12T04:00:00.0;0.0
2022-06-12T05:00:00.0;0.0
2022-06-12T06:00:00.0;0.0
2022-06-12T07:00:00.0;0.0
2022-06-12T08:00:00.0;0.0
2022-06-12T09:00:00.0;0.0
2022-06-12T10:00:00.0;0.0
2022-06-12T11:00:00.0;0.0
2022-06-12T12:00:00.0;0.0
2022-06-12T13:00:00.0;0.0
2022-06-12T14:00:00.0;0.0
2022-06-12T15:00:00.0;0.0
2022-06-12T16:00:00.0;0.0
2022-06-12T17:00:00.0;0.039194777078589635
2022-06-12T18:00:00.0;1.1889546604770735
2022-06-12T19:00:00.0;2.11233592109947
2022-06-12T20:00:00.0;2.759955311929822
2022-06-12T21:00:00.0;2.7532753317224534
2022-06-12T22:00:00.0;1.6755052822271899
2022-06-12T23:00:00.0;0.061154161900379714
2022-06-13T00:00:00.0;0.0
2022-06-13T01:00:00.0;0.0
2022-06-13T02:00:00.0;0.0
2022-06-13T03:00:00.0;0.0
2022-06-13T04:00:00.0;0.0
2022-06-13T05:00:00.0;0.0
2022-06-13T06:00:00.0;0.0
2022-06-13T07:00:00.0;0.0
2022-06-13T08:00:00.0;0.0
2022-06-13T09:00:00.0;0.0
2022-06-13T10:00:00.0;0.0
2022-06-13T11:00:00.0;0.0
2022-06-13T12:00:00.0;0.0
2022-06-13T13:00:00.0;0.0
2022-06-13T14:00:00.0;0.0
2022-06-13T15:00:00.0;0.0
2022-06-13T16:00:00.0;0.0
2022-06-13T17:00:00.0;0.024200100264314732
2022-06-13T18:00:00.0;0.7340983706981402
2022-06-13T19:00:00.0;1.4110060887286884
2022-06-13T20:00:00.0;2.1934106374447007
2022-06-13T21:00:00.0;2.192104973111011
2022-06-13T22:00:00.0;1.3620997327162434
2022-06-13T23:00:00.0;0.14705030976945813
2022-06-14T00:00:00.0;0.0
2022-06-14T01:00:00.0;0.0
2022-06-14T02:00:00.0;0.0
2022-06-14T03:00:00.0;0.0
2022-06-14T04:00:00.0;0.0
2022-06-14T05:00:00.0;0.0
2022-06-14T06:00:00.0;0.0
2022-06-14T07:00:00.0;0.0
2022-06-14T08:00:00.0;0.0
2022-06-14T09:00:00.0;0.0
2022-06-14T10:00:00.0;0.0
2022-06-14T11:00:00.0;0.0
2022-06-14T12:00:00.0;0.0
2022-06-14T13:00:00.0;0.0
2022-06-14T14:00:00.0;0.0
2022-06-14T15:00:00.0;0.0
2022-06-14T16:00:00.0;0.0
2022-06-14T17:00:00.0;0.040933255071702035
2022-06-14T18:00:00.0;1.2416905519940307
2022-06-14T19:00:00.0;2.1936478756411706
2022-06-14T20:00:00.0;2.8256403187430243
2022-06-14T21:00:00.0;2.818337242086819
2022-06-14T22:00:00.0;1.7118414205443149
2022-06-14T23:00:00.0;0.05119539022339626
2022-06-15T00:00:00.0;0.0
2022-06-15T01:00:00.0;0.0
2022-06-15T02:00:00.0;0.0
2022-06-15T03:00:00.0;0.0
2022-06-15T04:00:00.0;0.0
2022-06-15T05:00:00.0;0.0
2022-06-15T06:00:00.0;0.0
2022-06-15T07:00:00.0;0.0
2022-06-15T08:00:00.0;0.0
2022-06-15T09:00:00.0;0.0
2022-06-15T10:00:00.0;0.0
2022-06-15T11:00:00.0;0.0
2022-06-15T12:00:00.0;0.0
2022-06-15T13:00:00.0;0.0
2022-06-15T14:00:00.0;0.0
2022-06-15T15:00:00.0;0.0
2022-06-15T16:00:00.0;0.0
2022-06-15T17:00:00.0;0.040933255071702035
2022-06-15T18:00:00.0;1.2416905519940307
2022-06-15T19:00:00.0;2.1936478756411706
2022-06-15T20:00:00.0;2.8256403187430243
2022-06-15T21:00:00.0;2.818337242086819
2022-06-15T22:00:00.0;1.7118414205443149
2022-06-15T23:00:00.0;0.05119539022339626
2022-06-16T00:00:00.0;0.00858376758500423
2022-06-16T01:00:00.0;0.00765378816301813
2022-06-16T02:00:00.0;0.005791378523939078
2022-06-16T03:00:00.0;0.003696791313627536
2022-06-16T04:00:00.0;0.0029084667381101726
2022-06-16T05:00:00.0;0.010575486914942374
2022-06-16T06:00:00.0;0.01794647247062657
2022-06-16T07:00:00.0;0.01747108499360692
2022-06-16T08:00:00.0;0.008398244160203246
2022-06-16T09:00:00.0;0.0
2022-06-16T10:00:00.0;0.0
2022-06-16T11:00:00.0;0.0
2022-06-16T12:00:00.0;0.0
2022-06-16T13:00:00.0;0.0
2022-06-16T14:00:00.0;0.0
2022-06-16T15:00:00.0;0.0
2022-06-16T16:00:00.0;0.0
2022-06-16T17:00:00.0;0.040394547984229895
2022-06-16T18:00:00.0;1.2410471288942637
2022-06-16T19:00:00.0;2.1962718359256455
2022-06-16T20:00:00.0;2.8299899118002956
2022-06-16T21:00:00.0;2.8201445045000386
2022-06-16T22:00:00.0;1.7136256826960425
2022-06-16T23:00:00.0;0.06328936364507144
2022-06-17T00:00:00.0;0.06320800712695065
2022-06-17T01:00:00.0;0.05635994823547895
2022-06-17T02:00:00.0;0.042645783613190616
2022-06-17T03:00:00.0;0.027221940643736967
2022-06-17T04:00:00.0;0.021416980887522027
2022-06-17T05:00:00.0;0.07787436526804815
2022-06-17T06:00:00.0;0.1321518492425991
2022-06-17T07:00:00.0;0.12865125410905714
2022-06-17T08:00:00.0;0.0618418743838504
2022-06-17T09:00:00.0;0.0
2022-06-17T10:00:00.0;0.0
2022-06-17T11:00:00.0;0.0
2022-06-17T12:00:00.0;0.0
2022-06-17T13:00:00.0;0.0
2022-06-17T14:00:00.0;0.0
2022-06-17T15:00:00.0;0.0
2022-06-17T16:00:00.0;0.0
2022-06-17T17:00:00.0;0.023350097725558475
2022-06-17T18:00:00.0;0.8239087750154818
2022-06-17T19:00:00.0;1.5761094527145947
2022-06-17T20:00:00.0;2.3432039720788396
2022-06-17T21:00:00.0;2.3220603030799762
2022-06-17T22:00:00.0;1.4403842522067452
2022-06-17T23:00:00.0;0.21825156654095698
2022-06-18T00:00:00.0;0.0
2022-06-18T01:00:00.0;0.0
2022-06-18T02:00:00.0;0.0
2022-06-18T03:00:00.0;0.0
2022-06-18T04:00:00.0;0.0
2022-06-18T05:00:00.0;0.0
2022-06-18T06:00:00.0;0.0
2022-06-18T07:00:00.0;0.0
2022-06-18T08:00:00.0;0.0
2022-06-18T09:00:00.0;0.0
2022-06-18T10:00:00.0;0.0
2022-06-18T11:00:00.0;0.0
2022-06-18T12:00:00.0;0.0
2022-06-18T13:00:00.0;0.0
2022-06-18T14:00:00.0;0.0
2022-06-18T15:00:00.0;0.0
2022-06-18T16:00:00.0;0.0
2022-06-18T17:00:00.0;0.040933255071702035
2022-06-18T18:00:00.0;1.2416905519940307
2022-06-18T19:00:00.0;2.1936478756411706
2022-06-18T20:00:00.0;2.8256403187430243
2022-06-18T21:00:00.0;2.818337242086819
2022-06-18T22:00:00.0;1.7118414205443149
2022-06-18T23:00:00.0;0.05119539022339626
2022-06-19T00:00:00.0;0.0
2022-06-19T01:00:00.0;0.0
2022-06-19T02:00:00.0;0.0
2022-06-19T03:00:00.0;0.0
2022-06-19T04:00:00.0;0.0
2022-06-19T05:00:00.0;0.0
2022-06-19T06:00:00.0;0.0
2022-06-19T07:00:00.0;0.0
2022-06-19T08:00:00.0;0.0
2022-06-19T09:00:00.0;0.0
2022-06-19T10:00:00.0;0.0
2022-06-19T11:00:00.0;0.0
2022-06-19T12:00:00.0;0.0
2022-06-19T13:00:00.0;0.0
2022-06-19T14:00:00.0;0.0
2022-06-19T15:00:00.0;0.0
2022-06-19T16:00:00.0;0.0
2022-06-19T17:00:00.0;0.011965105328651339
2022-06-19T18:00:00.0;0.362955699813639
2022-06-19T19:00:00.0;0.838751877879856
2022-06-19T20:00:00.0;1.7311351706901532
2022-06-19T21:00:00.0;1.7342147110735477
2022-06-19T22:00:00.0;1.1063746271624657
2022-06-19T23:00:00.0;0.2171377779548795
2022-06-20T00:00:00.0;0.009378174510991199
2022-06-20T01:00:00.0;0.008362127743106572
2022-06-20T02:00:00.0;0.0063273565970717646
2022-06-20T03:00:00.0;0.0040389204072209675
2022-06-20T04:00:00.0;0.003177638299184808
2022-06-20T05:00:00.0;0.011554222646975901
2022-06-20T06:00:00.0;0.01960737508553505
2022-06-20T07:00:00.0;0.019087991647472418
2022-06-20T08:00:00.0;0.009175481342003267
2022-06-20T09:00:00.0;0.0
2022-06-20T10:00:00.0;0.0
2022-06-20T11:00:00.0;0.0
2022-06-20T12:00:00.0;0.0
2022-06-20T13:00:00.0;0.0
2022-06-20T14:00:00.0;0.0
2022-06-20T15:00:00.0;0.0
2022-06-20T16:00:00.0;0.0
2022-06-20T17:00:00.0;0.02571708436822709
2022-06-20T18:00:00.0;0.7972661601167514
2022-06-20T19:00:00.0;1.5123533778724247
2022-06-20T20:00:00.0;2.2777167781723824
2022-06-20T21:00:00.0;2.272878837104088
2022-06-20T22:00:00.0;1.4080574207291643
2022-06-20T23:00:00.0;0.1482020443904406
2022-06-21T00:00:00.0;0.07208870704936202
2022-06-21T01:00:00.0;0.06427849860073032
2022-06-21T02:00:00.0;0.04863749929035445
2022-06-21T03:00:00.0;0.031046612503382486
2022-06-21T04:00:00.0;0.024426058204642595
2022-06-21T05:00:00.0;0.08881568269013965
2022-06-21T06:00:00.0;0.1507191316275371
2022-06-21T07:00:00.0;0.14672670426665724
2022-06-21T08:00:00.0;0.07053063319789415
2022-06-21T09:00:00.0;0.0
2022-06-21T10:00:00.0;0.0
2022-06-21T11:00:00.0;0.0
2022-06-21T12:00:00.0;0.0
2022-06-21T13:00:00.0;0.0
2022-06-21T14:00:00.0;0.0
2022-06-21T15:00:00.0;0.0
2022-06-21T16:00:00.0;0.0
2022-06-21T17:00:00.0;0.03640905319535605
2022-06-21T18:00:00.0;1.236286917880156
2022-06-21T19:00:00.0;2.215684574839217
2022-06-21T20:00:00.0;2.8621693296446384
2022-06-21T21:00:00.0;2.833515100687687
2022-06-21T22:00:00.0;1.7268261169822605
2022-06-21T23:00:00.0;0.15276371653514398
2022-06-22T00:00:00.0;0.0762441964281477
2022-06-22T01:00:00.0;0.0679837754624269
2022-06-22T02:00:00.0;0.05144116466298167
2022-06-22T03:00:00.0;0.032836266858214225
2022-06-22T04:00:00.0;0.02583407659739155
2022-06-22T05:00:00.0;0.09393538369734117
2022-06-22T06:00:00.0;0.15940720187173182
2022-06-22T07:00:00.0;0.15518463458779366
2022-06-22T08:00:00.0;0.07459630879576815
2022-06-22T09:00:00.0;0.0
2022-06-22T10:00:00.0;0.0
2022-06-22T11:00:00.0;0.0
2022-06-22T12:00:00.0;0.0
2022-06-22T13:00:00.0;0.0
2022-06-22T14:00:00.0;0.0
2022-06-22T15:00:00.0;0.0
2022-06-22T16:00:00.0;0.0
2022-06-22T17:00:00.0;0.03614825960348645
2022-06-22T18:00:00.0;1.2359754301994064
2022-06-22T19:00:00.0;2.2169548607579013
2022-06-22T20:00:00.0;2.864275011977313
2022-06-22T21:00:00.0;2.834390014842624
2022-06-22T22:00:00.0;1.727689896476177
2022-06-22T23:00:00.0;0.1586185323375761
2022-06-23T00:00:00.0;0.08939847932486662
2022-06-23T01:00:00.0;0.07971290183157352
2022-06-23T02:00:00.0;0.06031622223082232
2022-06-23T03:00:00.0;0.03850145271838868
2022-06-23T04:00:00.0;0.030291186356005743
2022-06-23T05:00:00.0;0.11014189736072721
2022-06-23T06:00:00.0;0.18690945814078755
2022-06-23T07:00:00.0;0.1819583784296026
2022-06-23T08:00:00.0;0.08746628441253884
2022-06-23T09:00:00.0;0.0
2022-06-23T10:00:00.0;0.0
2022-06-23T11:00:00.0;0.0
2022-06-23T12:00:00.0;0.0
2022-06-23T13:00:00.0;0.0
2022-06-23T14:00:00.0;0.0
2022-06-23T15:00:00.0;0.0
2022-06-23T16:00:00.0;0.0
2022-06-23T17:00:00.0;0.03532271238812898
2022-06-23T18:00:00.0;1.2349894098542837
2022-06-23T19:00:00.0;2.220975975676255
2022-06-23T20:00:00.0;2.870940590581853
2022-06-23T21:00:00.0;2.8371595727106205
2022-06-23T22:00:00.0;1.7304242073569538
2022-06-23T23:00:00.0;0.17715206626177507
2022-06-24T00:00:00.0;0.18873433222361033
2022-06-24T01:00:00.0;0.16828654592789608
2022-06-24T02:00:00.0;0.12733708683810563
2022-06-24T03:00:00.0;0.08128265741565886
2022-06-24T04:00:00.0;0.06394948630375051
2022-06-24T05:00:00.0;0.23252696919684765
2022-06-24T06:00:00.0;0.39459543422754995
2022-06-24T07:00:00.0;0.3841429217224917
2022-06-24T08:00:00.0;0.18465516310062274
2022-06-24T09:00:00.0;0.0
2022-06-24T10:00:00.0;0.0
2022-06-24T11:00:00.0;0.0
2022-06-24T12:00:00.0;0.0
2022-06-24T13:00:00.0;0.0
2022-06-24T14:00:00.0;0.0
2022-06-24T15:00:00.0;0.0
2022-06-24T16:00:00.0;0.0
2022-06-24T17:00:00.0;0.02908851190836184
2022-06-24T18:00:00.0;1.2275433808516145
2022-06-24T19:00:00.0;2.2513418179767988
2022-06-24T20:00:00.0;2.921276358859326
2022-06-24T21:00:00.0;2.858074159627283
2022-06-24T22:00:00.0;1.751072623204846
2022-06-24T23:00:00.0;0.3171098590235009
2022-06-25T00:00:00.0;0.04945914764627724
2022-06-25T01:00:00.0;0.04410066268212646
2022-06-25T02:00:00.0;0.03336957142122352
2022-06-25T03:00:00.0;0.021300687091947795
2022-06-25T04:00:00.0;0.0167584087523272
2022-06-25T05:00:00.0;0.060935313494645385
2022-06-25T06:00:00.0;0.10340648472417045
2022-06-25T07:00:00.0;0.10066733094556843
2022-06-25T08:00:00.0;0.048390172936954384
2022-06-25T09:00:00.0;0.0
2022-06-25T10:00:00.0;0.0
2022-06-25T11:00:00.0;0.0
2022-06-25T12:00:00.0;0.0
2022-06-25T13:00:00.0;0.0
2022-06-25T14:00:00.0;0.0
2022-06-25T15:00:00.0;0.0
2022-06-25T16:00:00.0;0.0
2022-06-25T17:00:00.0;0.030678583007284696
2022-06-25T18:00:00.0;1.0210709236498372
2022-06-25T19:00:00.0;1.8743161943781095
2022-06-25T20:00:00.0;2.5805280921909772
2022-06-25T21:00:00.0;2.561139169159035
2022-06-25T22:00:00.0;1.572665119397209
2022-06-25T23:00:00.0;0.16184236055723045
2022-06-26T00:00:00.0;0.0
2022-06-26T01:00:00.0;0.0
2022-06-26T02:00:00.0;0.0
2022-06-26T03:00:00.0;0.0
2022-06-26T04:00:00.0;0.0
2022-06-26T05:00:00.0;0.0
2022-06-26T06:00:00.0;0.0
2022-06-26T07:00:00.0;0.0
2022-06-26T08:00:00.0;0.0
2022-06-26T09:00:00.0;0.0
2022-06-26T10:00:00.0;0.0
2022-06-26T11:00:00.0;0.0
2022-06-26T12:00:00.0;0.0
2022-06-26T13:00:00.0;0.0
2022-06-26T14:00:00.0;0.0
2022-06-26T15:00:00.0;0.0
2022-06-26T16:00:00.0;0.0
2022-06-26T17:00:00.0;0.040933255071702035
2022-06-26T18:00:00.0;1.2416905519940307
2022-06-26T19:00:00.0;2.1936478756411706
2022-06-26T20:00:00.0;2.8256403187430243
2022-06-26T21:00:00.0;2.818337242086819
2022-06-26T22:00:00.0;1.7118414205443149
2022-06-26T23:00:00.0;0.05119539022339626
2022-06-27T00:00:00.0;0.20987255397591958
2022-06-27T01:00:00.0;0.18713461815642637
2022-06-27T02:00:00.0;0.14159882473795876
2022-06-27T03:00:00.0;0.09038630494404554
2022-06-27T04:00:00.0;0.07111182082184639
2022-06-27T05:00:00.0;0.2585699608474174
2022-06-27T06:00:00.0;0.43879007381897484
2022-06-27T07:00:00.0;0.42716688121243446
2022-06-27T08:00:00.0;0.20533651841813452
2022-06-27T09:00:00.0;0.0
2022-06-27T10:00:00.0;0.0
2022-06-27T11:00:00.0;0.0
2022-06-27T12:00:00.0;0.0
2022-06-27T13:00:00.0;0.0
2022-06-27T14:00:00.0;0.0
2022-06-27T15:00:00.0;0.0
2022-06-27T16:00:00.0;0.0
2022-06-27T17:00:00.0;0.02742588761529669
2022-06-27T18:00:00.0;1.2157660606949219
2022-06-27T19:00:00.0;2.2397962284925264
2022-06-27T20:00:00.0;2.908792354929061
2022-06-27T21:00:00.0;2.8393894107017874
2022-06-27T22:00:00.0;1.7414142811468023
2022-06-27T23:00:00.0;0.3464719917263594
2022-06-28T00:00:00.0;0.12192419466766742
2022-06-28T01:00:00.0;0.10871472796667656
2022-06-28T02:00:00.0;0.08226098336824302
2022-06-28T03:00:00.0;0.05250937881355085
2022-06-28T04:00:00.0;0.04131198349094229
2022-06-28T05:00:00.0;0.15021465953661048
2022-06-28T06:00:00.0;0.2549124474116956
2022-06-28T07:00:00.0;0.24816002375661286
2022-06-28T08:00:00.0;0.11928901216338292
2022-06-28T09:00:00.0;0.0
2022-06-28T10:00:00.0;0.0
2022-06-28T11:00:00.0;0.0
2022-06-28T12:00:00.0;0.0
2022-06-28T13:00:00.0;0.0
2022-06-28T14:00:00.0;0.0
2022-06-28T15:00:00.0;0.0
2022-06-28T16:00:00.0;0.0
2022-06-28T17:00:00.0;0.03328143701496084
2022-06-28T18:00:00.0;1.232551343308241
2022-06-28T19:00:00.0;2.230918717536222
2022-06-28T20:00:00.0;2.887422120893201
2022-06-28T21:00:00.0;2.844007673176995
2022-06-28T22:00:00.0;1.7371851549559332
2022-06-28T23:00:00.0;0.22297869576698337
2022-06-29T00:00:00.0;0.12601562785327514
2022-06-29T01:00:00.0;0.11236288858795093
2022-06-29T02:00:00.0;0.08502143069496877
2022-06-29T03:00:00.0;0.05427144593746338
2022-06-29T04:00:00.0;0.04269829750908148
2022-06-29T05:00:00.0;0.15525544118514273
2022-06-29T06:00:00.0;0.2634665924655753
2022-06-29T07:00:00.0;0.25648757645693226
2022-06-29T08:00:00.0;0.12329201603290985
2022-06-29T09:00:00.0;0.0
2022-06-29T10:00:00.0;0.0
2022-06-29T11:00:00.0;0.0
2022-06-29T12:00:00.0;0.0
2022-06-29T13:00:00.0;0.0
2022-06-29T14:00:00.0;0.0
2022-06-29T15:00:00.0;0.0
2022-06-29T16:00:00.0;0.0
2022-06-29T17:00:00.0;0.03302466351391031
2022-06-29T18:00:00.0;1.2322446571594483
2022-06-29T19:00:00.0;2.232169422203992
2022-06-29T20:00:00.0;2.8894953444750575
2022-06-29T21:00:00.0;2.844869100672477
2022-06-29T22:00:00.0;1.7380356194293836
2022-06-29T23:00:00.0;0.2287432605356921
2022-06-30T00:00:00.0;0.20217200712261554
2022-06-30T01:00:00.0;0.18026836114621217
2022-06-30T02:00:00.0;0.13640334603619128
2022-06-30T03:00:00.0;0.08706989237397451
2022-06-30T04:00:00.0;0.06850261872424758
2022-06-30T05:00:00.0;0.24908263122455027
2022-06-30T06:00:00.0;0.42269019101774186
2022-06-30T07:00:00.0;0.41149347122794677
2022-06-30T08:00:00.0;0.19780240568725024
2022-06-30T09:00:00.0;0.0
2022-06-30T10:00:00.0;0.0
2022-06-30T11:00:00.0;0.0
2022-06-30T12:00:00.0;0.0
2022-06-30T13:00:00.0;0.0
2022-06-30T14:00:00.0;0.0
2022-06-30T15:00:00.0;0.0
2022-06-30T16:00:00.0;0.0
2022-06-30T17:00:00.0;0.02766835447620535
2022-06-30T18:00:00.0;1.209038413712927
2022-06-30T19:00:00.0;2.224537028310223
2022-06-30T20:00:00.0;2.888267068203932
2022-06-30T21:00:00.0;2.8211878272961717
2022-06-30T22:00:00.0;1.729742846322245
2022-06-30T23:00:00.0;0.33532123671789643
2022-07-01T00:00:00.0;0.12890543807060523
2022-07-01T01:00:00.0;0.1149396120390157
2022-07-01T02:00:00.0;0.08697115552910138
2022-07-01T03:00:00.0;0.05551600727998169
2022-07-01T04:00:00.0;0.04367746158980972
2022-07-01T05:00:00.0;0.15881578340519903
2022-07-01T06:00:00.0;0.26950844984312733
2022-07-01T07:00:00.0;0.26236938994062564
2022-07-01T08:00:00.0;0.12611936795518072
2022-07-01T09:00:00.0;0.0
2022-07-01T10:00:00.0;0.0
2022-07-01T11:00:00.0;0.0
2022-07-01T12:00:00.0;0.0
2022-07-01T13:00:00.0;0.0
2022-07-01T14:00:00.0;0.0
2022-07-01T15:00:00.0;0.0
2022-07-01T16:00:00.0;0.0
2022-07-01T17:00:00.0;0.0027625860313792963
2022-07-01T18:00:00.0;0.319544016762867
2022-07-01T19:00:00.0;0.8261199266065449
2022-07-01T20:00:00.0;1.754418363939236
2022-07-01T21:00:00.0;1.7197175969249912
2022-07-01T22:00:00.0;1.1099156252584814
2022-07-01T23:00:00.0;0.4051304784858183
2022-07-02T00:00:00.0;0.0
2022-07-02T01:00:00.0;0.0
2022-07-02T02:00:00.0;0.0
2022-07-02T03:00:00.0;0.0
2022-07-02T04:00:00.0;0.0
2022-07-02T05:00:00.0;0.0
2022-07-02T06:00:00.0;0.0
2022-07-02T07:00:00.0;0.0
2022-07-02T08:00:00.0;0.0
2022-07-02T09:00:00.0;0.0
2022-07-02T10:00:00.0;0.0
2022-07-02T11:00:00.0;0.0
2022-07-02T12:00:00.0;0.0
2022-07-02T13:00:00.0;0.0
2022-07-02T14:00:00.0;0.0
2022-07-02T15:00:00.0;0.0
2022-07-02T16:00:00.0;0.0
2022-07-02T17:00:00.0;0.018909384167316173
2022-07-02T18:00:00.0;0.573607049413813
2022-07-02T19:00:00.0;1.1635491358787962
2022-07-02T20:00:00.0;1.9935112287349581
2022-07-02T21:00:00.0;1.9941018359818707
2022-07-02T22:00:00.0;1.2515178371392945
2022-07-02T23:00:00.0;0.1773578741024529
2022-07-03T00:00:00.0;0.0
2022-07-03T01:00:00.0;0.0
2022-07-03T02:00:00.0;0.0
2022-07-03T03:00:00.0;0.0
2022-07-03T04:00:00.0;0.0
2022-07-03T05:00:00.0;0.0
2022-07-03T06:00:00.0;0.0
2022-07-03T07:00:00.0;0.0
2022-07-03T08:00:00.0;0.0
2022-07-03T09:00:00.0;0.0
2022-07-03T10:00:00.0;0.0
2022-07-03T11:00:00.0;0.0
2022-07-03T12:00:00.0;0.0
2022-07-03T13:00:00.0;0.0
2022-07-03T14:00:00.0;0.0
2022-07-03T15:00:00.0;0.0
2022-07-03T16:00:00.0;0.0
2022-07-03T17:00:00.0;0.040933255071702035
2022-07-03T18:00:00.0;1.2416905519940307
2022-07-03T19:00:00.0;2.1936478756411706
2022-07-03T20:00:00.0;2.8256403187430243
2022-07-03T21:00:00.0;2.818337242086819
2022-07-03T22:00:00.0;1.7118414205443149
2022-07-03T23:00:00.0;0.05119539022339626
2022-07-04T00:00:00.0;0.10259564838563427
2022-07-04T01:00:00.0;0.09148026800760015
2022-07-04T02:00:00.0;0.06922021464655888
2022-07-04T03:00:00.0;0.04418510846339635
2022-07-04T04:00:00.0;0.03476282737731148
2022-07-04T05:00:00.0;0.12640124820338658
2022-07-04T06:00:00.0;0.21450137845944034
2022-07-04T07:00:00.0;0.2088194111931729
2022-07-04T08:00:00.0;0.1003782192824241
2022-07-04T09:00:00.0;0.0
2022-07-04T10:00:00.0;0.0
2022-07-04T11:00:00.0;0.0
2022-07-04T12:00:00.0;0.0
2022-07-04T13:00:00.0;0.0
2022-07-04T14:00:00.0;0.0
2022-07-04T15:00:00.0;0.0
2022-07-04T16:00:00.0;0.0
2022-07-04T17:00:00.0;0.03449447368790792
2022-07-04T18:00:00.0;1.2340001748428344
2022-07-04T19:00:00.0;2.2250102004079984
2022-07-04T20:00:00.0;2.8776279005950722
2022-07-04T21:00:00.0;2.8399381600113873
2022-07-04T22:00:00.0;1.7331674327567441
2022-07-04T23:00:00.0;0.19574602401770366
2022-07-05T00:00:00.0;0.15026751855816736
2022-07-05T01:00:00.0;0.13398728978122046
2022-07-05T02:00:00.0;0.10138392858442688
2022-07-05T03:00:00.0;0.0647160645747987
2022-07-05T04:00:00.0;0.050915646913402245
2022-07-05T05:00:00.0;0.18513457645672918
2022-07-05T06:00:00.0;0.3141711210523402
2022-07-05T07:00:00.0;0.3058489832710043
2022-07-05T08:00:00.0;0.14701974368504994
2022-07-05T09:00:00.0;0.0
2022-07-05T10:00:00.0;0.0
2022-07-05T11:00:00.0;0.0
2022-07-05T12:00:00.0;0.0
2022-07-05T13:00:00.0;0.0
2022-07-05T14:00:00.0;0.0
2022-07-05T15:00:00.0;0.0
2022-07-05T16:00:00.0;0.0
2022-07-05T17:00:00.0;0.03150264357593471
2022-07-05T18:00:00.0;1.2304267809718623
2022-07-05T19:00:00.0;2.2395829498190967
2022-07-05T20:00:00.0;2.901784336970611
2022-07-05T21:00:00.0;2.849975195413093
2022-07-05T22:00:00.0;1.743076731069938
2022-07-05T23:00:00.0;0.2629126061879129
2022-07-06T00:00:00.0;0.14543551542140526
2022-07-06T01:00:00.0;0.12967879376876718
2022-07-06T02:00:00.0;0.09812382643036366
2022-07-06T03:00:00.0;0.06263505445348443
2022-07-06T04:00:00.0;0.049278403096797936
2022-07-06T05:00:00.0;0.1791813880182327
2022-07-06T06:00:00.0;0.30406863279026547
2022-07-06T07:00:00.0;0.29601410171628606
2022-07-06T08:00:00.0;0.14229217601461466
2022-07-06T09:00:00.0;0.0
2022-07-06T10:00:00.0;0.0
2022-07-06T11:00:00.0;0.0
2022-07-06T12:00:00.0;0.0
2022-07-06T13:00:00.0;0.0
2022-07-06T14:00:00.0;0.0
2022-07-06T15:00:00.0;0.0
2022-07-06T16:00:00.0;0.0
2022-07-06T17:00:00.0;0.029384300377487536
2022-07-06T18:00:00.0;1.1573310929357383
2022-07-06T19:00:00.0;2.1083305842783595
2022-07-06T20:00:00.0;2.732172167829673
2022-07-06T21:00:00.0;2.6822262104496155
2022-07-06T22:00:00.0;1.640800516549418
2022-07-06T23:00:00.0;0.25307592869860907
2022-07-07T00:00:00.0;0.0
2022-07-07T01:00:00.0;0.0
2022-07-07T02:00:00.0;0.0
2022-07-07T03:00:00.0;0.0
2022-07-07T04:00:00.0;0.0
2022-07-07T05:00:00.0;0.0
2022-07-07T06:00:00.0;0.0
2022-07-07T07:00:00.0;0.0
2022-07-07T08:00:00.0;0.0
2022-07-07T09:00:00.0;0.0
2022-07-07T10:00:00.0;0.0
2022-07-07T11:00:00.0;0.0
2022-07-07T12:00:00.0;0.0
2022-07-07T13:00:00.0;0.0
2022-07-07T14:00:00.0;0.0
2022-07-07T15:00:00.0;0.0
2022-07-07T16:00:00.0;0.0
2022-07-07T17:00:00.0;0.0
2022-07-07T18:00:00.0;0.0
2022-07-07T19:00:00.0;0.19171454353442927
2022-07-07T20:00:00.0;0.8785218203282141
2022-07-07T21:00:00.0;0.8835825487331881
2022-07-07T22:00:00.0;0.5881441786185001
2022-07-07T23:00:00.0;0.19621910382328878
2022-07-08T00:00:00.0;0.1671653219920216
2022-07-08T01:00:00.0;0.1490543575486403
2022-07-08T02:00:00.0;0.11278470044124309
2022-07-08T03:00:00.0;0.07199348120275918
2022-07-08T04:00:00.0;0.05664118628149368
2022-07-08T05:00:00.0;0.2059532318241212
2022-07-08T06:00:00.0;0.3495001256108408
2022-07-08T07:00:00.0;0.34024215119809054
2022-07-08T08:00:00.0;0.16355233005849132
2022-07-08T09:00:00.0;0.0
2022-07-08T10:00:00.0;0.0
2022-07-08T11:00:00.0;0.0
2022-07-08T12:00:00.0;0.0
2022-07-08T13:00:00.0;0.0
2022-07-08T14:00:00.0;0.0
2022-07-08T15:00:00.0;0.0
2022-07-08T16:00:00.0;0.0
2022-07-08T17:00:00.0;0.0297681646240417
2022-07-08T18:00:00.0;1.2087149061660354
2022-07-08T19:00:00.0;2.213224477783744
2022-07-08T20:00:00.0;2.8848813370489435
2022-07-08T21:00:00.0;2.828308992128377
2022-07-08T22:00:00.0;1.7325019823827144
2022-07-08T23:00:00.0;0.29058144775708644
2022-07-09T00:00:00.0;0.0
2022-07-09T01:00:00.0;0.0
2022-07-09T02:00:00.0;0.0
2022-07-09T03:00:00.0;0.0
2022-07-09T04:00:00.0;0.0
2022-07-09T05:00:00.0;0.0
2022-07-09T06:00:00.0;0.0
2022-07-09T07:00:00.0;0.0
2022-07-09T08:00:00.0;0.0
2022-07-09T09:00:00.0;0.0
2022-07-09T10:00:00.0;0.0
2022-07-09T11:00:00.0;0.0
2022-07-09T12:00:00.0;0.0
2022-07-09T13:00:00.0;0.0
2022-07-09T14:00:00.0;0.0
2022-07-09T15:00:00.0;0.0
2022-07-09T16:00:00.0;0.0
2022-07-09T17:00:00.0;0.04008208280015428
2022-07-09T18:00:00.0;1.2158706516257651
2022-07-09T19:00:00.0;2.1506490230011717
2022-07-09T20:00:00.0;2.7788720893385803
2022-07-09T21:00:00.0;2.771789934111216
2022-07-09T22:00:00.0;1.6842711165249626
2022-07-09T23:00:00.0;0.05280848779590463
2022-07-10T00:00:00.0;0.0
2022-07-10T01:00:00.0;0.0
2022-07-10T02:00:00.0;0.0
2022-07-10T03:00:00.0;0.0
2022-07-10T04:00:00.0;0.0
2022-07-10T05:00:00.0;0.0
2022-07-10T06:00:00.0;0.0
2022-07-10T07:00:00.0;0.0
2022-07-10T08:00:00.0;0.0
2022-07-10T09:00:00.0;0.0
2022-07-10T10:00:00.0;0.0
2022-07-10T11:00:00.0;0.0
2022-07-10T12:00:00.0;0.0
2022-07-10T13:00:00.0;0.0
2022-07-10T14:00:00.0;0.0
2022-07-10T15:00:00.0;0.0
2022-07-10T16:00:00.0;0.0
2022-07-10T17:00:00.0;0.03337128827834505
2022-07-10T18:00:00.0;1.0123019361764922
2022-07-10T19:00:00.0;1.8399601657113631
2022-07-10T20:00:00.0;2.539926123734087
2022-07-10T21:00:00.0;2.535333368792524
2022-07-10T22:00:00.0;1.5537878400897247
2022-07-10T23:00:00.0;0.09451368416921095
2022-07-11T00:00:00.0;0.3367675464542828
2022-07-11T01:00:00.0;0.3002815995674675
2022-07-11T02:00:00.0;0.22721355358015882
2022-07-11T03:00:00.0;0.14503646890658875
2022-07-11T04:00:00.0;0.11410807639391266
2022-07-11T05:00:00.0;0.4149088084731456
2022-07-11T06:00:00.0;0.7040951938168375
2022-07-11T07:00:00.0;0.6854442841008425
2022-07-11T08:00:00.0;0.3294888931168868
2022-07-11T09:00:00.0;0.0
2022-07-11T10:00:00.0;0.0
2022-07-11T11:00:00.0;0.0
2022-07-11T12:00:00.0;0.0
2022-07-11T13:00:00.0;0.0
2022-07-11T14:00:00.0;0.0
2022-07-11T15:00:00.0;0.0
2022-07-11T16:00:00.0;0.0
2022-07-11T17:00:00.0;0.019798122705995597
2022-07-11T18:00:00.0;1.2164470890863088
2022-07-11T19:00:00.0;2.296593890691705
2022-07-11T20:00:00.0;2.9962882035402196
2022-07-11T21:00:00.0;2.8892416931535347
2022-07-11T22:00:00.0;1.7818435007635332
2022-07-11T23:00:00.0;0.5256790846813061
2022-07-12T00:00:00.0;0.32486369628633704
2022-07-12T01:00:00.0;0.2896674319997281
2022-07-12T02:00:00.0;0.21918214994159027
2022-07-12T03:00:00.0;0.13990980984181353
2022-07-12T04:00:00.0;0.11007465494743714
2022-07-12T05:00:00.0;0.40024286948518045
2022-07-12T06:00:00.0;0.6792072740056446
2022-07-12T07:00:00.0;0.6612156250678708
2022-07-12T08:00:00.0;0.31784232426854864
2022-07-12T09:00:00.0;0.0
2022-07-12T10:00:00.0;0.0
2022-07-12T11:00:00.0;0.0
2022-07-12T12:00:00.0;0.0
2022-07-12T13:00:00.0;0.0
2022-07-12T14:00:00.0;0.0
2022-07-12T15:00:00.0;0.0
2022-07-12T16:00:00.0;0.0
2022-07-12T17:00:00.0;0.020545194244242008
2022-07-12T18:00:00.0;1.217339379342117
2022-07-12T19:00:00.0;2.2929550188602263
2022-07-12T20:00:00.0;2.990256248046021
2022-07-12T21:00:00.0;2.8867354066344646
2022-07-12T22:00:00.0;1.7793691106889917
2022-07-12T23:00:00.0;0.5089073296074332
2022-07-13T00:00:00.0;0.29338796619174506
2022-07-13T01:00:00.0;0.26160183399341597
2022-07-13T02:00:00.0;0.19794580290750025
2022-07-13T03:00:00.0;0.12635408335557327
2022-07-13T04:00:00.0;0.09940962783302826
2022-07-13T05:00:00.0;0.3614637240275217
2022-07-13T06:00:00.0;0.613399536547526
2022-07-13T07:00:00.0;0.597151081116431
2022-07-13T08:00:00.0;0.2870468881343222
2022-07-13T09:00:00.0;0.0
2022-07-13T10:00:00.0;0.0
2022-07-13T11:00:00.0;0.0
2022-07-13T12:00:00.0;0.0
2022-07-13T13:00:00.0;0.0
2022-07-13T14:00:00.0;0.0
2022-07-13T15:00:00.0;0.0
2022-07-13T16:00:00.0;0.0
2022-07-13T17:00:00.0;0.022520573786779845
2022-07-13T18:00:00.0;1.2196987409655928
2022-07-13T19:00:00.0;2.2833332455683504
2022-07-13T20:00:00.0;2.9743067694824186
2022-07-13T21:00:00.0;2.8801083744641183
2022-07-13T22:00:00.0;1.7728264179436883
2022-07-13T23:00:00.0;0.46456006141521916
2022-07-14T00:00:00.0;0.3130709563286598
2022-07-14T01:00:00.0;0.27915233678031615
2022-07-14T02:00:00.0;0.2112257112038263
2022-07-14T03:00:00.0;0.1348310028718333
2022-07-14T04:00:00.0;0.10607888134587705
2022-07-14T05:00:00.0;0.3857138219686088
2022-07-14T06:00:00.0;0.6545516573538794
2022-07-14T07:00:00.0;0.6372131156723437
2022-07-14T08:00:00.0;0.3063044641737136
2022-07-14T09:00:00.0;0.0
2022-07-14T10:00:00.0;0.0
2022-07-14T11:00:00.0;0.0
2022-07-14T12:00:00.0;0.0
2022-07-14T13:00:00.0;0.0
2022-07-14T14:00:00.0;0.0
2022-07-14T15:00:00.0;0.0
2022-07-14T16:00:00.0;0.0
2022-07-14T17:00:00.0;0.021285292637285055
2022-07-14T18:00:00.0;1.218223340985204
2022-07-14T19:00:00.0;2.289350112158402
2022-07-14T20:00:00.0;2.984280594658606
2022-07-14T21:00:00.0;2.8842525137248742
2022-07-14T22:00:00.0;1.7769178165033932
2022-07-14T23:00:00.0;0.4922921216344176
2022-07-15T00:00:00.0;0.23370387203633514
2022-07-15T01:00:00.0;0.20838401223351904
2022-07-15T02:00:00.0;0.15767756664767277
2022-07-15T03:00:00.0;0.10064979457439716
2022-07-15T04:00:00.0;0.07918666618754937
2022-07-15T05:00:00.0;0.2879309366448103
2022-07-15T06:00:00.0;0.48861529208993093
2022-07-15T07:00:00.0;0.47567226992666006
2022-07-15T08:00:00.0;0.2286527633826972
2022-07-15T09:00:00.0;0.0
2022-07-15T10:00:00.0;0.0
2022-07-15T11:00:00.0;0.0
2022-07-15T12:00:00.0;0.0
2022-07-15T13:00:00.0;0.0
2022-07-15T14:00:00.0;0.0
2022-07-15T15:00:00.0;0.0
2022-07-15T16:00:00.0;0.0
2022-07-15T17:00:00.0;0.026266276849272293
2022-07-15T18:00:00.0;1.2241725485900385
2022-07-15T19:00:00.0;2.265088495681103
2022-07-15T20:00:00.0;2.944063462100542
2022-07-15T21:00:00.0;2.86754223506601
2022-07-15T22:00:00.0;1.7604202024669677
2022-07-15T23:00:00.0;0.3804690324743498
2022-07-16T00:00:00.0;0.0
2022-07-16T01:00:00.0;0.0
2022-07-16T02:00:00.0;0.0
2022-07-16T03:00:00.0;0.0
2022-07-16T04:00:00.0;0.0
2022-07-16T05:00:00.0;0.0
2022-07-16T06:00:00.0;0.0
2022-07-16T07:00:00.0;0.0
2022-07-16T08:00:00.0;0.0
2022-07-16T09:00:00.0;0.0
2022-07-16T10:00:00.0;0.0
2022-07-16T11:00:00.0;0.0
2022-07-16T12:00:00.0;0.0
2022-07-16T13:00:00.0;0.0
2022-07-16T14:00:00.0;0.0
2022-07-16T15:00:00.0;0.0
2022-07-16T16:00:00.0;0.0
2022-07-16T17:00:00.0;0.028244367417015605
2022-07-16T18:00:00.0;0.8624356818787307
2022-07-16T19:00:00.0;1.606101411658575
2022-07-16T20:00:00.0;2.3388899858436285
2022-07-16T21:00:00.0;2.3326382184754677
2022-07-16T22:00:00.0;1.4394259440616433
2022-07-16T23:00:00.0;0.12147969379870732
2022-07-17T00:00:00.0;0.006322815551391649
2022-07-17T01:00:00.0;0.0056377913713241004
2022-07-17T02:00:00.0;0.004265937751987674
2022-07-17T03:00:00.0;0.0027230617996796833
2022-07-17T04:00:00.0;0.002142380783300213
2022-07-17T05:00:00.0;0.025490658969993217
2022-07-17T06:00:00.0;0.15111924912070784
2022-07-17T07:00:00.0;0.12857125579587353
2022-07-17T08:00:00.0;0.03528004166058804
2022-07-17T09:00:00.0;0.0
2022-07-17T10:00:00.0;0.0
2022-07-17T11:00:00.0;0.0
2022-07-17T12:00:00.0;0.0
2022-07-17T13:00:00.0;0.0
2022-07-17T14:00:00.0;0.0
2022-07-17T15:00:00.0;0.0
2022-07-17T16:00:00.0;0.09161035249571105
2022-07-17T17:00:00.0;0.1722194014239656
2022-07-17T18:00:00.0;1.3706725665402666
2022-07-17T19:00:00.0;2.3066411915480454
2022-07-17T20:00:00.0;2.882616578607034
2022-07-17T21:00:00.0;2.8174007024640235
2022-07-17T22:00:00.0;1.737690292273587
2022-07-17T23:00:00.0;0.14173132280036208
2022-07-18T00:00:00.0;0.2227724248832603
2022-07-18T01:00:00.0;0.198636895947306
2022-07-18T02:00:00.0;0.15030223318821478
2022-07-18T03:00:00.0;0.09594192259619219
2022-07-18T04:00:00.0;0.07548272731347376
2022-07-18T05:00:00.0;0.2744630304854347
2022-07-18T06:00:00.0;0.4657604193951607
2022-07-18T07:00:00.0;0.45342280424353265
2022-07-18T08:00:00.0;0.21795758072464574
2022-07-18T09:00:00.0;0.0
2022-07-18T10:00:00.0;0.0
2022-07-18T11:00:00.0;0.0
2022-07-18T12:00:00.0;0.0
2022-07-18T13:00:00.0;0.0
2022-07-18T14:00:00.0;0.0
2022-07-18T15:00:00.0;0.0
2022-07-18T16:00:00.0;0.0
2022-07-18T17:00:00.0;0.026952321525968374
2022-07-18T18:00:00.0;1.2249919493418084
2022-07-18T19:00:00.0;2.2617468764099082
2022-07-18T20:00:00.0;2.938524245646685
2022-07-18T21:00:00.0;2.865240682354312
2022-07-18T22:00:00.0;1.7581479406395484
2022-07-18T23:00:00.0;0.36506733036388095
2022-07-19T00:00:00.0;0.2202004523726682
2022-07-19T01:00:00.0;0.1963435751458938
2022-07-19T02:00:00.0;0.14856695014210497
2022-07-19T03:00:00.0;0.0948342451641219
2022-07-19T04:00:00.0;0.07461125724810767
2022-07-19T05:00:00.0;0.2712942748822568
2022-07-19T06:00:00.0;0.4603830797363858
2022-07-19T07:00:00.0;0.4481879059440637
2022-07-19T08:00:00.0;0.21544119699181746
2022-07-19T09:00:00.0;0.0
2022-07-19T10:00:00.0;0.0
2022-07-19T11:00:00.0;0.0
2022-07-19T12:00:00.0;0.0
2022-07-19T13:00:00.0;0.0
2022-07-19T14:00:00.0;0.0
2022-07-19T15:00:00.0;0.0
2022-07-19T16:00:00.0;0.0
2022-07-19T17:00:00.0;0.027113735474624208
2022-07-19T18:00:00.0;1.2251847395716107
2022-07-19T19:00:00.0;2.260960653617443
2022-07-19T20:00:00.0;2.937220967841831
2022-07-19T21:00:00.0;2.864699168479409
2022-07-19T22:00:00.0;1.7576133183818408
2022-07-19T23:00:00.0;0.3614435874239252
2022-07-20T00:00:00.0;0.09238287761519183
2022-07-20T01:00:00.0;0.08237396552907243
2022-07-20T02:00:00.0;0.062329764651945715
2022-07-20T03:00:00.0;0.039786750528100254
2022-07-20T04:00:00.0;0.03130240003050547
2022-07-20T05:00:00.0;0.11381877523000321
2022-07-20T06:00:00.0;0.19314907509550036
2022-07-20T07:00:00.0;0.1880327129999067
2022-07-20T08:00:00.0;0.09038618004871966
2022-07-20T09:00:00.0;0.0
2022-07-20T10:00:00.0;0.0
2022-07-20T11:00:00.0;0.0
2022-07-20T12:00:00.0;0.0
2022-07-20T13:00:00.0;0.0
2022-07-20T14:00:00.0;0.0
2022-07-20T15:00:00.0;0.0
2022-07-20T16:00:00.0;0.0
2022-07-20T17:00:00.0;0.0
2022-07-20T18:00:00.0;0.1689498328495884
2022-07-20T19:00:00.0;0.5752811988858028
2022-07-20T20:00:00.0;1.5300080820995234
2022-07-20T21:00:00.0;1.507850250034179
2022-07-20T22:00:00.0;0.9866855027497551
2022-07-20T23:00:00.0;0.3792953645184231
2022-07-21T00:00:00.0;0.33724590420211864
2022-07-21T01:00:00.0;0.30070813125437734
2022-07-21T02:00:00.0;0.22753629656686505
2022-07-21T03:00:00.0;0.14524248435953452
2022-07-21T04:00:00.0;0.11427015995276021
2022-07-21T05:00:00.0;0.4154981611149549
2022-07-21T06:00:00.0;0.7050953180708591
2022-07-21T07:00:00.0;0.6864179158758209
2022-07-21T08:00:00.0;0.32995691198185095
2022-07-21T09:00:00.0;0.0
2022-07-21T10:00:00.0;0.0
2022-07-21T11:00:00.0;0.0
2022-07-21T12:00:00.0;0.0
2022-07-21T13:00:00.0;0.0
2022-07-21T14:00:00.0;0.0
2022-07-21T15:00:00.0;0.0
2022-07-21T16:00:00.0;0.0
2022-07-21T17:00:00.0;0.008471097850465696
2022-07-21T18:00:00.0;0.8737220734872758
2022-07-21T19:00:00.0;1.6913241047417573
2022-07-21T20:00:00.0;2.2166935429515715
2022-07-21T21:00:00.0;2.111520899724966
2022-07-21T22:00:00.0;1.3094987369254982
2022-07-21T23:00:00.0;0.5122238509034472
2022-07-22T00:00:00.0;0.25687384077461406
2022-07-22T01:00:00.0;0.22904370865590906
2022-07-22T02:00:00.0;0.17331010306275818
2022-07-22T03:00:00.0;0.11062845934140796
2022-07-22T04:00:00.0;0.08703742434601407
2022-07-22T05:00:00.0;0.31647710809979757
2022-07-22T06:00:00.0;0.5370577973172665
2022-07-22T07:00:00.0;0.5228315725425506
2022-07-22T08:00:00.0;0.25132195295724774
2022-07-22T09:00:00.0;0.0
2022-07-22T10:00:00.0;0.0
2022-07-22T11:00:00.0;0.0
2022-07-22T12:00:00.0;0.0
2022-07-22T13:00:00.0;0.0
2022-07-22T14:00:00.0;0.0
2022-07-22T15:00:00.0;0.0
2022-07-22T16:00:00.0;0.0
2022-07-22T17:00:00.0;0.024812157052549882
2022-07-22T18:00:00.0;1.2224357712414609
2022-07-22T19:00:00.0;2.2721712920359325
2022-07-22T20:00:00.0;2.9558042197763745
2022-07-22T21:00:00.0;2.8724205374200156
2022-07-22T22:00:00.0;1.7652364207379105
2022-07-22T23:00:00.0;0.41311402004266734
2022-07-23T00:00:00.0;0.1973136279382308
2022-07-23T01:00:00.0;0.17593634671028316
2022-07-23T02:00:00.0;0.13312544823770556
2022-07-23T03:00:00.0;0.08497752281838228
2022-07-23T04:00:00.0;0.0668564378230317
2022-07-23T05:00:00.0;0.2430969466188709
2022-07-23T06:00:00.0;0.412532557155806
2022-07-23T07:00:00.0;0.4016049048355105
2022-07-23T08:00:00.0;0.19304903204225632
2022-07-23T09:00:00.0;0.0
2022-07-23T10:00:00.0;0.0
2022-07-23T11:00:00.0;0.0
2022-07-23T12:00:00.0;0.0
2022-07-23T13:00:00.0;0.0
2022-07-23T14:00:00.0;0.0
2022-07-23T15:00:00.0;0.0
2022-07-23T16:00:00.0;0.0
2022-07-23T17:00:00.0;0.02855008547017874
2022-07-23T18:00:00.0;1.226900292954854
2022-07-23T19:00:00.0;2.2539644112612742
2022-07-23T20:00:00.0;2.92562368591671
2022-07-23T21:00:00.0;2.8598804805141644
2022-07-23T22:00:00.0;1.7528559558126415
2022-07-23T23:00:00.0;0.3291975318689977
2022-07-24T00:00:00.0;0.016454434064396735
2022-07-24T01:00:00.0;0.014671733760738813
2022-07-24T02:00:00.0;0.011101635164329987
2022-07-24T03:00:00.0;0.007086469701973986
2022-07-24T04:00:00.0;0.005575311038748412
2022-07-24T05:00:00.0;0.020272409570456
2022-07-24T06:00:00.0;0.03440203209512814
2022-07-24T07:00:00.0;0.03349075021124709
2022-07-24T08:00:00.0;0.016098799673022735
2022-07-24T09:00:00.0;0.0
2022-07-24T10:00:00.0;0.0
2022-07-24T11:00:00.0;0.0
2022-07-24T12:00:00.0;0.0
2022-07-24T13:00:00.0;0.0
2022-07-24T14:00:00.0;0.0
2022-07-24T15:00:00.0;0.0
2022-07-24T16:00:00.0;0.0
2022-07-24T17:00:00.0;0.014228302719775711
2022-07-24T18:00:00.0;0.46675976643703215
2022-07-24T19:00:00.0;1.0032457396576402
2022-07-24T20:00:00.0;1.8574486293324894
2022-07-24T21:00:00.0;1.851346033694794
2022-07-24T22:00:00.0;1.1722391214107593
2022-07-24T23:00:00.0;0.21929135903389443
2022-07-25T00:00:00.0;0.14977871668367332
2022-07-25T01:00:00.0;0.13355144550141965
2022-07-25T02:00:00.0;0.10105413905431991
2022-07-25T03:00:00.0;0.06450555112533495
2022-07-25T04:00:00.0;0.050750024536117065
2022-07-25T05:00:00.0;0.18453235630380452
2022-07-25T06:00:00.0;0.31314916078869987
2022-07-25T07:00:00.0;0.3048540939045635
2022-07-25T08:00:00.0;0.14654150642532524
2022-07-25T09:00:00.0;0.0
2022-07-25T10:00:00.0;0.0
2022-07-25T11:00:00.0;0.0
2022-07-25T12:00:00.0;0.0
2022-07-25T13:00:00.0;0.0
2022-07-25T14:00:00.0;0.0
2022-07-25T15:00:00.0;0.0
2022-07-25T16:00:00.0;0.0
2022-07-25T17:00:00.0;0.018986965894514388
2022-07-25T18:00:00.0;0.8498758133507535
2022-07-25T19:00:00.0;1.6295812288887932
2022-07-25T20:00:00.0;2.321939421937692
2022-07-25T21:00:00.0;2.274163788454314
2022-07-25T22:00:00.0;1.4100745578016756
2022-07-25T23:00:00.0;0.31051853579828237
2022-07-26T00:00:00.0;0.18097062222605573
2022-07-26T01:00:00.0;0.16136396897180533
2022-07-26T02:00:00.0;0.12209899262124005
2022-07-26T03:00:00.0;0.07793904222614427
2022-07-26T04:00:00.0;0.06131888242630292
2022-07-26T05:00:00.0;0.22296182048126698
2022-07-26T06:00:00.0;0.3783634933739261
2022-07-26T07:00:00.0;0.3683409517961443
2022-07-26T08:00:00.0;0.17705925238859682
2022-07-26T09:00:00.0;0.0
2022-07-26T10:00:00.0;0.0
2022-07-26T11:00:00.0;0.0
2022-07-26T12:00:00.0;0.0
2022-07-26T13:00:00.0;0.0
2022-07-26T14:00:00.0;0.0
2022-07-26T15:00:00.0;0.0
2022-07-26T16:00:00.0;0.0
2022-07-26T17:00:00.0;0.0
2022-07-26T18:00:00.0;0.33095912538180394
2022-07-26T19:00:00.0;0.8493410305906104
2022-07-26T20:00:00.0;1.7251278050410919
2022-07-26T21:00:00.0;1.6743948332955616
2022-07-26T22:00:00.0;1.0812480376106628
2022-07-26T23:00:00.0;0.45889828257342286
2022-07-27T00:00:00.0;0.29672240342948986
2022-07-27T01:00:00.0;0.2645750128461569
2022-07-27T02:00:00.0;0.2001955129581118
2022-07-27T03:00:00.0;0.12779013325956481
2022-07-27T04:00:00.0;0.10053944637718819
2022-07-27T05:00:00.0;0.36557186151228666
2022-07-27T06:00:00.0;0.6203709958163861
2022-07-27T07:00:00.0;0.6039378720924891
2022-07-27T08:00:00.0;0.29030925722599893
2022-07-27T09:00:00.0;0.0
2022-07-27T10:00:00.0;0.0
2022-07-27T11:00:00.0;0.0
2022-07-27T12:00:00.0;0.0
2022-07-27T13:00:00.0;0.0
2022-07-27T14:00:00.0;0.0
2022-07-27T15:00:00.0;0.0
2022-07-27T16:00:00.0;0.0
2022-07-27T17:00:00.0;0.019141327223137067
2022-07-27T18:00:00.0;1.1232889459124948
2022-07-27T19:00:00.0;2.1360864349095245
2022-07-27T20:00:00.0;2.8562248356628324
2022-07-27T21:00:00.0;2.7621750193338657
2022-07-27T22:00:00.0;1.7072633694444856
2022-07-27T23:00:00.0;0.48741712389113917
2022-07-28T00:00:00.0;0.31131957246148445
2022-07-28T01:00:00.0;0.2775907007063263
2022-07-28T02:00:00.0;0.21004407076271603
2022-07-28T03:00:00.0;0.1340767302749946
2022-07-28T04:00:00.0;0.10548545408064668
2022-07-28T05:00:00.0;0.38355605884339194
2022-07-28T06:00:00.0;0.6508899596149201
2022-07-28T07:00:00.0;0.6336484133319277
2022-07-28T08:00:00.0;0.3045909334671652
2022-07-28T09:00:00.0;0.0
2022-07-28T10:00:00.0;0.0
2022-07-28T11:00:00.0;0.0
2022-07-28T12:00:00.0;0.0
2022-07-28T13:00:00.0;0.0
2022-07-28T14:00:00.0;0.0
2022-07-28T15:00:00.0;0.0
2022-07-28T16:00:00.0;0.0
2022-07-28T17:00:00.0;0.010077712625348602
2022-07-28T18:00:00.0;0.8750438750132078
2022-07-28T19:00:00.0;1.7594737670872758
2022-07-28T20:00:00.0;2.5557836183052283
2022-07-28T21:00:00.0;2.4603306192550685
2022-07-28T22:00:00.0;1.5400054413690214
2022-07-28T23:00:00.0;0.554656156138213
2022-07-29T00:00:00.0;0.32907023492964765
2022-07-29T01:00:00.0;0.29341822736512163
2022-07-29T02:00:00.0;0.2220202577209235
2022-07-29T03:00:00.0;0.14172144970310196
2022-07-29T04:00:00.0;0.11149997053356946
2022-07-29T05:00:00.0;0.40542546488271286
2022-07-29T06:00:00.0;0.6880020752640903
2022-07-29T07:00:00.0;0.6697774591853931
2022-07-29T08:00:00.0;0.32195794578858716
2022-07-29T09:00:00.0;0.0
2022-07-29T10:00:00.0;0.0
2022-07-29T11:00:00.0;0.0
2022-07-29T12:00:00.0;0.0
2022-07-29T13:00:00.0;0.0
2022-07-29T14:00:00.0;0.0
2022-07-29T15:00:00.0;0.0
2022-07-29T16:00:00.0;0.0
2022-07-29T17:00:00.0;0.010650926096099897
2022-07-29T18:00:00.0;0.9248944457774025
2022-07-29T19:00:00.0;1.8438146510355626
2022-07-29T20:00:00.0;2.6285267638478484
2022-07-29T21:00:00.0;2.5272116672594858
2022-07-29T22:00:00.0;1.5789600501752525
2022-07-29T23:00:00.0;0.5700005253839555
2022-07-30T00:00:00.0;0.3045542188803249
2022-07-30T01:00:00.0;0.27155831659930885
2022-07-30T02:00:00.0;0.20547955721446592
2022-07-30T03:00:00.0;0.13116307958434192
2022-07-30T04:00:00.0;0.10319312665361657
2022-07-30T05:00:00.0;0.37522091840954525
2022-07-30T06:00:00.0;0.6367453278321998
2022-07-30T07:00:00.0;0.6198784613548107
2022-07-30T08:00:00.0;0.2979718014086572
2022-07-30T09:00:00.0;0.0
2022-07-30T10:00:00.0;0.0
2022-07-30T11:00:00.0;0.0
2022-07-30T12:00:00.0;0.0
2022-07-30T13:00:00.0;0.0
2022-07-30T14:00:00.0;0.0
2022-07-30T15:00:00.0;0.0
2022-07-30T16:00:00.0;0.0
2022-07-30T17:00:00.0;0.021819792992766793
2022-07-30T18:00:00.0;1.218861739631794
2022-07-30T19:00:00.0;2.2867466422255984
2022-07-30T20:00:00.0;2.9799649673179274
2022-07-30T21:00:00.0;2.8824593641176404
2022-07-30T22:00:00.0;1.7751474875499609
2022-07-30T23:00:00.0;0.48029258934052255
2022-07-31T00:00:00.0;0.13975920184415142
2022-07-31T01:00:00.0;0.12461746129011723
2022-07-31T02:00:00.0;0.09429407682205859
2022-07-31T03:00:00.0;0.06019042317496785
2022-07-31T04:00:00.0;0.047355078744054785
2022-07-31T05:00:00.0;0.17218798105947145
2022-07-31T06:00:00.0;0.2922009063705992
2022-07-31T07:00:00.0;0.2844607417287885
2022-07-31T08:00:00.0;0.136738546226812
2022-07-31T09:00:00.0;0.0
2022-07-31T10:00:00.0;0.0
2022-07-31T11:00:00.0;0.0
2022-07-31T12:00:00.0;0.0
2022-07-31T13:00:00.0;0.0
2022-07-31T14:00:00.0;0.0
2022-07-31T15:00:00.0;0.0
2022-07-31T16:00:00.0;0.0
2022-07-31T17:00:00.0;0.02067432181481559
2022-07-31T18:00:00.0;0.8827372498559475
2022-07-31T19:00:00.0;1.6637237739646693
2022-07-31T20:00:00.0;2.3004716782149495
2022-07-31T21:00:00.0;2.2549594062265834
2022-07-31T22:00:00.0;1.392368102999597
2022-07-31T23:00:00.0;0.27774407705236925
2022-08-01T00:00:00.0;0.34882004076520495
2022-08-01T01:00:00.0;0.3110283069285725
2022-08-01T02:00:00.0;0.23534524587272665
2022-08-01T03:00:00.0;0.15022714489297034
2022-08-01T04:00:00.0;0.11819186343351269
2022-08-01T05:00:00.0;0.4297578819849038
2022-08-01T06:00:00.0;0.7292938906840758
2022-08-01T07:00:00.0;0.7099754879581031
2022-08-01T08:00:00.0;0.34128089341980905
2022-08-01T09:00:00.0;0.0
2022-08-01T10:00:00.0;0.0
2022-08-01T11:00:00.0;0.0
2022-08-01T12:00:00.0;0.0
2022-08-01T13:00:00.0;0.0
2022-08-01T14:00:00.0;0.0
2022-08-01T15:00:00.0;0.0
2022-08-01T16:00:00.0;0.0
2022-08-01T17:00:00.0;0.01904172243738229
2022-08-01T18:00:00.0;1.2155436567446636
2022-08-01T19:00:00.0;2.300278201349879
2022-08-01T20:00:00.0;3.0023954804507884
2022-08-01T21:00:00.0;2.8917792758336303
2022-08-01T22:00:00.0;1.7843487887061449
2022-08-01T23:00:00.0;0.5426602697399311
2022-08-02T00:00:00.0;0.14816330497760477
2022-08-02T01:00:00.0;0.13211105014217106
2022-08-02T02:00:00.0;0.0999642376131172
2022-08-02T03:00:00.0;0.06380983797795671
2022-08-02T04:00:00.0;0.05020266917392596
2022-08-02T05:00:00.0;0.18254211539961018
2022-08-02T06:00:00.0;0.30977174621816395
2022-08-02T07:00:00.0;0.30156614430237516
2022-08-02T08:00:00.0;0.1449610090746613
2022-08-02T09:00:00.0;0.0
2022-08-02T10:00:00.0;0.0
2022-08-02T11:00:00.0;0.0
2022-08-02T12:00:00.0;0.0
2022-08-02T13:00:00.0;0.0
2022-08-02T14:00:00.0;0.0
2022-08-02T15:00:00.0;0.0
2022-08-02T16:00:00.0;0.0
2022-08-02T17:00:00.0;0.0014073826975838947
2022-08-02T18:00:00.0;0.3136533696720428
2022-08-02T19:00:00.0;0.8251499613613434
2022-08-02T20:00:00.0;1.7586376825066812
2022-08-02T21:00:00.0;1.7182856865904172
2022-08-02T22:00:00.0;1.1108545009510065
2022-08-02T23:00:00.0;0.43310337110796776
2022-08-03T00:00:00.0;0.15196792100443893
2022-08-03T01:00:00.0;0.13550346784484563
2022-08-03T02:00:00.0;0.10253117239221525
2022-08-03T03:00:00.0;0.06544838088355215
2022-08-03T04:00:00.0;0.051491799972930775
2022-08-03T05:00:00.0;0.18722952877721097
2022-08-03T06:00:00.0;0.31772622962078634
2022-08-03T07:00:00.0;0.30930991990144696
2022-08-03T08:00:00.0;0.14868339484673135
2022-08-03T09:00:00.0;0.0
2022-08-03T10:00:00.0;0.0
2022-08-03T11:00:00.0;0.0
2022-08-03T12:00:00.0;0.0
2022-08-03T13:00:00.0;0.0
2022-08-03T14:00:00.0;0.0
2022-08-03T15:00:00.0;0.0
2022-08-03T16:00:00.0;0.0
2022-08-03T17:00:00.0;0.0014517920506754401
2022-08-03T18:00:00.0;0.3240317024233797
2022-08-03T19:00:00.0;0.8417342061079979
2022-08-03T20:00:00.0;1.7685800002476777
2022-08-03T21:00:00.0;1.7257180187503904
2022-08-03T22:00:00.0;1.1149237932617424
2022-08-03T23:00:00.0;0.43596073760363363
2022-08-04T00:00:00.0;0.38540932123793337
2022-08-04T01:00:00.0;0.3436534449000104
2022-08-04T02:00:00.0;0.26003165205016493
2022-08-04T03:00:00.0;0.16598513611115842
2022-08-04T04:00:00.0;0.1305895319598865
2022-08-04T05:00:00.0;0.4748370914386282
2022-08-04T06:00:00.0;0.8057927600000407
2022-08-04T07:00:00.0;0.7844479643693625
2022-08-04T08:00:00.0;0.377079359304761
2022-08-04T09:00:00.0;0.0
2022-08-04T10:00:00.0;0.0
2022-08-04T11:00:00.0;0.0
2022-08-04T12:00:00.0;0.0
2022-08-04T13:00:00.0;0.0
2022-08-04T14:00:00.0;0.0
2022-08-04T15:00:00.0;0.0
2022-08-04T16:00:00.0;0.0
2022-08-04T17:00:00.0;0.01674542252933265
2022-08-04T18:00:00.0;1.2128009929869523
2022-08-04T19:00:00.0;2.3114631289294287
2022-08-04T20:00:00.0;3.020936112957282
2022-08-04T21:00:00.0;2.899482936338212
2022-08-04T22:00:00.0;1.7919544079939378
2022-08-04T23:00:00.0;0.5942121997256005
2022-08-05T00:00:00.0;0.3476205801606388
2022-08-05T01:00:00.0;0.3099587978480525
2022-08-05T02:00:00.0;0.23453598230439202
2022-08-05T03:00:00.0;0.14971057038182617
2022-08-05T04:00:00.0;0.11778544617704494
2022-08-05T05:00:00.0;0.4282801066603786
2022-08-05T06:00:00.0;0.7267861239597001
2022-08-05T07:00:00.0;0.7075341499370844
2022-08-05T08:00:00.0;0.3401073571004789
2022-08-05T09:00:00.0;0.0
2022-08-05T10:00:00.0;0.0
2022-08-05T11:00:00.0;0.0
2022-08-05T12:00:00.0;0.0
2022-08-05T13:00:00.0;0.0
2022-08-05T14:00:00.0;0.0
2022-08-05T15:00:00.0;0.0
2022-08-05T16:00:00.0;0.0
2022-08-05T17:00:00.0;0.018432460162924273
2022-08-05T18:00:00.0;1.194868405579136
2022-08-05T19:00:00.0;2.2632265138700736
2022-08-05T20:00:00.0;2.9545336624675245
2022-08-05T21:00:00.0;2.8443948442687206
2022-08-05T22:00:00.0;1.7554718298887302
2022-08-05T23:00:00.0;0.5401141515759321
2022-08-06T00:00:00.0;0.10541418825075347
2022-08-06T01:00:00.0;0.09399344265300073
2022-08-06T02:00:00.0;0.07112185411688123
2022-08-06T03:00:00.0;0.0453989756362085
2022-08-06T04:00:00.0;0.03571784268574759
2022-08-06T05:00:00.0;0.1790321314459212
2022-08-06T06:00:00.0;0.6033685511148744
2022-08-06T07:00:00.0;0.5358828794309374
2022-08-06T08:00:00.0;0.1839351314174735
2022-08-06T09:00:00.0;0.0
2022-08-06T10:00:00.0;0.0
2022-08-06T11:00:00.0;0.0
2022-08-06T12:00:00.0;0.0
2022-08-06T13:00:00.0;0.0
2022-08-06T14:00:00.0;0.0
2022-08-06T15:00:00.0;0.0
2022-08-06T16:00:00.0;0.25441951052945777
2022-08-06T17:00:00.0;0.4000264055055711
2022-08-06T18:00:00.0;1.5933129225107634
2022-08-06T19:00:00.0;2.534308103065726
2022-08-06T20:00:00.0;3.0283922254052684
2022-08-06T21:00:00.0;2.834233550424371
2022-08-06T22:00:00.0;1.8018905441986008
2022-08-06T23:00:00.0;0.42641236418427814
2022-08-07T00:00:00.0;0.002466491809741776
2022-08-07T01:00:00.0;0.0021992680522434564
2022-08-07T02:00:00.0;0.0016641163166352334
2022-08-07T03:00:00.0;0.0010622498112968614
2022-08-07T04:00:00.0;0.0008357296859933078
2022-08-07T05:00:00.0;0.07114694287773239
2022-08-07T06:00:00.0;0.5357618979134834
2022-08-07T07:00:00.0;0.4502134769668446
2022-08-07T08:00:00.0;0.11435936859976621
2022-08-07T09:00:00.0;0.0
2022-08-07T10:00:00.0;0.0
2022-08-07T11:00:00.0;0.0
2022-08-07T12:00:00.0;0.0
2022-08-07T13:00:00.0;0.0
2022-08-07T14:00:00.0;0.0
2022-08-07T15:00:00.0;0.0
2022-08-07T16:00:00.0;0.3524943564441622
2022-08-07T17:00:00.0;0.5474624605477686
2022-08-07T18:00:00.0;1.7396207219029207
2022-08-07T19:00:00.0;2.621735659369323
2022-08-07T20:00:00.0;3.033793046673327
2022-08-07T21:00:00.0;2.810130713578746
2022-08-07T22:00:00.0;1.8067572204264986
2022-08-07T23:00:00.0;0.3687532638683535
2022-08-08T00:00:00.0;0.25680306943653913
2022-08-08T01:00:00.0;0.22898060480037302
2022-08-08T02:00:00.0;0.17326235437858437
2022-08-08T03:00:00.0;0.11059798008328983
2022-08-08T04:00:00.0;0.087013444656354
2022-08-08T05:00:00.0;0.3477279887085719
2022-08-08T06:00:00.0;0.7810530507669807
2022-08-08T07:00:00.0;0.7275308644876751
2022-08-08T08:00:00.0;0.3027616441516854
2022-08-08T09:00:00.0;0.0
2022-08-08T10:00:00.0;0.0
2022-08-08T11:00:00.0;0.0
2022-08-08T12:00:00.0;0.0
2022-08-08T13:00:00.0;0.0
2022-08-08T14:00:00.0;0.0
2022-08-08T15:00:00.0;0.0
2022-08-08T16:00:00.0;0.16219050285389414
2022-08-08T17:00:00.0;0.25795318978191734
2022-08-08T18:00:00.0;1.4516349044258938
2022-08-08T19:00:00.0;2.4687754578106293
2022-08-08T20:00:00.0;3.050968989804564
2022-08-08T21:00:00.0;2.868390686377168
2022-08-08T22:00:00.0;1.8086586799190718
2022-08-08T23:00:00.0;0.557530773418847
2022-08-09T00:00:00.0;0.27692974535751713
2022-08-09T01:00:00.0;0.2469267237276841
2022-08-09T02:00:00.0;0.18684161284903333
2022-08-09T03:00:00.0;0.1192659827965566
2022-08-09T04:00:00.0;0.09383303371036712
2022-08-09T05:00:00.0;0.34118664903079415
2022-08-09T06:00:00.0;0.5789895872808465
2022-08-09T07:00:00.0;0.5636526234530753
2022-08-09T08:00:00.0;0.2709443835360081
2022-08-09T09:00:00.0;0.0
2022-08-09T10:00:00.0;0.0
2022-08-09T11:00:00.0;0.0
2022-08-09T12:00:00.0;0.0
2022-08-09T13:00:00.0;0.0
2022-08-09T14:00:00.0;0.0
2022-08-09T15:00:00.0;0.0
2022-08-09T16:00:00.0;0.0
2022-08-09T17:00:00.0;0.021976040626130313
2022-08-09T18:00:00.0;1.173081791204491
2022-08-09T19:00:00.0;2.193766255844056
2022-08-09T20:00:00.0;2.857076222494147
2022-08-09T21:00:00.0;2.7680338411429193
2022-08-09T22:00:00.0;1.703436656033866
2022-08-09T23:00:00.0;0.43939859240988977
2022-08-10T00:00:00.0;0.1856503815685173
2022-08-10T01:00:00.0;0.16553671553168184
2022-08-10T02:00:00.0;0.1252563774740735
2022-08-10T03:00:00.0;0.07995448515557567
2022-08-10T04:00:00.0;0.06290454096786083
2022-08-10T05:00:00.0;0.22872743950591784
2022-08-10T06:00:00.0;0.38814767862555916
2022-08-10T07:00:00.0;0.3778659619285956
2022-08-10T08:00:00.0;0.18163786675341773
2022-08-10T09:00:00.0;0.0
2022-08-10T10:00:00.0;0.0
2022-08-10T11:00:00.0;0.0
2022-08-10T12:00:00.0;0.0
2022-08-10T13:00:00.0;0.0
2022-08-10T14:00:00.0;0.0
2022-08-10T15:00:00.0;0.0
2022-08-10T16:00:00.0;0.0
2022-08-10T17:00:00.0;0.025073955606687532
2022-08-10T18:00:00.0;1.1001238216785498
2022-08-10T19:00:00.0;2.0374555115110953
2022-08-10T20:00:00.0;2.6868377913654573
2022-08-10T21:00:00.0;2.6256316480542328
2022-08-10T22:00:00.0;1.6130164567668905
2022-08-10T23:00:00.0;0.3203692266580891
2022-08-11T00:00:00.0;0.27150956647472757
2022-08-11T01:00:00.0;0.2420937758917001
2022-08-11T02:00:00.0;0.1831846746494793
2022-08-11T03:00:00.0;0.11693166164750676
2022-08-11T04:00:00.0;0.0919964963345485
2022-08-11T05:00:00.0;0.33450880852731557
2022-08-11T06:00:00.0;0.5676573732917597
2022-08-11T07:00:00.0;0.5526205906068922
2022-08-11T08:00:00.0;0.265641352530233
2022-08-11T09:00:00.0;0.0
2022-08-11T10:00:00.0;0.0
2022-08-11T11:00:00.0;0.0
2022-08-11T12:00:00.0;0.0
2022-08-11T13:00:00.0;0.0
2022-08-11T14:00:00.0;0.0
2022-08-11T15:00:00.0;0.0
2022-08-11T16:00:00.0;0.0
2022-08-11T17:00:00.0;0.021964292509876825
2022-08-11T18:00:00.0;1.1628129930816793
2022-08-11T19:00:00.0;2.1732500993665003
2022-08-11T20:00:00.0;2.8300370465721616
2022-08-11T21:00:00.0;2.7426627938589654
2022-08-11T22:00:00.0;1.6875929181178984
2022-08-11T23:00:00.0;0.431321772944629
2022-08-12T00:00:00.0;0.388335573041255
2022-08-12T01:00:00.0;0.34626266179602705
2022-08-12T02:00:00.0;0.26200596364254786
2022-08-12T03:00:00.0;0.16724539183696635
2022-08-12T04:00:00.0;0.13158104366532505
2022-08-12T05:00:00.0;0.47844233090362925
2022-08-12T06:00:00.0;0.8119108074553537
2022-08-12T07:00:00.0;0.7904039497175495
2022-08-12T08:00:00.0;0.3799423651905987
2022-08-12T09:00:00.0;0.0
2022-08-12T10:00:00.0;0.0
2022-08-12T11:00:00.0;0.0
2022-08-12T12:00:00.0;0.0
2022-08-12T13:00:00.0;0.0
2022-08-12T14:00:00.0;0.0
2022-08-12T15:00:00.0;0.0
2022-08-12T16:00:00.0;0.0
2022-08-12T17:00:00.0;0.008020702625291847
2022-08-12T18:00:00.0;0.9534923524398812
2022-08-12T19:00:00.0;1.908089340190045
2022-08-12T20:00:00.0;2.677779643533768
2022-08-12T21:00:00.0;2.5583946840269003
2022-08-12T22:00:00.0;1.5993622164209722
2022-08-12T23:00:00.0;0.6423637091189627
2022-08-13T00:00:00.0;0.27471560330029854
2022-08-13T01:00:00.0;0.244952465442967
2022-08-13T02:00:00.0;0.18534775428027062
2022-08-13T03:00:00.0;0.11831241304490552
2022-08-13T04:00:00.0;0.09308280853673574
2022-08-13T05:00:00.0;0.3384587524373629
2022-08-13T06:00:00.0;0.57436037999134
2022-08-13T07:00:00.0;0.5591460401041546
2022-08-13T08:00:00.0;0.26877809636458216
2022-08-13T09:00:00.0;0.0
2022-08-13T10:00:00.0;0.0
2022-08-13T11:00:00.0;0.0
2022-08-13T12:00:00.0;0.0
2022-08-13T13:00:00.0;0.0
2022-08-13T14:00:00.0;0.0
2022-08-13T15:00:00.0;0.0
2022-08-13T16:00:00.0;0.0
2022-08-13T17:00:00.0;0.021502910990147586
2022-08-13T18:00:00.0;1.1546804082462263
2022-08-13T19:00:00.0;2.1602871790932747
2022-08-13T20:00:00.0;2.813701664775128
2022-08-13T21:00:00.0;2.7254242705079346
2022-08-13T22:00:00.0;1.677378763959088
2022-08-13T23:00:00.0;0.4355134702523203
2022-08-14T00:00:00.0;0.2146658602297632
2022-08-14T01:00:00.0;0.19140860976955917
2022-08-14T02:00:00.0;0.1448328185084412
2022-08-14T03:00:00.0;0.09245064938805427
2022-08-14T04:00:00.0;0.07273595284392428
2022-08-14T05:00:00.0;0.26447547344020855
2022-08-14T06:00:00.0;0.44881165675164514
2022-08-14T07:00:00.0;0.4369230005542011
2022-08-14T08:00:00.0;0.21002622557245376
2022-08-14T09:00:00.0;0.0
2022-08-14T10:00:00.0;0.0
2022-08-14T11:00:00.0;0.0
2022-08-14T12:00:00.0;0.0
2022-08-14T13:00:00.0;0.0
2022-08-14T14:00:00.0;0.0
2022-08-14T15:00:00.0;0.0
2022-08-14T16:00:00.0;0.0
2022-08-14T17:00:00.0;0.024640018048524493
2022-08-14T18:00:00.0;1.14002405074939
2022-08-14T19:00:00.0;2.1080856918297317
2022-08-14T20:00:00.0;2.739677339837782
2022-08-14T21:00:00.0;2.669298087444533
2022-08-14T22:00:00.0;1.638485189735725
2022-08-14T23:00:00.0;0.35011739134083475
2022-08-15T00:00:00.0;0.4396844901219683
2022-08-15T01:00:00.0;0.39204835320066794
2022-08-15T02:00:00.0;0.2966505428047672
2022-08-15T03:00:00.0;0.1893599503625008
2022-08-15T04:00:00.0;0.14897976932841725
2022-08-15T05:00:00.0;0.5417059031410965
2022-08-15T06:00:00.0;0.919268318904687
2022-08-15T07:00:00.0;0.894917647899928
2022-08-15T08:00:00.0;0.43018146343450214
2022-08-15T09:00:00.0;0.0
2022-08-15T10:00:00.0;0.0
2022-08-15T11:00:00.0;0.0
2022-08-15T12:00:00.0;0.0
2022-08-15T13:00:00.0;0.0
2022-08-15T14:00:00.0;0.0
2022-08-15T15:00:00.0;0.0
2022-08-15T16:00:00.0;0.0
2022-08-15T17:00:00.0;0.011478627155194139
2022-08-15T18:00:00.0;1.1522937395815052
2022-08-15T19:00:00.0;2.2283459754163393
2022-08-15T20:00:00.0;2.9200040172997324
2022-08-15T21:00:00.0;2.782807630782156
2022-08-15T22:00:00.0;1.7254275186337713
2022-08-15T23:00:00.0;0.6683554051545982
2022-08-16T00:00:00.0;0.4404621073984285
2022-08-16T01:00:00.0;0.39274172214932485
2022-08-16T02:00:00.0;0.297175193076357
2022-08-16T03:00:00.0;0.18969484861836305
2022-08-16T04:00:00.0;0.1492432519962746
2022-08-16T05:00:00.0;0.569616502977178
2022-08-16T06:00:00.0;1.1308713602646918
2022-08-16T07:00:00.0;1.0726774600260518
2022-08-16T08:00:00.0;0.4752429254534746
2022-08-16T09:00:00.0;0.0
2022-08-16T10:00:00.0;0.0
2022-08-16T11:00:00.0;0.0
2022-08-16T12:00:00.0;0.0
2022-08-16T13:00:00.0;0.0
2022-08-16T14:00:00.0;0.0
2022-08-16T15:00:00.0;0.0
2022-08-16T16:00:00.0;0.13949318209533537
2022-08-16T17:00:00.0;0.21380128270934085
2022-08-16T18:00:00.0;1.4057942439670517
2022-08-16T19:00:00.0;2.497401663050956
2022-08-16T20:00:00.0;3.130710660764872
2022-08-16T21:00:00.0;2.9076208918173174
2022-08-16T22:00:00.0;1.840756236296214
2022-08-16T23:00:00.0;0.7960705064361053
2022-08-17T00:00:00.0;0.645555144440035
2022-08-17T01:00:00.0;0.5756146440547137
2022-08-17T02:00:00.0;0.4355493275539992
2022-08-17T03:00:00.0;0.2780227477969762
2022-08-17T04:00:00.0;0.2187356130773926
2022-08-17T05:00:00.0;0.795345390621496
2022-08-17T06:00:00.0;1.3496914394798047
2022-08-17T07:00:00.0;1.3139392096630824
2022-08-17T08:00:00.0;0.6316025763971119
2022-08-17T09:00:00.0;0.0
2022-08-17T10:00:00.0;0.0
2022-08-17T11:00:00.0;0.0
2022-08-17T12:00:00.0;0.0
2022-08-17T13:00:00.0;0.0
2022-08-17T14:00:00.0;0.0
2022-08-17T15:00:00.0;0.0
2022-08-17T16:00:00.0;0.0
2022-08-17T17:00:00.0;0.0
2022-08-17T18:00:00.0;1.180591431700548
2022-08-17T19:00:00.0;2.3685333254628955
2022-08-17T20:00:00.0;3.123835717213086
2022-08-17T21:00:00.0;2.925407594602185
2022-08-17T22:00:00.0;1.8285077157749647
2022-08-17T23:00:00.0;0.9602168227225852
2022-08-18T00:00:00.0;0.6522311590180411
2022-08-18T01:00:00.0;0.5815673682923252
2022-08-18T02:00:00.0;0.4400535650079714
2022-08-18T03:00:00.0;0.2808979226496527
2022-08-18T04:00:00.0;0.22099766947057714
2022-08-18T05:00:00.0;0.8035704624346015
2022-08-18T06:00:00.0;1.3636492861539151
2022-08-18T07:00:00.0;1.3275273243173826
2022-08-18T08:00:00.0;0.6381343003619032
2022-08-18T09:00:00.0;0.0
2022-08-18T10:00:00.0;0.0
2022-08-18T11:00:00.0;0.0
2022-08-18T12:00:00.0;0.0
2022-08-18T13:00:00.0;0.0
2022-08-18T14:00:00.0;0.0
2022-08-18T15:00:00.0;0.0
2022-08-18T16:00:00.0;0.0
2022-08-18T17:00:00.0;0.0
2022-08-18T18:00:00.0;1.192800529058975
2022-08-18T19:00:00.0;2.393027535052069
2022-08-18T20:00:00.0;3.156140893567153
2022-08-18T21:00:00.0;2.9556607246661
2022-08-18T22:00:00.0;1.8474172454590614
2022-08-18T23:00:00.0;0.9701469139963572
2022-08-19T00:00:00.0;0.5341510834178118
2022-08-19T01:00:00.0;0.4762802812448868
2022-08-19T02:00:00.0;0.3603861687085953
2022-08-19T03:00:00.0;0.23004409960882355
2022-08-19T04:00:00.0;0.18098820172627636
2022-08-19T05:00:00.0;0.6795457283924959
2022-08-19T06:00:00.0;1.2839127873561536
2022-08-19T07:00:00.0;1.2274259082739674
2022-08-19T08:00:00.0;0.5578690068712246
2022-08-19T09:00:00.0;0.0
2022-08-19T10:00:00.0;0.0
2022-08-19T11:00:00.0;0.0
2022-08-19T12:00:00.0;0.0
2022-08-19T13:00:00.0;0.0
2022-08-19T14:00:00.0;0.0
2022-08-19T15:00:00.0;0.0
2022-08-19T16:00:00.0;0.111034573379432
2022-08-19T17:00:00.0;0.16639775640426704
2022-08-19T18:00:00.0;1.3398514074767054
2022-08-19T19:00:00.0;2.462700158312877
2022-08-19T20:00:00.0;3.138183034660786
2022-08-19T21:00:00.0;2.904974346639258
2022-08-19T22:00:00.0;1.8397212364919269
2022-08-19T23:00:00.0;0.906247024186407
2022-08-20T00:00:00.0;0.4879997073855939
2022-08-20T01:00:00.0;0.43512902078910715
2022-08-20T02:00:00.0;0.32924831631960944
2022-08-20T03:00:00.0;0.21016797827418737
2022-08-20T04:00:00.0;0.16535057631546968
2022-08-20T05:00:00.0;0.6012318563899598
2022-08-20T06:00:00.0;1.020283136459719
2022-08-20T07:00:00.0;0.9932566649968094
2022-08-20T08:00:00.0;0.47745243008346633
2022-08-20T09:00:00.0;0.0
2022-08-20T10:00:00.0;0.0
2022-08-20T11:00:00.0;0.0
2022-08-20T12:00:00.0;0.0
2022-08-20T13:00:00.0;0.0
2022-08-20T14:00:00.0;0.0
2022-08-20T15:00:00.0;0.0
2022-08-20T16:00:00.0;0.0
2022-08-20T17:00:00.0;0.008657286949739173
2022-08-20T18:00:00.0;1.1550686281468523
2022-08-20T19:00:00.0;2.2544158556039053
2022-08-20T20:00:00.0;2.959042596698353
2022-08-20T21:00:00.0;2.807498641955295
2022-08-20T22:00:00.0;1.7442890112044669
2022-08-20T23:00:00.0;0.7366921522533212
2022-08-21T00:00:00.0;0.33507621101080604
2022-08-21T01:00:00.0;0.29877350617272197
2022-08-21T02:00:00.0;0.22607242718465384
2022-08-21T03:00:00.0;0.14430805750518985
2022-08-21T04:00:00.0;0.11353499553732786
2022-08-21T05:00:00.0;0.41282502700141577
2022-08-21T06:00:00.0;0.7005590420426471
2022-08-21T07:00:00.0;0.6820018021145752
2022-08-21T08:00:00.0;0.3278341129902745
2022-08-21T09:00:00.0;0.0
2022-08-21T10:00:00.0;0.0
2022-08-21T11:00:00.0;0.0
2022-08-21T12:00:00.0;0.0
2022-08-21T13:00:00.0;0.0
2022-08-21T14:00:00.0;0.0
2022-08-21T15:00:00.0;0.0
2022-08-21T16:00:00.0;0.0
2022-08-21T17:00:00.0;0.011101123963825208
2022-08-21T18:00:00.0;1.0565330710280318
2022-08-21T19:00:00.0;1.996646232775707
2022-08-21T20:00:00.0;2.524251923252566
2022-08-21T21:00:00.0;2.3547193041174954
2022-08-21T22:00:00.0;1.4612328530008567
2022-08-21T23:00:00.0;0.5282636248961394
2022-08-22T00:00:00.0;0.5999852522233144
2022-08-22T01:00:00.0;0.5349818685066352
2022-08-22T02:00:00.0;0.4048037962347231
2022-08-22T03:00:00.0;0.2583970554606625
2022-08-22T04:00:00.0;0.20329501377655163
2022-08-22T05:00:00.0;0.7609390771192203
2022-08-22T06:00:00.0;1.4237636418988104
2022-08-22T07:00:00.0;1.3632752425795889
2022-08-22T08:00:00.0;0.622746201181239
2022-08-22T09:00:00.0;0.0
2022-08-22T10:00:00.0;0.0
2022-08-22T11:00:00.0;0.0
2022-08-22T12:00:00.0;0.0
2022-08-22T13:00:00.0;0.0
2022-08-22T14:00:00.0;0.0
2022-08-22T15:00:00.0;0.0
2022-08-22T16:00:00.0;0.11250164924246779
2022-08-22T17:00:00.0;0.1649915103304741
2022-08-22T18:00:00.0;1.355694549321955
2022-08-22T19:00:00.0;2.5134438668382013
2022-08-22T20:00:00.0;3.195701552883512
2022-08-22T21:00:00.0;2.9418757263565074
2022-08-22T22:00:00.0;1.8666867405230692
2022-08-22T23:00:00.0;0.996778058727958
2022-08-23T00:00:00.0;0.6024991197392746
2022-08-23T01:00:00.0;0.5372233795035855
2022-08-23T02:00:00.0;0.40649987644656316
2022-08-23T03:00:00.0;0.25947970867844616
2022-08-23T04:00:00.0;0.2041467959318559
2022-08-23T05:00:00.0;0.7609298452134594
2022-08-23T06:00:00.0;1.40481869545506
2022-08-23T07:00:00.0;1.348086690655336
2022-08-23T08:00:00.0;0.6200998902417124
2022-08-23T09:00:00.0;0.0
2022-08-23T10:00:00.0;0.0
2022-08-23T11:00:00.0;0.0
2022-08-23T12:00:00.0;0.0
2022-08-23T13:00:00.0;0.0
2022-08-23T14:00:00.0;0.0
2022-08-23T15:00:00.0;0.0
2022-08-23T16:00:00.0;0.09642444467103346
2022-08-23T17:00:00.0;0.14141316919508362
2022-08-23T18:00:00.0;1.323358990650249
2022-08-23T19:00:00.0;2.478065289602852
2022-08-23T20:00:00.0;3.166083430367837
2022-08-23T21:00:00.0;2.921403289802526
2022-08-23T22:00:00.0;1.8499055242611844
2022-08-23T23:00:00.0;0.9856059497988691
2022-08-24T00:00:00.0;0.6488892393548723
2022-08-24T01:00:00.0;0.5785875176723709
2022-08-24T02:00:00.0;0.437798806642913
2022-08-24T03:00:00.0;0.2794586502719585
2022-08-24T04:00:00.0;0.2198653156311345
2022-08-24T05:00:00.0;0.799453106353063
2022-08-24T06:00:00.0;1.3566621830386256
2022-08-24T07:00:00.0;1.3207253038876787
2022-08-24T08:00:00.0;0.6348646105646041
2022-08-24T09:00:00.0;0.0
2022-08-24T10:00:00.0;0.0
2022-08-24T11:00:00.0;0.0
2022-08-24T12:00:00.0;0.0
2022-08-24T13:00:00.0;0.0
2022-08-24T14:00:00.0;0.0
2022-08-24T15:00:00.0;0.0
2022-08-24T16:00:00.0;0.0
2022-08-24T17:00:00.0;0.0028213238995257266
2022-08-24T18:00:00.0;1.189374359266856
2022-08-24T19:00:00.0;2.381750716918294
2022-08-24T20:00:00.0;3.139969373445632
2022-08-24T21:00:00.0;2.9405164302593616
2022-08-24T22:00:00.0;1.8379513989822205
2022-08-24T23:00:00.0;0.965176048984437
2022-08-25T00:00:00.0;0.5880688440954529
2022-08-25T01:00:00.0;0.5243565035289004
2022-08-25T02:00:00.0;0.39676391987148674
2022-08-25T03:00:00.0;0.2532649880298436
2022-08-25T04:00:00.0;0.19925733727443162
2022-08-25T05:00:00.0;0.724520358249388
2022-08-25T06:00:00.0;1.2295022222910095
2022-08-25T07:00:00.0;1.1969337072025084
2022-08-25T08:00:00.0;0.5753587439098489
2022-08-25T09:00:00.0;0.0
2022-08-25T10:00:00.0;0.0
2022-08-25T11:00:00.0;0.0
2022-08-25T12:00:00.0;0.0
2022-08-25T13:00:00.0;0.0
2022-08-25T14:00:00.0;0.0
2022-08-25T15:00:00.0;0.0
2022-08-25T16:00:00.0;0.0
2022-08-25T17:00:00.0;0.0
2022-08-25T18:00:00.0;1.0754604692854817
2022-08-25T19:00:00.0;2.171512301662118
2022-08-25T20:00:00.0;2.9093352045000063
2022-08-25T21:00:00.0;2.728943788988974
2022-08-25T22:00:00.0;1.708308839522345
2022-08-25T23:00:00.0;0.8889320331878466
2022-08-26T00:00:00.0;0.5356153711745145
2022-08-26T01:00:00.0;0.47758592567066116
2022-08-26T02:00:00.0;0.3613741083962739
2022-08-26T03:00:00.0;0.2306747278505628
2022-08-26T04:00:00.0;0.18148435125423326
2022-08-26T05:00:00.0;0.6598959365108776
2022-08-26T06:00:00.0;1.1198353658154316
2022-08-26T07:00:00.0;1.0901718366676454
2022-08-26T08:00:00.0;0.5240389629071304
2022-08-26T09:00:00.0;0.0
2022-08-26T10:00:00.0;0.0
2022-08-26T11:00:00.0;0.0
2022-08-26T12:00:00.0;0.0
2022-08-26T13:00:00.0;0.0
2022-08-26T14:00:00.0;0.0
2022-08-26T15:00:00.0;0.0
2022-08-26T16:00:00.0;0.0
2022-08-26T17:00:00.0;0.0
2022-08-26T18:00:00.0;0.9795335430937427
2022-08-26T19:00:00.0;1.9651657448372435
2022-08-26T20:00:00.0;2.591838112628831
2022-08-26T21:00:00.0;2.4272028317251526
2022-08-26T22:00:00.0;1.5171079454874434
2022-08-26T23:00:00.0;0.7966893213385954
2022-08-27T00:00:00.0;0.5885074251873463
2022-08-27T01:00:00.0;0.5247475680278416
2022-08-27T02:00:00.0;0.39705982596300704
2022-08-27T03:00:00.0;0.2534538727771037
2022-08-27T04:00:00.0;0.1994059431756404
2022-08-27T05:00:00.0;0.7250607047292441
2022-08-27T06:00:00.0;1.2304191836851595
2022-08-27T07:00:00.0;1.197826379034216
2022-08-27T08:00:00.0;0.5757878458231164
2022-08-27T09:00:00.0;0.0
2022-08-27T10:00:00.0;0.0
2022-08-27T11:00:00.0;0.0
2022-08-27T12:00:00.0;0.0
2022-08-27T13:00:00.0;0.0
2022-08-27T14:00:00.0;0.0
2022-08-27T15:00:00.0;0.0
2022-08-27T16:00:00.0;0.0
2022-08-27T17:00:00.0;0.0
2022-08-27T18:00:00.0;1.0762625465110367
2022-08-27T19:00:00.0;2.159225994624646
2022-08-27T20:00:00.0;2.847782300983751
2022-08-27T21:00:00.0;2.6668892749916893
2022-08-27T22:00:00.0;1.6669224573825352
2022-08-27T23:00:00.0;0.8753624455308392
2022-08-28T00:00:00.0;0.22718279509032313
2022-08-28T01:00:00.0;0.20256943943139527
2022-08-28T02:00:00.0;0.1532778639991452
2022-08-28T03:00:00.0;0.09784134707499971
2022-08-28T04:00:00.0;0.07697710783146491
2022-08-28T05:00:00.0;0.27989675314310863
2022-08-28T06:00:00.0;0.4749813805549899
2022-08-28T07:00:00.0;0.46239950963283966
2022-08-28T08:00:00.0;0.22227262833852887
2022-08-28T09:00:00.0;0.0
2022-08-28T10:00:00.0;0.0
2022-08-28T11:00:00.0;0.0
2022-08-28T12:00:00.0;0.0
2022-08-28T13:00:00.0;0.0
2022-08-28T14:00:00.0;0.0
2022-08-28T15:00:00.0;0.0
2022-08-28T16:00:00.0;0.0
2022-08-28T17:00:00.0;0.0
2022-08-28T18:00:00.0;0.41547196025533417
2022-08-28T19:00:00.0;0.9741731104026428
2022-08-28T20:00:00.0;1.743822092647973
2022-08-28T21:00:00.0;1.6777041334839615
2022-08-28T22:00:00.0;1.0749502083166693
2022-08-28T23:00:00.0;0.4818650461956279
2022-08-29T00:00:00.0;0.6061551744720257
2022-08-29T01:00:00.0;0.5404833312858031
2022-08-29T02:00:00.0;0.40896657846894674
2022-08-29T03:00:00.0;0.2610542703431623
2022-08-29T04:00:00.0;0.20538558920970437
2022-08-29T05:00:00.0;0.7468033183065685
2022-08-29T06:00:00.0;1.2673161340708285
2022-08-29T07:00:00.0;1.2337459591772222
2022-08-29T08:00:00.0;0.5930541692531346
2022-08-29T09:00:00.0;0.0
2022-08-29T10:00:00.0;0.0
2022-08-29T11:00:00.0;0.0
2022-08-29T12:00:00.0;0.0
2022-08-29T13:00:00.0;0.0
2022-08-29T14:00:00.0;0.0
2022-08-29T15:00:00.0;0.0
2022-08-29T16:00:00.0;0.0
2022-08-29T17:00:00.0;0.03889838461005739
2022-08-29T18:00:00.0;1.1455629643342704
2022-08-29T19:00:00.0;2.237550877792344
2022-08-29T20:00:00.0;2.9331796059525193
2022-08-29T21:00:00.0;2.7468620863458892
2022-08-29T22:00:00.0;1.7169089628128171
2022-08-29T23:00:00.0;0.9016122026465362
2022-08-30T00:00:00.0;0.38223207807455095
2022-08-30T01:00:00.0;0.3408204294584682
2022-08-30T02:00:00.0;0.25788799920314576
2022-08-30T03:00:00.0;0.16461678534777172
2022-08-30T04:00:00.0;0.12951297601075648
2022-08-30T05:00:00.0;0.4709226222772495
2022-08-30T06:00:00.0;0.7991499535168197
2022-08-30T07:00:00.0;0.7779811204336313
2022-08-30T08:00:00.0;0.3739707868069411
2022-08-30T09:00:00.0;0.0
2022-08-30T10:00:00.0;0.0
2022-08-30T11:00:00.0;0.0
2022-08-30T12:00:00.0;0.0
2022-08-30T13:00:00.0;0.0
2022-08-30T14:00:00.0;0.0
2022-08-30T15:00:00.0;0.0
2022-08-30T16:00:00.0;0.0
2022-08-30T17:00:00.0;0.0
2022-08-30T18:00:00.0;0.7059681949082207
2022-08-30T19:00:00.0;1.4914767401654316
2022-08-30T20:00:00.0;2.2154056803935425
2022-08-30T21:00:00.0;2.0957843338580178
2022-08-30T22:00:00.0;1.324718415420471
2022-08-30T23:00:00.0;0.6493004995693796
2022-08-31T00:00:00.0;0.10336257374528825
2022-08-31T01:00:00.0;0.09216410341920807
2022-08-31T02:00:00.0;0.06973765119331764
2022-08-31T03:00:00.0;0.04451540200637654
2022-08-31T04:00:00.0;0.035022687267164926
2022-08-31T05:00:00.0;0.12734612573244822
2022-08-31T06:00:00.0;0.21610482411634518
2022-08-31T07:00:00.0;0.2103803828771774
2022-08-31T08:00:00.0;0.1011285688648473
2022-08-31T09:00:00.0;0.0
2022-08-31T10:00:00.0;0.0
2022-08-31T11:00:00.0;0.0
2022-08-31T12:00:00.0;0.0
2022-08-31T13:00:00.0;0.0
2022-08-31T14:00:00.0;0.0
2022-08-31T15:00:00.0;0.0
2022-08-31T16:00:00.0;0.0
2022-08-31T17:00:00.0;0.0
2022-08-31T18:00:00.0;0.2628930675438606
2022-08-31T19:00:00.0;0.657004712519267
2022-08-31T20:00:00.0;1.3220969751144465
2022-08-31T21:00:00.0;1.2499519716726952
2022-08-31T22:00:00.0;0.8129994866734005
2022-08-31T23:00:00.0;0.3273054691997402
2022-09-01T00:00:00.0;0.4059648038509185
2022-09-01T01:00:00.0;0.3619819129008495
2022-09-01T02:00:00.0;0.27390022192640606
2022-09-01T03:00:00.0;0.17483781400796655
2022-09-01T04:00:00.0;0.13755441502243737
2022-09-01T05:00:00.0;0.5001621291043401
2022-09-01T06:00:00.0;0.8487690404248327
2022-09-01T07:00:00.0;0.8262858380372683
2022-09-01T08:00:00.0;0.3971905703907001
2022-09-01T09:00:00.0;0.0
2022-09-01T10:00:00.0;0.0
2022-09-01T11:00:00.0;0.0
2022-09-01T12:00:00.0;0.0
2022-09-01T13:00:00.0;0.0
2022-09-01T14:00:00.0;0.0
2022-09-01T15:00:00.0;0.0
2022-09-01T16:00:00.0;0.0
2022-09-01T17:00:00.0;0.0
2022-09-01T18:00:00.0;0.7424285487092228
2022-09-01T19:00:00.0;1.5680734258091897
2022-09-01T20:00:00.0;2.3246125888204743
2022-09-01T21:00:00.0;2.2019034331323355
2022-09-01T22:00:00.0;1.3909895094035625
2022-09-01T23:00:00.0;0.6842839945826185
2022-09-02T00:00:00.0;0.28837210295246646
2022-09-02T01:00:00.0;0.25712939758272185
2022-09-02T02:00:00.0;0.19456165225857985
2022-09-02T03:00:00.0;0.1241938897727807
2022-09-02T04:00:00.0;0.09771008608170716
2022-09-02T05:00:00.0;0.3552840138328047
2022-09-02T06:00:00.0;0.6029126436244929
2022-09-02T07:00:00.0;0.586941977467954
2022-09-02T08:00:00.0;0.28213943418237214
2022-09-02T09:00:00.0;0.0
2022-09-02T10:00:00.0;0.0
2022-09-02T11:00:00.0;0.0
2022-09-02T12:00:00.0;0.0
2022-09-02T13:00:00.0;0.0
2022-09-02T14:00:00.0;0.0
2022-09-02T15:00:00.0;0.0
2022-09-02T16:00:00.0;0.0
2022-09-02T17:00:00.0;0.0
2022-09-02T18:00:00.0;0.5273749838713804
2022-09-02T19:00:00.0;1.181980425212691
2022-09-02T20:00:00.0;1.9634105973597955
2022-09-02T21:00:00.0;1.8780438036190734
2022-09-02T22:00:00.0;1.1970478394386384
2022-09-02T23:00:00.0;0.5557920089284147
2022-09-03T00:00:00.0;0.15951008921229423
2022-09-03T01:00:00.0;0.14222850521114402
2022-09-03T02:00:00.0;0.10761979467262472
2022-09-03T03:00:00.0;0.06869658415101089
2022-09-03T04:00:00.0;0.05404733810330855
2022-09-03T05:00:00.0;0.19652173064574846
2022-09-03T06:00:00.0;0.3334949829998473
2022-09-03T07:00:00.0;0.32466097181316467
2022-09-03T08:00:00.0;0.1560625520151462
2022-09-03T09:00:00.0;0.0
2022-09-03T10:00:00.0;0.0
2022-09-03T11:00:00.0;0.0
2022-09-03T12:00:00.0;0.0
2022-09-03T13:00:00.0;0.0
2022-09-03T14:00:00.0;0.0
2022-09-03T15:00:00.0;0.0
2022-09-03T16:00:00.0;0.0
2022-09-03T17:00:00.0;0.012640762687853158
2022-09-03T18:00:00.0;0.8505182903996904
2022-09-03T19:00:00.0;1.5592987691022369
2022-09-03T20:00:00.0;1.9332180392915448
2022-09-03T21:00:00.0;1.7765072374445958
2022-09-03T22:00:00.0;1.1024751242765474
2022-09-03T23:00:00.0;0.2937814247084649
2022-09-04T00:00:00.0;0.0
2022-09-04T01:00:00.0;0.0
2022-09-04T02:00:00.0;0.0
2022-09-04T03:00:00.0;0.0
2022-09-04T04:00:00.0;0.0
2022-09-04T05:00:00.0;0.11542564602947658
2022-09-04T06:00:00.0;0.8992380760546534
2022-09-04T07:00:00.0;0.7544871810600082
2022-09-04T08:00:00.0;0.18971976396337692
2022-09-04T09:00:00.0;0.0
2022-09-04T10:00:00.0;0.0
2022-09-04T11:00:00.0;0.0
2022-09-04T12:00:00.0;0.0
2022-09-04T13:00:00.0;0.0
2022-09-04T14:00:00.0;0.0
2022-09-04T15:00:00.0;0.0
2022-09-04T16:00:00.0;0.5973865535044667
2022-09-04T17:00:00.0;0.8971363153082726
2022-09-04T18:00:00.0;2.010182838395936
2022-09-04T19:00:00.0;2.784160534911376
2022-09-04T20:00:00.0;3.004058495865764
2022-09-04T21:00:00.0;2.6317657528329423
2022-09-04T22:00:00.0;1.767489945458493
2022-09-04T23:00:00.0;0.5803637576458169
2022-09-05T00:00:00.0;0.11794023122685461
2022-09-05T01:00:00.0;0.10516239364224075
2022-09-05T02:00:00.0;0.07957304475821012
2022-09-05T03:00:00.0;0.0507935959366314
2022-09-05T04:00:00.0;0.03996208380660161
2022-09-05T05:00:00.0;0.21424051938187388
2022-09-05T06:00:00.0;0.7836238613608332
2022-09-05T07:00:00.0;0.6906442861446553
2022-09-05T08:00:00.0;0.22869515035047044
2022-09-05T09:00:00.0;0.0
2022-09-05T10:00:00.0;0.0
2022-09-05T11:00:00.0;0.0
2022-09-05T12:00:00.0;0.0
2022-09-05T13:00:00.0;0.0
2022-09-05T14:00:00.0;0.0
2022-09-05T15:00:00.0;0.0
2022-09-05T16:00:00.0;0.3567698046255
2022-09-05T17:00:00.0;0.5370602697644441
2022-09-05T18:00:00.0;1.4831844568983945
2022-09-05T19:00:00.0;2.235722017413107
2022-09-05T20:00:00.0;2.609597436732921
2022-09-05T21:00:00.0;2.3343902816017468
2022-09-05T22:00:00.0;1.5364194609784843
2022-09-05T23:00:00.0;0.5548117330710756
2022-09-06T00:00:00.0;0.17253285827214437
2022-09-06T01:00:00.0;0.15384036616764624
2022-09-06T02:00:00.0;0.1164061212254536
2022-09-06T03:00:00.0;0.0743051306386786
2022-09-06T04:00:00.0;0.05845988658782647
2022-09-06T05:00:00.0;0.343544299683852
2022-09-06T06:00:00.0;1.381123592153141
2022-09-06T07:00:00.0;1.2073137375027465
2022-09-06T08:00:00.0;0.3840864401896121
2022-09-06T09:00:00.0;0.0
2022-09-06T10:00:00.0;0.0
2022-09-06T11:00:00.0;0.0
2022-09-06T12:00:00.0;0.0
2022-09-06T13:00:00.0;0.0
2022-09-06T14:00:00.0;0.0
2022-09-06T15:00:00.0;0.0
2022-09-06T16:00:00.0;0.6778783515632253
2022-09-06T17:00:00.0;0.994155852806192
2022-09-06T18:00:00.0;1.8804156251042903
2022-09-06T19:00:00.0;2.5922080671216525
2022-09-06T20:00:00.0;2.9100602983628585
2022-09-06T21:00:00.0;2.4359633127566336
2022-09-06T22:00:00.0;1.7032162681774574
2022-09-06T23:00:00.0;0.9543220751059849
2022-09-07T00:00:00.0;0.32977007308271017
2022-09-07T01:00:00.0;0.2940422439078454
2022-09-07T02:00:00.0;0.22249243122862192
2022-09-07T03:00:00.0;0.14202285064150882
2022-09-07T04:00:00.0;0.11173709904038025
2022-09-07T05:00:00.0;0.5309101291278953
2022-09-07T06:00:00.0;1.660352122873838
2022-09-07T07:00:00.0;1.4858045046536152
2022-09-07T08:00:00.0;0.5274787650836349
2022-09-07T09:00:00.0;0.0
2022-09-07T10:00:00.0;0.0
2022-09-07T11:00:00.0;0.0
2022-09-07T12:00:00.0;0.0
2022-09-07T13:00:00.0;0.0
2022-09-07T14:00:00.0;0.0
2022-09-07T15:00:00.0;0.0
2022-09-07T16:00:00.0;0.6449846521225073
2022-09-07T17:00:00.0;0.9466689663859205
2022-09-07T18:00:00.0;2.107629757788602
2022-09-07T19:00:00.0;3.044339662118747
2022-09-07T20:00:00.0;3.3454461507088533
2022-09-07T21:00:00.0;2.8461660279412184
2022-09-07T22:00:00.0;1.9388078339331243
2022-09-07T23:00:00.0;1.094444238659186
2022-09-08T00:00:00.0;0.37913490517529447
2022-09-08T01:00:00.0;0.33805880933765287
2022-09-08T02:00:00.0;0.25579836892878743
2022-09-08T03:00:00.0;0.16328291863279024
2022-09-08T04:00:00.0;0.12846355053756442
2022-09-08T05:00:00.0;0.5326807480873075
2022-09-08T06:00:00.0;1.303536661251221
2022-09-08T07:00:00.0;1.20030557492686
2022-09-08T08:00:00.0;0.4787213976505689
2022-09-08T09:00:00.0;0.0
2022-09-08T10:00:00.0;0.0
2022-09-08T11:00:00.0;0.0
2022-09-08T12:00:00.0;0.0
2022-09-08T13:00:00.0;0.0
2022-09-08T14:00:00.0;0.0
2022-09-08T15:00:00.0;0.0
2022-09-08T16:00:00.0;0.3393785938906885
2022-09-08T17:00:00.0;0.4996616925580806
2022-09-08T18:00:00.0;1.531818859370677
2022-09-08T19:00:00.0;2.4436689692878466
2022-09-08T20:00:00.0;2.8834188754023704
2022-09-08T21:00:00.0;2.5573552382989724
2022-09-08T22:00:00.0;1.6815674354291235
2022-09-08T23:00:00.0;0.8884796082404645
2022-09-09T00:00:00.0;0.22669022648690001
2022-09-09T01:00:00.0;0.20213023651623943
2022-09-09T02:00:00.0;0.15294553309628914
2022-09-09T03:00:00.0;0.09762921139955559
2022-09-09T04:00:00.0;0.07681020916079305
2022-09-09T05:00:00.0;0.27928989225496986
2022-09-09T06:00:00.0;0.47395154502022185
2022-09-09T07:00:00.0;0.46139695360480587
2022-09-09T08:00:00.0;0.22179070576126522
2022-09-09T09:00:00.0;0.0
2022-09-09T10:00:00.0;0.0
2022-09-09T11:00:00.0;0.0
2022-09-09T12:00:00.0;0.0
2022-09-09T13:00:00.0;0.0
2022-09-09T14:00:00.0;0.0
2022-09-09T15:00:00.0;0.0
2022-09-09T16:00:00.0;0.0
2022-09-09T17:00:00.0;0.0
2022-09-09T18:00:00.0;0.45022336892751025
2022-09-09T19:00:00.0;0.9910066211464155
2022-09-09T20:00:00.0;1.6092032009546293
2022-09-09T21:00:00.0;1.5207020613395104
2022-09-09T22:00:00.0;0.9705346148899683
2022-09-09T23:00:00.0;0.4467622875346528
2022-09-10T00:00:00.0;0.38670051983430037
2022-09-10T01:00:00.0;0.34480475292822915
2022-09-10T02:00:00.0;0.26090281028541396
2022-09-10T03:00:00.0;0.1665412196383448
2022-09-10T04:00:00.0;0.13102703310756303
2022-09-10T05:00:00.0;0.4764278910176296
2022-09-10T06:00:00.0;0.8084923275074711
2022-09-10T07:00:00.0;0.7870760225265012
2022-09-10T08:00:00.0;0.37834265085642715
2022-09-10T09:00:00.0;0.0
2022-09-10T10:00:00.0;0.0
2022-09-10T11:00:00.0;0.0
2022-09-10T12:00:00.0;0.0
2022-09-10T13:00:00.0;0.0
2022-09-10T14:00:00.0;0.0
2022-09-10T15:00:00.0;0.0
2022-09-10T16:00:00.0;0.0
2022-09-10T17:00:00.0;0.02176275873621479
2022-09-10T18:00:00.0;0.9105759018824487
2022-09-10T19:00:00.0;1.7207249931766166
2022-09-10T20:00:00.0;2.1048466940663033
2022-09-10T21:00:00.0;1.8757777543909944
2022-09-10T22:00:00.0;1.1774522003044943
2022-09-10T23:00:00.0;0.6025928470035237
2022-09-11T00:00:00.0;0.16387784155256935
2022-09-11T01:00:00.0;0.1461230481178502
2022-09-11T02:00:00.0;0.11056667165302489
2022-09-11T03:00:00.0;0.07057765429319572
2022-09-11T04:00:00.0;0.05552727826666828
2022-09-11T05:00:00.0;0.36996359037960463
2022-09-11T06:00:00.0;1.6519245153877726
2022-09-11T07:00:00.0;1.432090173062412
2022-09-11T08:00:00.0;0.4365693635645149
2022-09-11T09:00:00.0;0.0
2022-09-11T10:00:00.0;0.0
2022-09-11T11:00:00.0;0.0
2022-09-11T12:00:00.0;0.0
2022-09-11T13:00:00.0;0.0
2022-09-11T14:00:00.0;0.0
2022-09-11T15:00:00.0;0.0
2022-09-11T16:00:00.0;0.8697994958297536
2022-09-11T17:00:00.0;1.2809195208025743
2022-09-11T18:00:00.0;2.458533269051006
2022-09-11T19:00:00.0;3.298213483113924
2022-09-11T20:00:00.0;3.4192254528754824
2022-09-11T21:00:00.0;2.831309287442213
2022-09-11T22:00:00.0;1.9788507623274711
2022-09-11T23:00:00.0;1.057105375049692
2022-09-12T00:00:00.0;0.27091132547667
2022-09-12T01:00:00.0;0.24156034930200954
2022-09-12T02:00:00.0;0.18278104768335043
2022-09-12T03:00:00.0;0.1166740157940777
2022-09-12T04:00:00.0;0.09179379233225654
2022-09-12T05:00:00.0;0.40524427657633777
2022-09-12T06:00:00.0;1.1232223057489321
2022-09-12T07:00:00.0;1.0185876958296123
2022-09-12T08:00:00.0;0.38253209858323717
2022-09-12T09:00:00.0;0.0
2022-09-12T10:00:00.0;0.0
2022-09-12T11:00:00.0;0.0
2022-09-12T12:00:00.0;0.0
2022-09-12T13:00:00.0;0.0
2022-09-12T14:00:00.0;0.0
2022-09-12T15:00:00.0;0.0
2022-09-12T16:00:00.0;0.36990672665046426
2022-09-12T17:00:00.0;0.5508431469275081
2022-09-12T18:00:00.0;1.5984682590532826
2022-09-12T19:00:00.0;2.467615784625863
2022-09-12T20:00:00.0;2.848625623740385
2022-09-12T21:00:00.0;2.5356606293108306
2022-09-12T22:00:00.0;1.6664413930258308
2022-09-12T23:00:00.0;0.7564849732137888
2022-09-13T00:00:00.0;0.1987537097607577
2022-09-13T01:00:00.0;0.17722040771238784
2022-09-13T02:00:00.0;0.13409705643388592
2022-09-13T03:00:00.0;0.08559772623369036
2022-09-13T04:00:00.0;0.06734438557318907
2022-09-13T05:00:00.0;0.38369190090027044
2022-09-13T06:00:00.0;1.497043800472946
2022-09-13T07:00:00.0;1.3119466223943952
2022-09-13T08:00:00.0;0.4226311567467966
2022-09-13T09:00:00.0;0.0
2022-09-13T10:00:00.0;0.0
2022-09-13T11:00:00.0;0.0
2022-09-13T12:00:00.0;0.0
2022-09-13T13:00:00.0;0.0
2022-09-13T14:00:00.0;0.0
2022-09-13T15:00:00.0;0.0
2022-09-13T16:00:00.0;0.7184680154360956
2022-09-13T17:00:00.0;1.0586015077965656
2022-09-13T18:00:00.0;2.1631496172042204
2022-09-13T19:00:00.0;2.9866617115318337
2022-09-13T20:00:00.0;3.1715668062885407
2022-09-13T21:00:00.0;2.666375998893852
2022-09-13T22:00:00.0;1.83883756594269
2022-09-13T23:00:00.0;0.9688388240552099
2022-09-14T00:00:00.0;0.3514597854753046
2022-09-14T01:00:00.0;0.31338205737853186
2022-09-14T02:00:00.0;0.23712625411547783
2022-09-14T03:00:00.0;0.15136400993711935
2022-09-14T04:00:00.0;0.11908629698036685
2022-09-14T05:00:00.0;0.5347492112962826
2022-09-14T06:00:00.0;1.5274240489252688
2022-09-14T07:00:00.0;1.3803723611752066
2022-09-14T08:00:00.0;0.5110873703485472
2022-09-14T09:00:00.0;0.0
2022-09-14T10:00:00.0;0.0
2022-09-14T11:00:00.0;0.0
2022-09-14T12:00:00.0;0.0
2022-09-14T13:00:00.0;0.0
2022-09-14T14:00:00.0;0.0
2022-09-14T15:00:00.0;0.0
2022-09-14T16:00:00.0;0.5265515777691019
2022-09-14T17:00:00.0;0.7883525809499549
2022-09-14T18:00:00.0;1.8911951487316758
2022-09-14T19:00:00.0;2.79846667462542
2022-09-14T20:00:00.0;3.1243348557200283
2022-09-14T21:00:00.0;2.6913204672500064
2022-09-14T22:00:00.0;1.8117376762662811
2022-09-14T23:00:00.0;1.0121376259186787
2022-09-15T00:00:00.0;0.29906971582697145
2022-09-15T01:00:00.0;0.2666680135786251
2022-09-15T02:00:00.0;0.2017792201674612
2022-09-15T03:00:00.0;0.1288010557939237
2022-09-15T04:00:00.0;0.10133479410351243
2022-09-15T05:00:00.0;0.36846382839035263
2022-09-15T06:00:00.0;0.625278628380315
2022-09-15T07:00:00.0;0.6087155054564902
2022-09-15T08:00:00.0;0.29260583648902105
2022-09-15T09:00:00.0;0.0
2022-09-15T10:00:00.0;0.0
2022-09-15T11:00:00.0;0.0
2022-09-15T12:00:00.0;0.0
2022-09-15T13:00:00.0;0.0
2022-09-15T14:00:00.0;0.0
2022-09-15T15:00:00.0;0.0
2022-09-15T16:00:00.0;0.0
2022-09-15T17:00:00.0;0.0
2022-09-15T18:00:00.0;0.5469387813378929
2022-09-15T19:00:00.0;1.1682831923608323
2022-09-15T20:00:00.0;1.7725510867259426
2022-09-15T21:00:00.0;1.6824984608934763
2022-09-15T22:00:00.0;1.064918058228548
2022-09-15T23:00:00.0;0.517513260755722
2022-09-16T00:00:00.0;0.0
2022-09-16T01:00:00.0;0.0
2022-09-16T02:00:00.0;0.0
2022-09-16T03:00:00.0;0.0
2022-09-16T04:00:00.0;0.0
2022-09-16T05:00:00.0;0.0
2022-09-16T06:00:00.0;0.0
2022-09-16T07:00:00.0;0.0
2022-09-16T08:00:00.0;0.0
2022-09-16T09:00:00.0;0.0
2022-09-16T10:00:00.0;0.0
2022-09-16T11:00:00.0;0.0
2022-09-16T12:00:00.0;0.0
2022-09-16T13:00:00.0;0.0
2022-09-16T14:00:00.0;0.0
2022-09-16T15:00:00.0;0.0
2022-09-16T16:00:00.0;0.0
2022-09-16T17:00:00.0;0.0
2022-09-16T18:00:00.0;0.02854804764076472
2022-09-16T19:00:00.0;0.21891678122156163
2022-09-16T20:00:00.0;0.828889800345316
2022-09-16T21:00:00.0;0.8162303048264529
2022-09-16T22:00:00.0;0.5433121137169994
2022-09-16T23:00:00.0;0.18126204411357072
2022-09-17T00:00:00.0;0.0
2022-09-17T01:00:00.0;0.0
2022-09-17T02:00:00.0;0.0
2022-09-17T03:00:00.0;0.0
2022-09-17T04:00:00.0;0.0
2022-09-17T05:00:00.0;0.0
2022-09-17T06:00:00.0;0.0
2022-09-17T07:00:00.0;0.0
2022-09-17T08:00:00.0;0.0
2022-09-17T09:00:00.0;0.0
2022-09-17T10:00:00.0;0.0
2022-09-17T11:00:00.0;0.0
2022-09-17T12:00:00.0;0.0
2022-09-17T13:00:00.0;0.0
2022-09-17T14:00:00.0;0.0
2022-09-17T15:00:00.0;0.0
2022-09-17T16:00:00.0;0.0
2022-09-17T17:00:00.0;0.0
2022-09-17T18:00:00.0;0.5279576455424692
2022-09-17T19:00:00.0;0.8270739332428033
2022-09-17T20:00:00.0;0.5668596462636245
2022-09-17T21:00:00.0;0.24770083253141867
2022-09-17T22:00:00.0;0.16487854236277072
2022-09-17T23:00:00.0;0.055007464152932416
2022-09-18T00:00:00.0;0.0
2022-09-18T01:00:00.0;0.0
2022-09-18T02:00:00.0;0.0
2022-09-18T03:00:00.0;0.0
2022-09-18T04:00:00.0;0.0
2022-09-18T05:00:00.0;0.0
2022-09-18T06:00:00.0;0.0
2022-09-18T07:00:00.0;0.0
2022-09-18T08:00:00.0;0.0
2022-09-18T09:00:00.0;0.0
2022-09-18T10:00:00.0;0.0
2022-09-18T11:00:00.0;0.0
2022-09-18T12:00:00.0;0.0
2022-09-18T13:00:00.0;0.0
2022-09-18T14:00:00.0;0.0
2022-09-18T15:00:00.0;0.0
2022-09-18T16:00:00.0;0.0
2022-09-18T17:00:00.0;0.0
2022-09-18T18:00:00.0;0.1967175451389462
2022-09-18T19:00:00.0;0.3862426204764395
2022-09-18T20:00:00.0;0.5689826926100802
2022-09-18T21:00:00.0;0.4521247371697936
2022-09-18T22:00:00.0;0.30095041211155776
2022-09-18T23:00:00.0;0.1004043265351837
2022-09-19T00:00:00.0;0.0
2022-09-19T01:00:00.0;0.0
2022-09-19T02:00:00.0;0.0
2022-09-19T03:00:00.0;0.0
2022-09-19T04:00:00.0;0.0
2022-09-19T05:00:00.0;0.012790784986974314
2022-09-19T06:00:00.0;0.09964822618344488
2022-09-19T07:00:00.0;0.08360779116542656
2022-09-19T08:00:00.0;0.02102361816554501
2022-09-19T09:00:00.0;0.0
2022-09-19T10:00:00.0;0.0
2022-09-19T11:00:00.0;0.0
2022-09-19T12:00:00.0;0.0
2022-09-19T13:00:00.0;0.0
2022-09-19T14:00:00.0;0.0
2022-09-19T15:00:00.0;0.0
2022-09-19T16:00:00.0;0.066198832086536
2022-09-19T17:00:00.0;0.09708520152029941
2022-09-19T18:00:00.0;0.29909843924633744
2022-09-19T19:00:00.0;0.5458521863724239
2022-09-19T20:00:00.0;0.9342280785073123
2022-09-19T21:00:00.0;0.8079908195455522
2022-09-19T22:00:00.0;0.5489104778255602
2022-09-19T23:00:00.0;0.21169388053569846
2022-09-20T00:00:00.0;0.05580113369442355
2022-09-20T01:00:00.0;0.0497555475872266
2022-09-20T02:00:00.0;0.037648443307564054
2022-09-20T03:00:00.0;0.024032005094417073
2022-09-20T04:00:00.0;0.01890728513929
2022-09-20T05:00:00.0;0.23840273481635346
2022-09-20T06:00:00.0;1.4383759750217915
2022-09-20T07:00:00.0;1.2225291312926407
2022-09-20T08:00:00.0;0.33344728306303495
2022-09-20T09:00:00.0;0.0
2022-09-20T10:00:00.0;0.0
2022-09-20T11:00:00.0;0.0
2022-09-20T12:00:00.0;0.0
2022-09-20T13:00:00.0;0.0
2022-09-20T14:00:00.0;0.0
2022-09-20T15:00:00.0;0.0
2022-09-20T16:00:00.0;0.878045325219356
2022-09-20T17:00:00.0;1.3327642392582173
2022-09-20T18:00:00.0;2.2640020298346593
2022-09-20T19:00:00.0;2.877184621804048
2022-09-20T20:00:00.0;2.956522569419887
2022-09-20T21:00:00.0;2.398015403655132
2022-09-20T22:00:00.0;1.7190193446920794
2022-09-20T23:00:00.0;0.9385477480504888
2022-09-21T00:00:00.0;0.019611481492316018
2022-09-21T01:00:00.0;0.017486741505835342
2022-09-21T02:00:00.0;0.013231662159125397
2022-09-21T03:00:00.0;0.008446122720612468
2022-09-21T04:00:00.0;0.006645023999148303
2022-09-21T05:00:00.0;0.25928774437870966
2022-09-21T06:00:00.0;1.8727794513334024
2022-09-21T07:00:00.0;1.5768311040984395
2022-09-21T08:00:00.0;0.4056528643299598
2022-09-21T09:00:00.0;0.0
2022-09-21T10:00:00.0;0.0
2022-09-21T11:00:00.0;0.0
2022-09-21T12:00:00.0;0.0
2022-09-21T13:00:00.0;0.0
2022-09-21T14:00:00.0;0.0
2022-09-21T15:00:00.0;0.0
2022-09-21T16:00:00.0;1.2168955925260205
2022-09-21T17:00:00.0;1.7888979158352982
2022-09-21T18:00:00.0;2.9598338963186683
2022-09-21T19:00:00.0;3.674902314850287
2022-09-21T20:00:00.0;3.5498566541230594
2022-09-21T21:00:00.0;2.792342640563005
2022-09-21T22:00:00.0;2.041820251775393
2022-09-21T23:00:00.0;1.1631161427243248
2022-09-22T00:00:00.0;0.1295236979582029
2022-09-22T01:00:00.0;0.11549088863900552
2022-09-22T02:00:00.0;0.08738828903135293
2022-09-22T03:00:00.0;0.05578227471551061
2022-09-22T04:00:00.0;0.04388694865953502
2022-09-22T05:00:00.0;0.3563540020265058
2022-09-22T06:00:00.0;1.8038132688255373
2022-09-22T07:00:00.0;1.5498700715256302
2022-09-22T08:00:00.0;0.45015664594744104
2022-09-22T09:00:00.0;0.0
2022-09-22T10:00:00.0;0.0
2022-09-22T11:00:00.0;0.0
2022-09-22T12:00:00.0;0.0
2022-09-22T13:00:00.0;0.0
2022-09-22T14:00:00.0;0.0
2022-09-22T15:00:00.0;0.0
2022-09-22T16:00:00.0;1.0184186991442605
2022-09-22T17:00:00.0;1.4954091644379486
2022-09-22T18:00:00.0;2.631833464291372
2022-09-22T19:00:00.0;3.3984710991115255
2022-09-22T20:00:00.0;3.399640086556027
2022-09-22T21:00:00.0;2.7312162722563267
2022-09-22T22:00:00.0;1.95734414479459
2022-09-22T23:00:00.0;1.1395066692516715
2022-09-23T00:00:00.0;0.17926385472387715
2022-09-23T01:00:00.0;0.15984211545284244
2022-09-23T02:00:00.0;0.12094745437657202
2022-09-23T03:00:00.0;0.07720398466383815
2022-09-23T04:00:00.0;0.060740572673549834
2022-09-23T05:00:00.0;0.3275493317293363
2022-09-23T06:00:00.0;1.205979379524141
2022-09-23T07:00:00.0;1.0622551243506066
2022-09-23T08:00:00.0;0.3507512649531007
2022-09-23T09:00:00.0;0.0
2022-09-23T10:00:00.0;0.0
2022-09-23T11:00:00.0;0.0
2022-09-23T12:00:00.0;0.0
2022-09-23T13:00:00.0;0.0
2022-09-23T14:00:00.0;0.0
2022-09-23T15:00:00.0;0.0
2022-09-23T16:00:00.0;0.5521767137954808
2022-09-23T17:00:00.0;0.9090097761839221
2022-09-23T18:00:00.0;1.8823208947300738
2022-09-23T19:00:00.0;2.5713537312054258
2022-09-23T20:00:00.0;2.7525887943278544
2022-09-23T21:00:00.0;2.3556738921029328
2022-09-23T22:00:00.0;1.6013435334821382
2022-09-23T23:00:00.0;0.7869304793322451
2022-09-24T00:00:00.0;0.1878715400692315
2022-09-24T01:00:00.0;0.16751723008692831
2022-09-24T02:00:00.0;0.12675496996413274
2022-09-24T03:00:00.0;0.08091107669539964
2022-09-24T04:00:00.0;0.06365714354655644
2022-09-24T05:00:00.0;0.23146398059090165
2022-09-24T06:00:00.0;0.3927915555119283
2022-09-24T07:00:00.0;0.38238682628867504
2022-09-24T08:00:00.0;0.1838110187199385
2022-09-24T09:00:00.0;0.0
2022-09-24T10:00:00.0;0.0
2022-09-24T11:00:00.0;0.0
2022-09-24T12:00:00.0;0.0
2022-09-24T13:00:00.0;0.0
2022-09-24T14:00:00.0;0.0
2022-09-24T15:00:00.0;0.0
2022-09-24T16:00:00.0;0.0
2022-09-24T17:00:00.0;0.15096819484446672
2022-09-24T18:00:00.0;0.48728163531905033
2022-09-24T19:00:00.0;0.8505699357057993
2022-09-24T20:00:00.0;1.4066886617811516
2022-09-24T21:00:00.0;1.3518077806727895
2022-09-24T22:00:00.0;0.8652531388363216
2022-09-24T23:00:00.0;0.39058058186895184
2022-09-25T00:00:00.0;0.0
2022-09-25T01:00:00.0;0.0
2022-09-25T02:00:00.0;0.0
2022-09-25T03:00:00.0;0.0
2022-09-25T04:00:00.0;0.0
2022-09-25T05:00:00.0;0.13410463472029208
2022-09-25T06:00:00.0;1.044759096995581
2022-09-25T07:00:00.0;0.8765835955672847
2022-09-25T08:00:00.0;0.22042154859615357
2022-09-25T09:00:00.0;0.0
2022-09-25T10:00:00.0;0.0
2022-09-25T11:00:00.0;0.0
2022-09-25T12:00:00.0;0.0
2022-09-25T13:00:00.0;0.0
2022-09-25T14:00:00.0;0.0
2022-09-25T15:00:00.0;0.0
2022-09-25T16:00:00.0;0.6940598411212028
2022-09-25T17:00:00.0;1.0288555477279258
2022-09-25T18:00:00.0;2.0327049788182823
2022-09-25T19:00:00.0;2.6679301052337534
2022-09-25T20:00:00.0;2.6250361507991316
2022-09-25T21:00:00.0;2.1307936339773237
2022-09-25T22:00:00.0;1.4905465001869014
2022-09-25T23:00:00.0;0.6574457348864953
2022-09-26T00:00:00.0;0.0
2022-09-26T01:00:00.0;0.0
2022-09-26T02:00:00.0;0.0
2022-09-26T03:00:00.0;0.0
2022-09-26T04:00:00.0;0.0
2022-09-26T05:00:00.0;0.0
2022-09-26T06:00:00.0;0.0
2022-09-26T07:00:00.0;0.0
2022-09-26T08:00:00.0;0.0
2022-09-26T09:00:00.0;0.0
2022-09-26T10:00:00.0;0.0
2022-09-26T11:00:00.0;0.0
2022-09-26T12:00:00.0;0.0
2022-09-26T13:00:00.0;0.0
2022-09-26T14:00:00.0;0.0
2022-09-26T15:00:00.0;0.0
2022-09-26T16:00:00.0;0.0
2022-09-26T17:00:00.0;0.0
2022-09-26T18:00:00.0;0.0
2022-09-26T19:00:00.0;0.14618875908592358
2022-09-26T20:00:00.0;0.6699023056674054
2022-09-26T21:00:00.0;0.6737612805367855
2022-09-26T22:00:00.0;0.4484796304481068
2022-09-26T23:00:00.0;0.14962363714324656
2022-09-27T00:00:00.0;0.0
2022-09-27T01:00:00.0;0.0
2022-09-27T02:00:00.0;0.0
2022-09-27T03:00:00.0;0.0
2022-09-27T04:00:00.0;0.0
2022-09-27T05:00:00.0;0.07844040865531297
2022-09-27T06:00:00.0;0.6110999122857955
2022-09-27T07:00:00.0;0.5127307911486898
2022-09-27T08:00:00.0;0.12892885010560323
2022-09-27T09:00:00.0;0.0
2022-09-27T10:00:00.0;0.0
2022-09-27T11:00:00.0;0.0
2022-09-27T12:00:00.0;0.0
2022-09-27T13:00:00.0;0.0
2022-09-27T14:00:00.0;0.0
2022-09-27T15:00:00.0;0.0
2022-09-27T16:00:00.0;0.40596909780442353
2022-09-27T17:00:00.0;0.5953819792445073
2022-09-27T18:00:00.0;1.029430945874886
2022-09-27T19:00:00.0;1.363178493533792
2022-09-27T20:00:00.0;1.5496215246522
2022-09-27T21:00:00.0;1.2428851146778241
2022-09-27T22:00:00.0;0.8952752692757457
2022-09-27T23:00:00.0;0.4738567710368113
2022-09-28T00:00:00.0;0.0
2022-09-28T01:00:00.0;0.0
2022-09-28T02:00:00.0;0.0
2022-09-28T03:00:00.0;0.0
2022-09-28T04:00:00.0;0.0
2022-09-28T05:00:00.0;0.27136574898129245
2022-09-28T06:00:00.0;2.1141091465821273
2022-09-28T07:00:00.0;1.7737997232681513
2022-09-28T08:00:00.0;0.4460312557516751
2022-09-28T09:00:00.0;0.0
2022-09-28T10:00:00.0;0.0
2022-09-28T11:00:00.0;0.0
2022-09-28T12:00:00.0;0.0
2022-09-28T13:00:00.0;0.0
2022-09-28T14:00:00.0;0.0
2022-09-28T15:00:00.0;0.0
2022-09-28T16:00:00.0;1.4044560728011344
2022-09-28T17:00:00.0;2.0597327257385056
2022-09-28T18:00:00.0;3.2263484594387632
2022-09-28T19:00:00.0;3.896289483478952
2022-09-28T20:00:00.0;3.6500110598713764
2022-09-28T21:00:00.0;2.7835705844786096
2022-09-28T22:00:00.0;2.0879751354516745
2022-09-28T23:00:00.0;1.3026066885489234
2022-09-29T00:00:00.0;0.018110489226912545
2022-09-29T01:00:00.0;0.01614836919787621
2022-09-29T02:00:00.0;0.012218958321984861
2022-09-29T03:00:00.0;0.00779968686204385
2022-09-29T04:00:00.0;0.0061364377594983295
2022-09-29T05:00:00.0;0.2861434663537948
2022-09-29T06:00:00.0;2.0932711430160644
2022-09-29T07:00:00.0;1.7614080867115134
2022-09-29T08:00:00.0;0.4513653770547857
2022-09-29T09:00:00.0;0.0
2022-09-29T10:00:00.0;0.0
2022-09-29T11:00:00.0;0.0
2022-09-29T12:00:00.0;0.0
2022-09-29T13:00:00.0;0.0
2022-09-29T14:00:00.0;0.0
2022-09-29T15:00:00.0;0.0
2022-09-29T16:00:00.0;1.3654585698078232
2022-09-29T17:00:00.0;2.002540169351032
2022-09-29T18:00:00.0;3.1698829757274356
2022-09-29T19:00:00.0;3.854548439761874
2022-09-29T20:00:00.0;3.63629777708401
2022-09-29T21:00:00.0;2.7883490078747193
2022-09-29T22:00:00.0;2.0812955694497695
2022-09-29T23:00:00.0;1.2933752848016984
2022-09-30T00:00:00.0;0.22695479475354333
2022-09-30T01:00:00.0;0.20236614102407843
2022-09-30T02:00:00.0;0.15312403454828913
2022-09-30T03:00:00.0;0.09774315363532828
2022-09-30T04:00:00.0;0.07689985371324293
2022-09-30T05:00:00.0;0.27961584915143606
2022-09-30T06:00:00.0;0.47450468990292
2022-09-30T07:00:00.0;0.46193544612890586
2022-09-30T08:00:00.0;0.22204955583826333
2022-09-30T09:00:00.0;0.0
2022-09-30T10:00:00.0;0.0
2022-09-30T11:00:00.0;0.0
2022-09-30T12:00:00.0;0.0
2022-09-30T13:00:00.0;0.0
2022-09-30T14:00:00.0;0.0
2022-09-30T15:00:00.0;0.0
2022-09-30T16:00:00.0;0.0
2022-09-30T17:00:00.0;0.01305420005272359
2022-09-30T18:00:00.0;0.8110478562125762
2022-09-30T19:00:00.0;1.532279812569246
2022-09-30T20:00:00.0;1.9993693548139457
2022-09-30T21:00:00.0;1.927279854770714
2022-09-30T22:00:00.0;1.1887705770428316
2022-09-30T23:00:00.0;0.35390586697588555
2022-10-01T00:00:00.0;0.0
2022-10-01T01:00:00.0;0.0
2022-10-01T02:00:00.0;0.0
2022-10-01T03:00:00.0;0.0
2022-10-01T04:00:00.0;0.0
2022-10-01T05:00:00.0;0.0
2022-10-01T06:00:00.0;0.0
2022-10-01T07:00:00.0;0.0
2022-10-01T08:00:00.0;0.0
2022-10-01T09:00:00.0;0.0
2022-10-01T10:00:00.0;0.0
2022-10-01T11:00:00.0;0.0
2022-10-01T12:00:00.0;0.0
2022-10-01T13:00:00.0;0.0
2022-10-01T14:00:00.0;0.0
2022-10-01T15:00:00.0;0.0
2022-10-01T16:00:00.0;0.0
2022-10-01T17:00:00.0;0.0
2022-10-01T18:00:00.0;0.39252157289544387
2022-10-01T19:00:00.0;0.6590765798969783
2022-10-01T20:00:00.0;0.6238531481014765
2022-10-01T21:00:00.0;0.3877335775452873
2022-10-01T22:00:00.0;0.2580893509215819
2022-10-01T23:00:00.0;0.08610484127058933
2022-10-02T00:00:00.0;0.0
2022-10-02T01:00:00.0;0.0
2022-10-02T02:00:00.0;0.0
2022-10-02T03:00:00.0;0.0
2022-10-02T04:00:00.0;0.0
2022-10-02T05:00:00.0;0.037632117382352254
2022-10-02T06:00:00.0;0.29317776418706326
2022-10-02T07:00:00.0;0.2459847628132789
2022-10-02T08:00:00.0;0.061854160429812226
2022-10-02T09:00:00.0;0.0
2022-10-02T10:00:00.0;0.0
2022-10-02T11:00:00.0;0.0
2022-10-02T12:00:00.0;0.0
2022-10-02T13:00:00.0;0.0
2022-10-02T14:00:00.0;0.0
2022-10-02T15:00:00.0;0.0
2022-10-02T16:00:00.0;0.19476538947313257
2022-10-02T17:00:00.0;0.28563701941842107
2022-10-02T18:00:00.0;0.7625708655653619
2022-10-02T19:00:00.0;1.0877761289164716
2022-10-02T20:00:00.0;1.0908506458807128
2022-10-02T21:00:00.0;0.781600319110641
2022-10-02T22:00:00.0;0.5528683415696988
2022-10-02T23:00:00.0;0.2684894118064869
2022-10-03T00:00:00.0;0.0
2022-10-03T01:00:00.0;0.0
2022-10-03T02:00:00.0;0.0
2022-10-03T03:00:00.0;0.0
2022-10-03T04:00:00.0;0.0
2022-10-03T05:00:00.0;0.24117939028812904
2022-10-03T06:00:00.0;1.8789385060175174
2022-10-03T07:00:00.0;1.5764846424320003
2022-10-03T08:00:00.0;0.3964153424500655
2022-10-03T09:00:00.0;0.0
2022-10-03T10:00:00.0;0.0
2022-10-03T11:00:00.0;0.0
2022-10-03T12:00:00.0;0.0
2022-10-03T13:00:00.0;0.0
2022-10-03T14:00:00.0;0.0
2022-10-03T15:00:00.0;0.0
2022-10-03T16:00:00.0;1.2482262798316122
2022-10-03T17:00:00.0;1.8518335822152197
2022-10-03T18:00:00.0;2.9322527976839403
2022-10-03T19:00:00.0;3.551089994710845
2022-10-03T20:00:00.0;3.3487648118422544
2022-10-03T21:00:00.0;2.5784352009864695
2022-10-03T22:00:00.0;1.919187474306656
2022-10-03T23:00:00.0;1.1596048318781018
2022-10-04T00:00:00.0;0.0
2022-10-04T01:00:00.0;0.0
2022-10-04T02:00:00.0;0.0
2022-10-04T03:00:00.0;0.0
2022-10-04T04:00:00.0;0.0
2022-10-04T05:00:00.0;0.04451337591067763
2022-10-04T06:00:00.0;0.34678707799818775
2022-10-04T07:00:00.0;0.29096455307458274
2022-10-04T08:00:00.0;0.07316456490813304
2022-10-04T09:00:00.0;0.0
2022-10-04T10:00:00.0;0.0
2022-10-04T11:00:00.0;0.0
2022-10-04T12:00:00.0;0.0
2022-10-04T13:00:00.0;0.0
2022-10-04T14:00:00.0;0.0
2022-10-04T15:00:00.0;0.0
2022-10-04T16:00:00.0;0.23037940990460354
2022-10-04T17:00:00.0;0.3555542304600513
2022-10-04T18:00:00.0;1.0657523920583323
2022-10-04T19:00:00.0;1.5869752304107552
2022-10-04T20:00:00.0;1.8196533850014844
2022-10-04T21:00:00.0;1.674371584319962
2022-10-04T22:00:00.0;1.0821663042293446
2022-10-04T23:00:00.0;0.23579349842536929
2022-10-05T00:00:00.0;0.0
2022-10-05T01:00:00.0;0.0
2022-10-05T02:00:00.0;0.0
2022-10-05T03:00:00.0;0.0
2022-10-05T04:00:00.0;0.0
2022-10-05T05:00:00.0;0.0
2022-10-05T06:00:00.0;0.0
2022-10-05T07:00:00.0;0.0
2022-10-05T08:00:00.0;0.0
2022-10-05T09:00:00.0;0.0
2022-10-05T10:00:00.0;0.0
2022-10-05T11:00:00.0;0.0
2022-10-05T12:00:00.0;0.0
2022-10-05T13:00:00.0;0.0
2022-10-05T14:00:00.0;0.0
2022-10-05T15:00:00.0;0.0
2022-10-05T16:00:00.0;0.0
2022-10-05T17:00:00.0;0.0
2022-10-05T18:00:00.0;0.14337941520019487
2022-10-05T19:00:00.0;0.303571814699399
2022-10-05T20:00:00.0;0.5157755104312803
2022-10-05T21:00:00.0;0.43118469893435324
2022-10-05T22:00:00.0;0.28701197296302494
2022-10-05T23:00:00.0;0.09575412657087426
2022-10-06T00:00:00.0;0.0
2022-10-06T01:00:00.0;0.0
2022-10-06T02:00:00.0;0.0
2022-10-06T03:00:00.0;0.0
2022-10-06T04:00:00.0;0.0
2022-10-06T05:00:00.0;0.0
2022-10-06T06:00:00.0;0.0
2022-10-06T07:00:00.0;0.0
2022-10-06T08:00:00.0;0.0
2022-10-06T09:00:00.0;0.0
2022-10-06T10:00:00.0;0.0
2022-10-06T11:00:00.0;0.0
2022-10-06T12:00:00.0;0.0
2022-10-06T13:00:00.0;0.0
2022-10-06T14:00:00.0;0.0
2022-10-06T15:00:00.0;0.0
2022-10-06T16:00:00.0;0.0
2022-10-06T17:00:00.0;0.0
2022-10-06T18:00:00.0;0.23047354859039912
2022-10-06T19:00:00.0;0.4452831684091501
2022-10-06T20:00:00.0;0.6334536657846125
2022-10-06T21:00:00.0;0.4963522738446866
2022-10-06T22:00:00.0;0.3303898439646073
2022-10-06T23:00:00.0;0.11022603207147048
2022-10-07T00:00:00.0;0.0
2022-10-07T01:00:00.0;0.0
2022-10-07T02:00:00.0;0.0
2022-10-07T03:00:00.0;0.0
2022-10-07T04:00:00.0;0.0
2022-10-07T05:00:00.0;0.0
2022-10-07T06:00:00.0;0.0
2022-10-07T07:00:00.0;0.0
2022-10-07T08:00:00.0;0.0
2022-10-07T09:00:00.0;0.0
2022-10-07T10:00:00.0;0.0
2022-10-07T11:00:00.0;0.0
2022-10-07T12:00:00.0;0.0
2022-10-07T13:00:00.0;0.0
2022-10-07T14:00:00.0;0.0
2022-10-07T15:00:00.0;0.0
2022-10-07T16:00:00.0;0.0
2022-10-07T17:00:00.0;0.0
2022-10-07T18:00:00.0;0.23834897152578588
2022-10-07T19:00:00.0;0.43838889262075753
2022-10-07T20:00:00.0;0.5537818243616054
2022-10-07T21:00:00.0;0.4114119545661644
2022-10-07T22:00:00.0;0.2738505264042002
2022-10-07T23:00:00.0;0.09136315010170844
2022-10-08T00:00:00.0;0.0
2022-10-08T01:00:00.0;0.0
2022-10-08T02:00:00.0;0.0
2022-10-08T03:00:00.0;0.0
2022-10-08T04:00:00.0;0.0
2022-10-08T05:00:00.0;0.054955722275002436
2022-10-08T06:00:00.0;0.42813949643519394
2022-10-08T07:00:00.0;0.3592216236917978
2022-10-08T08:00:00.0;0.09032816377555983
2022-10-08T09:00:00.0;0.0
2022-10-08T10:00:00.0;0.0
2022-10-08T11:00:00.0;0.0
2022-10-08T12:00:00.0;0.0
2022-10-08T13:00:00.0;0.0
2022-10-08T14:00:00.0;0.0
2022-10-08T15:00:00.0;0.0
2022-10-08T16:00:00.0;0.2844238750617736
2022-10-08T17:00:00.0;0.42175857134826
2022-10-08T18:00:00.0;1.1229315269289315
2022-10-08T19:00:00.0;1.4973245673075226
2022-10-08T20:00:00.0;1.1377163776553798
2022-10-08T21:00:00.0;0.6804842835875148
2022-10-08T22:00:00.0;0.5005723114073256
2022-10-08T23:00:00.0;0.2897288691284251
2022-10-09T00:00:00.0;0.0
2022-10-09T01:00:00.0;0.0
2022-10-09T02:00:00.0;0.0
2022-10-09T03:00:00.0;0.0
2022-10-09T04:00:00.0;0.0
2022-10-09T05:00:00.0;0.07793457793822613
2022-10-09T06:00:00.0;0.6071591741873805
2022-10-09T07:00:00.0;0.5094243960367149
2022-10-09T08:00:00.0;0.12809743969074072
2022-10-09T09:00:00.0;0.0
2022-10-09T10:00:00.0;0.0
2022-10-09T11:00:00.0;0.0
2022-10-09T12:00:00.0;0.0
2022-10-09T13:00:00.0;0.0
2022-10-09T14:00:00.0;0.0
2022-10-09T15:00:00.0;0.0
2022-10-09T16:00:00.0;0.40335116600909243
2022-10-09T17:00:00.0;0.608201160327578
2022-10-09T18:00:00.0;1.431916879993578
2022-10-09T19:00:00.0;2.011736826927441
2022-10-09T20:00:00.0;2.198208424956866
2022-10-09T21:00:00.0;1.9463999122728237
2022-10-09T22:00:00.0;1.2963198141317147
2022-10-09T23:00:00.0;0.39493557790521633
2022-10-10T00:00:00.0;0.0
2022-10-10T01:00:00.0;0.0
2022-10-10T02:00:00.0;0.0
2022-10-10T03:00:00.0;0.0
2022-10-10T04:00:00.0;0.0
2022-10-10T05:00:00.0;0.022823813322701163
2022-10-10T06:00:00.0;0.17781180081327053
2022-10-10T07:00:00.0;0.14918932808474009
2022-10-10T08:00:00.0;0.03751444003372738
2022-10-10T09:00:00.0;0.0
2022-10-10T10:00:00.0;0.0
2022-10-10T11:00:00.0;0.0
2022-10-10T12:00:00.0;0.0
2022-10-10T13:00:00.0;0.0
2022-10-10T14:00:00.0;0.0
2022-10-10T15:00:00.0;0.0
2022-10-10T16:00:00.0;0.11812486780620537
2022-10-10T17:00:00.0;0.19160622667515104
2022-10-10T18:00:00.0;0.8285397458600241
2022-10-10T19:00:00.0;1.3120559732203996
2022-10-10T20:00:00.0;1.5749345295975083
2022-10-10T21:00:00.0;1.4987835564238687
2022-10-10T22:00:00.0;0.943763944156231
2022-10-10T23:00:00.0;0.13253137717683233
2022-10-11T00:00:00.0;0.0
2022-10-11T01:00:00.0;0.0
2022-10-11T02:00:00.0;0.0
2022-10-11T03:00:00.0;0.0
2022-10-11T04:00:00.0;0.0
2022-10-11T05:00:00.0;0.251923779504614
2022-10-11T06:00:00.0;1.962644027448577
2022-10-11T07:00:00.0;1.6467160356363064
2022-10-11T08:00:00.0;0.41407539510042374
2022-10-11T09:00:00.0;0.0
2022-10-11T10:00:00.0;0.0
2022-10-11T11:00:00.0;0.0
2022-10-11T12:00:00.0;0.0
2022-10-11T13:00:00.0;0.0
2022-10-11T14:00:00.0;0.0
2022-10-11T15:00:00.0;0.0
2022-10-11T16:00:00.0;1.3038339707074107
2022-10-11T17:00:00.0;1.9121633993432114
2022-10-11T18:00:00.0;3.0433701089812843
2022-10-11T19:00:00.0;3.6877019998162375
2022-10-11T20:00:00.0;3.4177572310000133
2022-10-11T21:00:00.0;2.5841419736728146
2022-10-11T22:00:00.0;1.938382384694048
2022-10-11T23:00:00.0;1.2092815744770244
2022-10-12T00:00:00.0;0.0
2022-10-12T01:00:00.0;0.0
2022-10-12T02:00:00.0;0.0
2022-10-12T03:00:00.0;0.0
2022-10-12T04:00:00.0;0.0
2022-10-12T05:00:00.0;0.2342455656225539
2022-10-12T06:00:00.0;1.824919669073951
2022-10-12T07:00:00.0;1.5311612502236673
2022-10-12T08:00:00.0;0.3850185374576947
2022-10-12T09:00:00.0;0.0
2022-10-12T10:00:00.0;0.0
2022-10-12T11:00:00.0;0.0
2022-10-12T12:00:00.0;0.0
2022-10-12T13:00:00.0;0.0
2022-10-12T14:00:00.0;0.0
2022-10-12T15:00:00.0;0.0
2022-10-12T16:00:00.0;1.2123402028456154
2022-10-12T17:00:00.0;1.7781403284014112
2022-10-12T18:00:00.0;2.789836181363693
2022-10-12T19:00:00.0;3.3718316452965347
2022-10-12T20:00:00.0;3.161695316894892
2022-10-12T21:00:00.0;2.4137470807990264
2022-10-12T22:00:00.0;1.8090064947818898
2022-10-12T23:00:00.0;1.1246215775244792
2022-10-13T00:00:00.0;0.0
2022-10-13T01:00:00.0;0.0
2022-10-13T02:00:00.0;0.0
2022-10-13T03:00:00.0;0.0
2022-10-13T04:00:00.0;0.0
2022-10-13T05:00:00.0;0.1227795982602058
2022-10-13T06:00:00.0;0.9565299698654102
2022-10-13T07:00:00.0;0.8025567641992347
2022-10-13T08:00:00.0;0.20180711308729346
2022-10-13T09:00:00.0;0.0
2022-10-13T10:00:00.0;0.0
2022-10-13T11:00:00.0;0.0
2022-10-13T12:00:00.0;0.0
2022-10-13T13:00:00.0;0.0
2022-10-13T14:00:00.0;0.0
2022-10-13T15:00:00.0;0.0
2022-10-13T16:00:00.0;0.6354470047895295
2022-10-13T17:00:00.0;1.0678644716698253
2022-10-13T18:00:00.0;1.8499790039413815
2022-10-13T19:00:00.0;2.2483019559274067
2022-10-13T20:00:00.0;2.090474077640981
2022-10-13T21:00:00.0;1.636920353916973
2022-10-13T22:00:00.0;1.1739921258362263
2022-10-13T23:00:00.0;0.5962223732030061
2022-10-14T00:00:00.0;0.0
2022-10-14T01:00:00.0;0.0
2022-10-14T02:00:00.0;0.0
2022-10-14T03:00:00.0;0.0
2022-10-14T04:00:00.0;0.0
2022-10-14T05:00:00.0;0.17103671649847438
2022-10-14T06:00:00.0;1.332483145379288
2022-10-14T07:00:00.0;1.1179925304965512
2022-10-14T08:00:00.0;0.28112509307398603
2022-10-14T09:00:00.0;0.0
2022-10-14T10:00:00.0;0.0
2022-10-14T11:00:00.0;0.0
2022-10-14T12:00:00.0;0.0
2022-10-14T13:00:00.0;0.0
2022-10-14T14:00:00.0;0.0
2022-10-14T15:00:00.0;0.0
2022-10-14T16:00:00.0;0.8852021895173229
2022-10-14T17:00:00.0;1.4543400523805523
2022-10-14T18:00:00.0;2.2940852374472005
2022-10-14T19:00:00.0;2.7131271288181504
2022-10-14T20:00:00.0;2.563576431247283
2022-10-14T21:00:00.0;2.0167954767124443
2022-10-14T22:00:00.0;1.4753693563575012
2022-10-14T23:00:00.0;0.8257743010831385
2022-10-15T00:00:00.0;0.0
2022-10-15T01:00:00.0;0.0
2022-10-15T02:00:00.0;0.0
2022-10-15T03:00:00.0;0.0
2022-10-15T04:00:00.0;0.0
2022-10-15T05:00:00.0;0.0
2022-10-15T06:00:00.0;0.0
2022-10-15T07:00:00.0;0.0
2022-10-15T08:00:00.0;0.0
2022-10-15T09:00:00.0;0.0
2022-10-15T10:00:00.0;0.0
2022-10-15T11:00:00.0;0.0
2022-10-15T12:00:00.0;0.0
2022-10-15T13:00:00.0;0.0
2022-10-15T14:00:00.0;0.0
2022-10-15T15:00:00.0;0.0
2022-10-15T16:00:00.0;0.0
2022-10-15T17:00:00.0;0.018463116566742137
2022-10-15T18:00:00.0;0.5600697369688786
2022-10-15T19:00:00.0;0.9894540847876212
2022-10-15T20:00:00.0;1.274516929798361
2022-10-15T21:00:00.0;1.2712228464091173
2022-10-15T22:00:00.0;0.7721332602531513
2022-10-15T23:00:00.0;0.02309189571458903
2022-10-16T00:00:00.0;0.0
2022-10-16T01:00:00.0;0.0
2022-10-16T02:00:00.0;0.0
2022-10-16T03:00:00.0;0.0
2022-10-16T04:00:00.0;0.0
2022-10-16T05:00:00.0;0.0
2022-10-16T06:00:00.0;0.0
2022-10-16T07:00:00.0;0.0
2022-10-16T08:00:00.0;0.0
2022-10-16T09:00:00.0;0.0
2022-10-16T10:00:00.0;0.0
2022-10-16T11:00:00.0;0.0
2022-10-16T12:00:00.0;0.0
2022-10-16T13:00:00.0;0.0
2022-10-16T14:00:00.0;0.0
2022-10-16T15:00:00.0;0.0
2022-10-16T16:00:00.0;0.0
2022-10-16T17:00:00.0;0.0
2022-10-16T18:00:00.0;0.6723861574807565
2022-10-16T19:00:00.0;0.9848818300437369
2022-10-16T20:00:00.0;0.4082749640991577
2022-10-16T21:00:00.0;0.0
2022-10-16T22:00:00.0;0.0
2022-10-16T23:00:00.0;0.0
2022-10-17T00:00:00.0;0.0
2022-10-17T01:00:00.0;0.0
2022-10-17T02:00:00.0;0.0
2022-10-17T03:00:00.0;0.0
2022-10-17T04:00:00.0;0.0
2022-10-17T05:00:00.0;0.026186555368758187
2022-10-17T06:00:00.0;0.2040096675074035
2022-10-17T07:00:00.0;0.17117010838995592
2022-10-17T08:00:00.0;0.04304162267635032
2022-10-17T09:00:00.0;0.0
2022-10-17T10:00:00.0;0.0
2022-10-17T11:00:00.0;0.0
2022-10-17T12:00:00.0;0.0
2022-10-17T13:00:00.0;0.0
2022-10-17T14:00:00.0;0.0
2022-10-17T15:00:00.0;0.0
2022-10-17T16:00:00.0;0.13552877196720578
2022-10-17T17:00:00.0;0.22782897338699615
2022-10-17T18:00:00.0;0.7862903224687289
2022-10-17T19:00:00.0;1.0981664672369624
2022-10-17T20:00:00.0;0.9091397085016799
2022-10-17T21:00:00.0;0.6523887998226781
2022-10-17T22:00:00.0;0.43459145932622334
2022-10-17T23:00:00.0;0.1326717399560165
2022-10-18T00:00:00.0;0.0
2022-10-18T01:00:00.0;0.0
2022-10-18T02:00:00.0;0.0
2022-10-18T03:00:00.0;0.0
2022-10-18T04:00:00.0;0.0
2022-10-18T05:00:00.0;0.22716451971195814
2022-10-18T06:00:00.0;1.7697538864239437
2022-10-18T07:00:00.0;1.4848755368504234
2022-10-18T08:00:00.0;0.37337975175465443
2022-10-18T09:00:00.0;0.0
2022-10-18T10:00:00.0;0.0
2022-10-18T11:00:00.0;0.0
2022-10-18T12:00:00.0;0.0
2022-10-18T13:00:00.0;0.0
2022-10-18T14:00:00.0;0.0
2022-10-18T15:00:00.0;0.0
2022-10-18T16:00:00.0;1.1756921808743332
2022-10-18T17:00:00.0;1.724234532669951
2022-10-18T18:00:00.0;2.7008268396552455
2022-10-18T19:00:00.0;3.2616449662343605
2022-10-18T20:00:00.0;3.055481439612989
2022-10-18T21:00:00.0;2.3301705439289235
2022-10-18T22:00:00.0;1.747876696288922
2022-10-18T23:00:00.0;1.0904324657353854
2022-10-19T00:00:00.0;0.0
2022-10-19T01:00:00.0;0.0
2022-10-19T02:00:00.0;0.0
2022-10-19T03:00:00.0;0.0
2022-10-19T04:00:00.0;0.0
2022-10-19T05:00:00.0;0.0
2022-10-19T06:00:00.0;0.0
2022-10-19T07:00:00.0;0.0
2022-10-19T08:00:00.0;0.0
2022-10-19T09:00:00.0;0.0
2022-10-19T10:00:00.0;0.0
2022-10-19T11:00:00.0;0.0
2022-10-19T12:00:00.0;0.0
2022-10-19T13:00:00.0;0.0
2022-10-19T14:00:00.0;0.0
2022-10-19T15:00:00.0;0.0
2022-10-19T16:00:00.0;0.0
2022-10-19T17:00:00.0;0.021112897428140286
2022-10-19T18:00:00.0;0.6404495615073692
2022-10-19T19:00:00.0;1.13145808977913
2022-10-19T20:00:00.0;1.457432449824433
2022-10-19T21:00:00.0;1.4536656077278978
2022-10-19T22:00:00.0;0.8829479175766725
2022-10-19T23:00:00.0;0.026405987520093828
2022-10-20T00:00:00.0;0.0
2022-10-20T01:00:00.0;0.0
2022-10-20T02:00:00.0;0.0
2022-10-20T03:00:00.0;0.0
2022-10-20T04:00:00.0;0.0
2022-10-20T05:00:00.0;0.0
2022-10-20T06:00:00.0;0.0
2022-10-20T07:00:00.0;0.0
2022-10-20T08:00:00.0;0.0
2022-10-20T09:00:00.0;0.0
2022-10-20T10:00:00.0;0.0
2022-10-20T11:00:00.0;0.0
2022-10-20T12:00:00.0;0.0
2022-10-20T13:00:00.0;0.0
2022-10-20T14:00:00.0;0.0
2022-10-20T15:00:00.0;0.0
2022-10-20T16:00:00.0;0.0
2022-10-20T17:00:00.0;0.0069743802796224386
2022-10-20T18:00:00.0;0.4843323152046386
2022-10-20T19:00:00.0;0.7733013764627626
2022-10-20T20:00:00.0;0.647069977952113
2022-10-20T21:00:00.0;0.4802001611673558
2022-10-20T22:00:00.0;0.2916707460565192
2022-10-20T23:00:00.0;0.00872288605819844
2022-10-21T00:00:00.0;0.0
2022-10-21T01:00:00.0;0.0
2022-10-21T02:00:00.0;0.0
2022-10-21T03:00:00.0;0.0
2022-10-21T04:00:00.0;0.0
2022-10-21T05:00:00.0;0.0
2022-10-21T06:00:00.0;0.0
2022-10-21T07:00:00.0;0.0
2022-10-21T08:00:00.0;0.0
2022-10-21T09:00:00.0;0.0
2022-10-21T10:00:00.0;0.0
2022-10-21T11:00:00.0;0.0
2022-10-21T12:00:00.0;0.0
2022-10-21T13:00:00.0;0.0
2022-10-21T14:00:00.0;0.0
2022-10-21T15:00:00.0;0.0
2022-10-21T16:00:00.0;0.0
2022-10-21T17:00:00.0;0.08332325770650481
2022-10-21T18:00:00.0;0.6762213566230468
2022-10-21T19:00:00.0;1.1106878650905596
2022-10-21T20:00:00.0;1.402353133991811
2022-10-21T21:00:00.0;1.3987286484659365
2022-10-21T22:00:00.0;0.8495795324952096
2022-10-21T23:00:00.0;0.02540805191994527
2022-10-22T00:00:00.0;0.0
2022-10-22T01:00:00.0;0.0
2022-10-22T02:00:00.0;0.0
2022-10-22T03:00:00.0;0.0
2022-10-22T04:00:00.0;0.0
2022-10-22T05:00:00.0;0.005025973549445337
2022-10-22T06:00:00.0;0.039155481822043536
2022-10-22T07:00:00.0;0.03285260031756542
2022-10-22T08:00:00.0;0.008260958879480217
2022-10-22T09:00:00.0;0.0
2022-10-22T10:00:00.0;0.0
2022-10-22T11:00:00.0;0.0
2022-10-22T12:00:00.0;0.0
2022-10-22T13:00:00.0;0.0
2022-10-22T14:00:00.0;0.0
2022-10-22T15:00:00.0;0.0
2022-10-22T16:00:00.0;0.02601197498120146
2022-10-22T17:00:00.0;0.15836074384007215
2022-10-22T18:00:00.0;0.7318984100463078
2022-10-22T19:00:00.0;0.963118946014767
2022-10-22T20:00:00.0;0.5672039514760983
2022-10-22T21:00:00.0;0.2680467601176033
2022-10-22T22:00:00.0;0.17016751548550726
2022-10-22T23:00:00.0;0.028058222064059727
2022-10-23T00:00:00.0;0.0
2022-10-23T01:00:00.0;0.0
2022-10-23T02:00:00.0;0.0
2022-10-23T03:00:00.0;0.0
2022-10-23T04:00:00.0;0.0
2022-10-23T05:00:00.0;0.0
2022-10-23T06:00:00.0;0.0
2022-10-23T07:00:00.0;0.0
2022-10-23T08:00:00.0;0.0
2022-10-23T09:00:00.0;0.0
2022-10-23T10:00:00.0;0.0
2022-10-23T11:00:00.0;0.0
2022-10-23T12:00:00.0;0.0
2022-10-23T13:00:00.0;0.0
2022-10-23T14:00:00.0;0.0
2022-10-23T15:00:00.0;0.0
2022-10-23T16:00:00.0;0.0
2022-10-23T17:00:00.0;0.009886154104274484
2022-10-23T18:00:00.0;0.5292167299802427
2022-10-23T19:00:00.0;0.8657126351213971
2022-10-23T20:00:00.0;0.8216923582477205
2022-10-23T21:00:00.0;0.6806816668813652
2022-10-23T22:00:00.0;0.4134420303476137
2022-10-23T23:00:00.0;0.012364653538800957
2022-10-24T00:00:00.0;0.0
2022-10-24T01:00:00.0;0.0
2022-10-24T02:00:00.0;0.0
2022-10-24T03:00:00.0;0.0
2022-10-24T04:00:00.0;0.0
2022-10-24T05:00:00.0;0.0
2022-10-24T06:00:00.0;0.0
2022-10-24T07:00:00.0;0.0
2022-10-24T08:00:00.0;0.0
2022-10-24T09:00:00.0;0.0
2022-10-24T10:00:00.0;0.0
2022-10-24T11:00:00.0;0.0
2022-10-24T12:00:00.0;0.0
2022-10-24T13:00:00.0;0.0
2022-10-24T14:00:00.0;0.0
2022-10-24T15:00:00.0;0.0
2022-10-24T16:00:00.0;0.0
2022-10-24T17:00:00.0;0.0
2022-10-24T18:00:00.0;0.33634822090869404
2022-10-24T19:00:00.0;0.49266816048334594
2022-10-24T20:00:00.0;0.20423168485624685
2022-10-24T21:00:00.0;0.0
2022-10-24T22:00:00.0;0.0
2022-10-24T23:00:00.0;0.0
2022-10-25T00:00:00.0;0.0
2022-10-25T01:00:00.0;0.0
2022-10-25T02:00:00.0;0.0
2022-10-25T03:00:00.0;0.0
2022-10-25T04:00:00.0;0.0
2022-10-25T05:00:00.0;0.011874948846553166
2022-10-25T06:00:00.0;0.09251328904232357
2022-10-25T07:00:00.0;0.07762136915551403
2022-10-25T08:00:00.0;0.01951830091269239
2022-10-25T09:00:00.0;0.0
2022-10-25T10:00:00.0;0.0
2022-10-25T11:00:00.0;0.0
2022-10-25T12:00:00.0;0.0
2022-10-25T13:00:00.0;0.0
2022-10-25T14:00:00.0;0.0
2022-10-25T15:00:00.0;0.0
2022-10-25T16:00:00.0;0.06145891323556152
2022-10-25T17:00:00.0;0.13228237071108123
2022-10-25T18:00:00.0;0.6731237670875565
2022-10-25T19:00:00.0;0.9179948308188455
2022-10-25T20:00:00.0;0.5205105577093342
2022-10-25T21:00:00.0;0.20540679976288076
2022-10-25T22:00:00.0;0.14214654897990123
2022-10-25T23:00:00.0;0.05852055522570005
2022-10-26T00:00:00.0;0.0
2022-10-26T01:00:00.0;0.0
2022-10-26T02:00:00.0;0.0
2022-10-26T03:00:00.0;0.0
2022-10-26T04:00:00.0;0.0
2022-10-26T05:00:00.0;0.05748868613728419
2022-10-26T06:00:00.0;0.4478728713703668
2022-10-26T07:00:00.0;0.37577850537207697
2022-10-26T08:00:00.0;0.09449147862464576
2022-10-26T09:00:00.0;0.0
2022-10-26T10:00:00.0;0.0
2022-10-26T11:00:00.0;0.0
2022-10-26T12:00:00.0;0.0
2022-10-26T13:00:00.0;0.0
2022-10-26T14:00:00.0;0.0
2022-10-26T15:00:00.0;0.0
2022-10-26T16:00:00.0;0.2975332541633074
2022-10-26T17:00:00.0;0.46423643625916194
2022-10-26T18:00:00.0;1.0464430035869006
2022-10-26T19:00:00.0;1.374566652885932
2022-10-26T20:00:00.0;1.2116146097637286
2022-10-26T21:00:00.0;0.9045708509066294
2022-10-26T22:00:00.0;0.6335883613228729
2022-10-26T23:00:00.0;0.2816762173752662
2022-10-27T00:00:00.0;0.0
2022-10-27T01:00:00.0;0.0
2022-10-27T02:00:00.0;0.0
2022-10-27T03:00:00.0;0.0
2022-10-27T04:00:00.0;0.0
2022-10-27T05:00:00.0;0.054310474855809227
2022-10-27T06:00:00.0;0.4231126149077875
2022-10-27T07:00:00.0;0.3550039223131197
2022-10-27T08:00:00.0;0.0892676006140935
2022-10-27T09:00:00.0;0.0
2022-10-27T10:00:00.0;0.0
2022-10-27T11:00:00.0;0.0
2022-10-27T12:00:00.0;0.0
2022-10-27T13:00:00.0;0.0
2022-10-27T14:00:00.0;0.0
2022-10-27T15:00:00.0;0.0
2022-10-27T16:00:00.0;0.28108439076890646
2022-10-27T17:00:00.0;0.4175534683804431
2022-10-27T18:00:00.0;0.9441959567927615
2022-10-27T19:00:00.0;1.2657525254390765
2022-10-27T20:00:00.0;1.1811784939522687
2022-10-27T21:00:00.0;0.9236387509394841
2022-10-27T22:00:00.0;0.6405175259230067
2022-10-27T23:00:00.0;0.26735877449034495
2022-10-28T00:00:00.0;0.0
2022-10-28T01:00:00.0;0.0
2022-10-28T02:00:00.0;0.0
2022-10-28T03:00:00.0;0.0
2022-10-28T04:00:00.0;0.0
2022-10-28T05:00:00.0;0.0030331989664896986
2022-10-28T06:00:00.0;0.023630519704612375
2022-10-28T07:00:00.0;0.019826700707713776
2022-10-28T08:00:00.0;0.004985528015406802
2022-10-28T09:00:00.0;0.0
2022-10-28T10:00:00.0;0.0
2022-10-28T11:00:00.0;0.0
2022-10-28T12:00:00.0;0.0
2022-10-28T13:00:00.0;0.0
2022-10-28T14:00:00.0;0.0
2022-10-28T15:00:00.0;0.0
2022-10-28T16:00:00.0;0.01569835074799458
2022-10-28T17:00:00.0;0.0351546075143826
2022-10-28T18:00:00.0;0.5067403950872159
2022-10-28T19:00:00.0;0.8440850124369927
2022-10-28T20:00:00.0;0.9406044635156139
2022-10-28T21:00:00.0;0.8664180056670582
2022-10-28T22:00:00.0;0.5306974699304724
2022-10-28T23:00:00.0;0.02973332067628939
2022-10-29T00:00:00.0;0.0
2022-10-29T01:00:00.0;0.0
2022-10-29T02:00:00.0;0.0
2022-10-29T03:00:00.0;0.0
2022-10-29T04:00:00.0;0.0
2022-10-29T05:00:00.0;0.10497361846466506
2022-10-29T06:00:00.0;0.8178102350023183
2022-10-29T07:00:00.0;0.6861668286513044
2022-10-29T08:00:00.0;0.17254025255714786
2022-10-29T09:00:00.0;0.0
2022-10-29T10:00:00.0;0.0
2022-10-29T11:00:00.0;0.0
2022-10-29T12:00:00.0;0.0
2022-10-29T13:00:00.0;0.0
2022-10-29T14:00:00.0;0.0
2022-10-29T15:00:00.0;0.0
2022-10-29T16:00:00.0;0.5432919832000309
2022-10-29T17:00:00.0;0.8115927578670126
2022-10-29T18:00:00.0;1.5065310392069
2022-10-29T19:00:00.0;1.9518984932982708
2022-10-29T20:00:00.0;1.9695752068782206
2022-10-29T21:00:00.0;1.6272378292515182
2022-10-29T22:00:00.0;1.1420449448261567
2022-10-29T23:00:00.0;0.5138922395056648
2022-10-30T00:00:00.0;0.0
2022-10-30T01:00:00.0;0.0
2022-10-30T02:00:00.0;0.0
2022-10-30T03:00:00.0;0.0
2022-10-30T04:00:00.0;0.0
2022-10-30T05:00:00.0;0.19463904375950183
2022-10-30T06:00:00.0;1.5163600573716072
2022-10-30T07:00:00.0;1.2722706651589364
2022-10-30T08:00:00.0;0.31991914024618023
2022-10-30T09:00:00.0;0.0
2022-10-30T10:00:00.0;0.0
2022-10-30T11:00:00.0;0.0
2022-10-30T12:00:00.0;0.0
2022-10-30T13:00:00.0;0.0
2022-10-30T14:00:00.0;0.0
2022-10-30T15:00:00.0;0.0
2022-10-30T16:00:00.0;1.0073562637821447
2022-10-30T17:00:00.0;1.477358176714972
2022-10-30T18:00:00.0;2.3271633142095407
2022-10-30T19:00:00.0;2.813744506831777
2022-10-30T20:00:00.0;2.625915684683251
2022-10-30T21:00:00.0;1.9965361097849694
2022-10-30T22:00:00.0;1.4976152491003827
2022-10-30T23:00:00.0;0.9343040571836212
2022-10-31T00:00:00.0;0.0
2022-10-31T01:00:00.0;0.0
2022-10-31T02:00:00.0;0.0
2022-10-31T03:00:00.0;0.0
2022-10-31T04:00:00.0;0.0
2022-10-31T05:00:00.0;0.017595655173473067
2022-10-31T06:00:00.0;0.1370811743264954
2022-10-31T07:00:00.0;0.11501513508832682
2022-10-31T08:00:00.0;0.028921159734638047
2022-10-31T09:00:00.0;0.0
2022-10-31T10:00:00.0;0.0
2022-10-31T11:00:00.0;0.0
2022-10-31T12:00:00.0;0.0
2022-10-31T13:00:00.0;0.0
2022-10-31T14:00:00.0;0.0
2022-10-31T15:00:00.0;0.0
2022-10-31T16:00:00.0;0.0910664844626452
2022-10-31T17:00:00.0;0.20431250076909424
2022-10-31T18:00:00.0;0.7406480558024002
2022-10-31T19:00:00.0;1.1182844455134593
2022-10-31T20:00:00.0;1.3270006067708657
2022-10-31T21:00:00.0;1.2680016101967133
2022-10-31T22:00:00.0;0.7959348799831403
2022-10-31T23:00:00.0;0.10421722345839995
2022-11-01T00:00:00.0;0.0
2022-11-01T01:00:00.0;0.0
2022-11-01T02:00:00.0;0.0
2022-11-01T03:00:00.0;0.0
2022-11-01T04:00:00.0;0.0
2022-11-01T05:00:00.0;0.0
2022-11-01T06:00:00.0;0.0
2022-11-01T07:00:00.0;0.0
2022-11-01T08:00:00.0;0.0
2022-11-01T09:00:00.0;0.0
2022-11-01T10:00:00.0;0.0
2022-11-01T11:00:00.0;0.0
2022-11-01T12:00:00.0;0.0
2022-11-01T13:00:00.0;0.0
2022-11-01T14:00:00.0;0.0
2022-11-01T15:00:00.0;0.0
2022-11-01T16:00:00.0;0.0
2022-11-01T17:00:00.0;0.0
2022-11-01T18:00:00.0;0.3153976305708703
2022-11-01T19:00:00.0;0.4619806522370105
2022-11-01T20:00:00.0;0.19151042130424406
2022-11-01T21:00:00.0;0.0
2022-11-01T22:00:00.0;0.0
2022-11-01T23:00:00.0;0.0
2022-11-02T00:00:00.0;0.0
2022-11-02T01:00:00.0;0.0
2022-11-02T02:00:00.0;0.0
2022-11-02T03:00:00.0;0.0
2022-11-02T04:00:00.0;0.0
2022-11-02T05:00:00.0;0.0
2022-11-02T06:00:00.0;0.0
2022-11-02T07:00:00.0;0.0
2022-11-02T08:00:00.0;0.0
2022-11-02T09:00:00.0;0.0
2022-11-02T10:00:00.0;0.0
2022-11-02T11:00:00.0;0.0
2022-11-02T12:00:00.0;0.0
2022-11-02T13:00:00.0;0.0
2022-11-02T14:00:00.0;0.0
2022-11-02T15:00:00.0;0.0
2022-11-02T16:00:00.0;0.0
2022-11-02T17:00:00.0;0.0
2022-11-02T18:00:00.0;0.36874793939600503
2022-11-02T19:00:00.0;0.5401258508026145
2022-11-02T20:00:00.0;0.2239048945960061
2022-11-02T21:00:00.0;0.0
2022-11-02T22:00:00.0;0.0
2022-11-02T23:00:00.0;0.0
2022-11-03T00:00:00.0;0.0
2022-11-03T01:00:00.0;0.0
2022-11-03T02:00:00.0;0.0
2022-11-03T03:00:00.0;0.0
2022-11-03T04:00:00.0;0.0
2022-11-03T05:00:00.0;0.0
2022-11-03T06:00:00.0;0.0
2022-11-03T07:00:00.0;0.0
2022-11-03T08:00:00.0;0.0
2022-11-03T09:00:00.0;0.0
2022-11-03T10:00:00.0;0.0
2022-11-03T11:00:00.0;0.0
2022-11-03T12:00:00.0;0.0
2022-11-03T13:00:00.0;0.0
2022-11-03T14:00:00.0;0.0
2022-11-03T15:00:00.0;0.0
2022-11-03T16:00:00.0;0.0
2022-11-03T17:00:00.0;0.0
2022-11-03T18:00:00.0;0.2708361633869912
2022-11-03T19:00:00.0;0.3967089644409262
2022-11-03T20:00:00.0;0.16445255996624542
2022-11-03T21:00:00.0;0.0
2022-11-03T22:00:00.0;0.0
2022-11-03T23:00:00.0;0.0
2022-11-04T00:00:00.0;0.0
2022-11-04T01:00:00.0;0.0
2022-11-04T02:00:00.0;0.0
2022-11-04T03:00:00.0;0.0
2022-11-04T04:00:00.0;0.0
2022-11-04T05:00:00.0;0.09755405096162152
2022-11-04T06:00:00.0;0.7600071571240219
2022-11-04T07:00:00.0;0.6376683470519361
2022-11-04T08:00:00.0;0.16034505466301358
2022-11-04T09:00:00.0;0.0
2022-11-04T10:00:00.0;0.0
2022-11-04T11:00:00.0;0.0
2022-11-04T12:00:00.0;0.0
2022-11-04T13:00:00.0;0.0
2022-11-04T14:00:00.0;0.0
2022-11-04T15:00:00.0;0.0
2022-11-04T16:00:00.0;0.5048919394350169
2022-11-04T17:00:00.0;0.8602373176413638
2022-11-04T18:00:00.0;1.4432840791071357
2022-11-04T19:00:00.0;1.7494856290399057
2022-11-04T20:00:00.0;1.7101854449655223
2022-11-04T21:00:00.0;1.3976775303564526
2022-11-04T22:00:00.0;0.9917499103394072
2022-11-04T23:00:00.0;0.47548942712337205
2022-11-05T00:00:00.0;0.0
2022-11-05T01:00:00.0;0.0
2022-11-05T02:00:00.0;0.0
2022-11-05T03:00:00.0;0.0
2022-11-05T04:00:00.0;0.0
2022-11-05T05:00:00.0;0.0
2022-11-05T06:00:00.0;0.0
2022-11-05T07:00:00.0;0.0
2022-11-05T08:00:00.0;0.0
2022-11-05T09:00:00.0;0.0
2022-11-05T10:00:00.0;0.0
2022-11-05T11:00:00.0;0.0
2022-11-05T12:00:00.0;0.0
2022-11-05T13:00:00.0;0.0
2022-11-05T14:00:00.0;0.0
2022-11-05T15:00:00.0;0.0
2022-11-05T16:00:00.0;0.0
2022-11-05T17:00:00.0;0.014760309214466426
2022-11-05T18:00:00.0;0.4477468616656318
2022-11-05T19:00:00.0;0.7910174965417118
2022-11-05T20:00:00.0;1.018910535222585
2022-11-05T21:00:00.0;1.0162770854890195
2022-11-05T22:00:00.0;0.6172807085365007
2022-11-05T23:00:00.0;0.01846077935236093
2022-11-06T00:00:00.0;0.0
2022-11-06T01:00:00.0;0.0
2022-11-06T02:00:00.0;0.0
2022-11-06T03:00:00.0;0.0
2022-11-06T04:00:00.0;0.0
2022-11-06T05:00:00.0;0.0
2022-11-06T06:00:00.0;0.0
2022-11-06T07:00:00.0;0.0
2022-11-06T08:00:00.0;0.0
2022-11-06T09:00:00.0;0.0
2022-11-06T10:00:00.0;0.0
2022-11-06T11:00:00.0;0.0
2022-11-06T12:00:00.0;0.0
2022-11-06T13:00:00.0;0.0
2022-11-06T14:00:00.0;0.0
2022-11-06T15:00:00.0;0.0
2022-11-06T16:00:00.0;0.0
2022-11-06T17:00:00.0;0.0
2022-11-06T18:00:00.0;0.19261061802834176
2022-11-06T19:00:00.0;0.2821276075646122
2022-11-06T20:00:00.0;0.11695376575757126
2022-11-06T21:00:00.0;0.0
2022-11-06T22:00:00.0;0.0
2022-11-06T23:00:00.0;0.0
2022-11-07T00:00:00.0;0.0
2022-11-07T01:00:00.0;0.0
2022-11-07T02:00:00.0;0.0
2022-11-07T03:00:00.0;0.0
2022-11-07T04:00:00.0;0.0
2022-11-07T05:00:00.0;0.0
2022-11-07T06:00:00.0;0.0
2022-11-07T07:00:00.0;0.0
2022-11-07T08:00:00.0;0.0
2022-11-07T09:00:00.0;0.0
2022-11-07T10:00:00.0;0.0
2022-11-07T11:00:00.0;0.0
2022-11-07T12:00:00.0;0.0
2022-11-07T13:00:00.0;0.0
2022-11-07T14:00:00.0;0.0
2022-11-07T15:00:00.0;0.0
2022-11-07T16:00:00.0;0.0
2022-11-07T17:00:00.0;0.0
2022-11-07T18:00:00.0;0.18617920909874763
2022-11-07T19:00:00.0;0.27270716110558535
2022-11-07T20:00:00.0;0.11304859427147892
2022-11-07T21:00:00.0;0.0
2022-11-07T22:00:00.0;0.0
2022-11-07T23:00:00.0;0.0
2022-11-08T00:00:00.0;0.0
2022-11-08T01:00:00.0;0.0
2022-11-08T02:00:00.0;0.0
2022-11-08T03:00:00.0;0.0
2022-11-08T04:00:00.0;0.0
2022-11-08T05:00:00.0;0.0
2022-11-08T06:00:00.0;0.0
2022-11-08T07:00:00.0;0.0
2022-11-08T08:00:00.0;0.0
2022-11-08T09:00:00.0;0.0
2022-11-08T10:00:00.0;0.0
2022-11-08T11:00:00.0;0.0
2022-11-08T12:00:00.0;0.0
2022-11-08T13:00:00.0;0.0
2022-11-08T14:00:00.0;0.0
2022-11-08T15:00:00.0;0.0
2022-11-08T16:00:00.0;0.0
2022-11-08T17:00:00.0;0.0
2022-11-08T18:00:00.0;0.22698791813763547
2022-11-08T19:00:00.0;0.33248197293474246
2022-11-08T20:00:00.0;0.13782776920305348
2022-11-08T21:00:00.0;0.0
2022-11-08T22:00:00.0;0.0
2022-11-08T23:00:00.0;0.0
2022-11-09T00:00:00.0;0.0
2022-11-09T01:00:00.0;0.0
2022-11-09T02:00:00.0;0.0
2022-11-09T03:00:00.0;0.0
2022-11-09T04:00:00.0;0.0
2022-11-09T05:00:00.0;0.0
2022-11-09T06:00:00.0;0.0
2022-11-09T07:00:00.0;0.0
2022-11-09T08:00:00.0;0.0
2022-11-09T09:00:00.0;0.0
2022-11-09T10:00:00.0;0.0
2022-11-09T11:00:00.0;0.0
2022-11-09T12:00:00.0;0.0
2022-11-09T13:00:00.0;0.0
2022-11-09T14:00:00.0;0.0
2022-11-09T15:00:00.0;0.0
2022-11-09T16:00:00.0;0.0
2022-11-09T17:00:00.0;0.0
2022-11-09T18:00:00.0;0.25239782076071826
2022-11-09T19:00:00.0;0.3697012867445619
2022-11-09T20:00:00.0;0.1532567410308965
2022-11-09T21:00:00.0;0.0
2022-11-09T22:00:00.0;0.0
2022-11-09T23:00:00.0;0.0
2022-11-10T00:00:00.0;0.0
2022-11-10T01:00:00.0;0.0
2022-11-10T02:00:00.0;0.0
2022-11-10T03:00:00.0;0.0
2022-11-10T04:00:00.0;0.0
2022-11-10T05:00:00.0;0.0
2022-11-10T06:00:00.0;0.0
2022-11-10T07:00:00.0;0.0
2022-11-10T08:00:00.0;0.0
2022-11-10T09:00:00.0;0.0
2022-11-10T10:00:00.0;0.0
2022-11-10T11:00:00.0;0.0
2022-11-10T12:00:00.0;0.0
2022-11-10T13:00:00.0;0.0
2022-11-10T14:00:00.0;0.0
2022-11-10T15:00:00.0;0.0
2022-11-10T16:00:00.0;0.0
2022-11-10T17:00:00.0;0.0025503926531132495
2022-11-10T18:00:00.0;0.24281295939962533
2022-11-10T19:00:00.0;0.37901874081658654
2022-11-10T20:00:00.0;0.2765152658100004
2022-11-10T21:00:00.0;0.17559968254718142
2022-11-10T22:00:00.0;0.10665821163265805
2022-11-10T23:00:00.0;0.003189786565234099
2022-11-11T00:00:00.0;0.0
2022-11-11T01:00:00.0;0.0
2022-11-11T02:00:00.0;0.0
2022-11-11T03:00:00.0;0.0
2022-11-11T04:00:00.0;0.0
2022-11-11T05:00:00.0;0.0
2022-11-11T06:00:00.0;0.0
2022-11-11T07:00:00.0;0.0
2022-11-11T08:00:00.0;0.0
2022-11-11T09:00:00.0;0.0
2022-11-11T10:00:00.0;0.0
2022-11-11T11:00:00.0;0.0
2022-11-11T12:00:00.0;0.0
2022-11-11T13:00:00.0;0.0
2022-11-11T14:00:00.0;0.0
2022-11-11T15:00:00.0;0.0
2022-11-11T16:00:00.0;0.0
2022-11-11T17:00:00.0;0.0
2022-11-11T18:00:00.0;0.40786583048095165
2022-11-11T19:00:00.0;0.5974240264574227
2022-11-11T20:00:00.0;0.247657399612141
2022-11-11T21:00:00.0;0.0
2022-11-11T22:00:00.0;0.0
2022-11-11T23:00:00.0;0.0
2022-11-12T00:00:00.0;0.0
2022-11-12T01:00:00.0;0.0
2022-11-12T02:00:00.0;0.0
2022-11-12T03:00:00.0;0.0
2022-11-12T04:00:00.0;0.0
2022-11-12T05:00:00.0;0.22079813098583784
2022-11-12T06:00:00.0;1.7201557308456723
2022-11-12T07:00:00.0;1.443261226264056
2022-11-12T08:00:00.0;0.36291561481484297
2022-11-12T09:00:00.0;0.0
2022-11-12T10:00:00.0;0.0
2022-11-12T11:00:00.0;0.0
2022-11-12T12:00:00.0;0.0
2022-11-12T13:00:00.0;0.0
2022-11-12T14:00:00.0;0.0
2022-11-12T15:00:00.0;0.0
2022-11-12T16:00:00.0;1.1427428741111252
2022-11-12T17:00:00.0;1.6759120776320948
2022-11-12T18:00:00.0;2.667906071541387
2022-11-12T19:00:00.0;3.2328851656131796
2022-11-12T20:00:00.0;2.9958209487091723
2022-11-12T21:00:00.0;2.2648664572713018
2022-11-12T22:00:00.0;1.6988916588895433
2022-11-12T23:00:00.0;1.059872601170022
2022-11-13T00:00:00.0;0.0
2022-11-13T01:00:00.0;0.0
2022-11-13T02:00:00.0;0.0
2022-11-13T03:00:00.0;0.0
2022-11-13T04:00:00.0;0.0
2022-11-13T05:00:00.0;0.1935648862957233
2022-11-13T06:00:00.0;1.5079916979615908
2022-11-13T07:00:00.0;1.2652493656060289
2022-11-13T08:00:00.0;0.31815359760034984
2022-11-13T09:00:00.0;0.0
2022-11-13T10:00:00.0;0.0
2022-11-13T11:00:00.0;0.0
2022-11-13T12:00:00.0;0.0
2022-11-13T13:00:00.0;0.0
2022-11-13T14:00:00.0;0.0
2022-11-13T15:00:00.0;0.0
2022-11-13T16:00:00.0;1.0017969513825078
2022-11-13T17:00:00.0;1.4692050575794635
2022-11-13T18:00:00.0;2.3013507601679635
2022-11-13T19:00:00.0;2.7792189459282794
2022-11-13T20:00:00.0;2.603548820860371
2022-11-13T21:00:00.0;1.9855177954601273
2022-11-13T22:00:00.0;1.4893503369500876
2022-11-13T23:00:00.0;0.929147899112364
2022-11-14T00:00:00.0;0.0
2022-11-14T01:00:00.0;0.0
2022-11-14T02:00:00.0;0.0
2022-11-14T03:00:00.0;0.0
2022-11-14T04:00:00.0;0.0
2022-11-14T05:00:00.0;0.1777999336397295
2022-11-14T06:00:00.0;1.3851728428533574
2022-11-14T07:00:00.0;1.162200735616748
2022-11-14T08:00:00.0;0.2922414784164975
2022-11-14T09:00:00.0;0.0
2022-11-14T10:00:00.0;0.0
2022-11-14T11:00:00.0;0.0
2022-11-14T12:00:00.0;0.0
2022-11-14T13:00:00.0;0.0
2022-11-14T14:00:00.0;0.0
2022-11-14T15:00:00.0;0.0
2022-11-14T16:00:00.0;0.9202052856020957
2022-11-14T17:00:00.0;1.349545192518501
2022-11-14T18:00:00.0;2.113916528302921
2022-11-14T19:00:00.0;2.5528645903337326
2022-11-14T20:00:00.0;2.391501973501264
2022-11-14T21:00:00.0;1.8238066781077773
2022-11-14T22:00:00.0;1.3680497333151127
2022-11-14T23:00:00.0;0.8534731580979027
2022-11-15T00:00:00.0;0.0
2022-11-15T01:00:00.0;0.0
2022-11-15T02:00:00.0;0.0
2022-11-15T03:00:00.0;0.0
2022-11-15T04:00:00.0;0.0
2022-11-15T05:00:00.0;0.03556870079688815
2022-11-15T06:00:00.0;0.27710245662553434
2022-11-15T07:00:00.0;0.23249710719711103
2022-11-15T08:00:00.0;0.058462618592979916
2022-11-15T09:00:00.0;0.0
2022-11-15T10:00:00.0;0.0
2022-11-15T11:00:00.0;0.0
2022-11-15T12:00:00.0;0.0
2022-11-15T13:00:00.0;0.0
2022-11-15T14:00:00.0;0.0
2022-11-15T15:00:00.0;0.0
2022-11-15T16:00:00.0;0.18408615686897137
2022-11-15T17:00:00.0;0.27568385877492657
2022-11-15T18:00:00.0;0.5960569143810456
2022-11-15T19:00:00.0;0.8166309523339521
2022-11-15T20:00:00.0;0.8724901411751029
2022-11-15T21:00:00.0;0.7579047493925611
2022-11-15T22:00:00.0;0.5124156942180761
2022-11-15T23:00:00.0;0.1778763282435032
2022-11-16T00:00:00.0;0.0
2022-11-16T01:00:00.0;0.0
2022-11-16T02:00:00.0;0.0
2022-11-16T03:00:00.0;0.0
2022-11-16T04:00:00.0;0.0
2022-11-16T05:00:00.0;0.021192683557076028
2022-11-16T06:00:00.0;0.16510427832852176
2022-11-16T07:00:00.0;0.13852734315207357
2022-11-16T08:00:00.0;0.03483342792963214
2022-11-16T09:00:00.0;0.0
2022-11-16T10:00:00.0;0.0
2022-11-16T11:00:00.0;0.0
2022-11-16T12:00:00.0;0.0
2022-11-16T13:00:00.0;0.0
2022-11-16T14:00:00.0;0.0
2022-11-16T15:00:00.0;0.0
2022-11-16T16:00:00.0;0.10968293984197715
2022-11-16T17:00:00.0;0.18992968729861678
2022-11-16T18:00:00.0;0.45147364515136407
2022-11-16T19:00:00.0;0.6179501113309206
2022-11-16T20:00:00.0;0.6493744420979376
2022-11-16T21:00:00.0;0.5670771403658567
2022-11-16T22:00:00.0;0.37546315990805673
2022-11-16T23:00:00.0;0.1080810329088213
2022-11-17T00:00:00.0;0.0
2022-11-17T01:00:00.0;0.0
2022-11-17T02:00:00.0;0.0
2022-11-17T03:00:00.0;0.0
2022-11-17T04:00:00.0;0.0
2022-11-17T05:00:00.0;0.0
2022-11-17T06:00:00.0;0.0
2022-11-17T07:00:00.0;0.0
2022-11-17T08:00:00.0;0.0
2022-11-17T09:00:00.0;0.0
2022-11-17T10:00:00.0;0.0
2022-11-17T11:00:00.0;0.0
2022-11-17T12:00:00.0;0.0
2022-11-17T13:00:00.0;0.0
2022-11-17T14:00:00.0;0.0
2022-11-17T15:00:00.0;0.0
2022-11-17T16:00:00.0;0.0
2022-11-17T17:00:00.0;0.0
2022-11-17T18:00:00.0;0.0697985436403864
2022-11-17T19:00:00.0;0.1022378533973594
2022-11-17T20:00:00.0;0.04238189258048167
2022-11-17T21:00:00.0;0.0
2022-11-17T22:00:00.0;0.0
2022-11-17T23:00:00.0;0.0
2022-11-18T00:00:00.0;0.0
2022-11-18T01:00:00.0;0.0
2022-11-18T02:00:00.0;0.0
2022-11-18T03:00:00.0;0.0
2022-11-18T04:00:00.0;0.0
2022-11-18T05:00:00.0;0.03914328372754583
2022-11-18T06:00:00.0;0.3049506964910626
2022-11-18T07:00:00.0;0.25586259910978704
2022-11-18T08:00:00.0;0.06433799424128867
2022-11-18T09:00:00.0;0.0
2022-11-18T10:00:00.0;0.0
2022-11-18T11:00:00.0;0.0
2022-11-18T12:00:00.0;0.0
2022-11-18T13:00:00.0;0.0
2022-11-18T14:00:00.0;0.0
2022-11-18T15:00:00.0;0.0
2022-11-18T16:00:00.0;0.2025864455883099
2022-11-18T17:00:00.0;0.4932655777674432
2022-11-18T18:00:00.0;0.8367661232636874
2022-11-18T19:00:00.0;0.9251028366419112
2022-11-18T20:00:00.0;0.7597111235154921
2022-11-18T21:00:00.0;0.5643839375618224
2022-11-18T22:00:00.0;0.400105105980257
2022-11-18T23:00:00.0;0.19085361799538048
2022-11-19T00:00:00.0;0.0
2022-11-19T01:00:00.0;0.0
2022-11-19T02:00:00.0;0.0
2022-11-19T03:00:00.0;0.0
2022-11-19T04:00:00.0;0.0
2022-11-19T05:00:00.0;0.04762329177519505
2022-11-19T06:00:00.0;0.37101527038782645
2022-11-19T07:00:00.0;0.3112927187350491
2022-11-19T08:00:00.0;0.07827618891941675
2022-11-19T09:00:00.0;0.0
2022-11-19T10:00:00.0;0.0
2022-11-19T11:00:00.0;0.0
2022-11-19T12:00:00.0;0.0
2022-11-19T13:00:00.0;0.0
2022-11-19T14:00:00.0;0.0
2022-11-19T15:00:00.0;0.0
2022-11-19T16:00:00.0;0.24647480970438884
2022-11-19T17:00:00.0;0.534558724100786
2022-11-19T18:00:00.0;0.8948443825729696
2022-11-19T19:00:00.0;0.9842318372181745
2022-11-19T20:00:00.0;0.7400673394460782
2022-11-19T21:00:00.0;0.48850230590675514
2022-11-19T22:00:00.0;0.3664288859896703
2022-11-19T23:00:00.0;0.2286007671563686
2022-11-20T00:00:00.0;0.0
2022-11-20T01:00:00.0;0.0
2022-11-20T02:00:00.0;0.0
2022-11-20T03:00:00.0;0.0
2022-11-20T04:00:00.0;0.0
2022-11-20T05:00:00.0;0.0
2022-11-20T06:00:00.0;0.0
2022-11-20T07:00:00.0;0.0
2022-11-20T08:00:00.0;0.0
2022-11-20T09:00:00.0;0.0
2022-11-20T10:00:00.0;0.0
2022-11-20T11:00:00.0;0.0
2022-11-20T12:00:00.0;0.0
2022-11-20T13:00:00.0;0.0
2022-11-20T14:00:00.0;0.0
2022-11-20T15:00:00.0;0.0
2022-11-20T16:00:00.0;0.0
2022-11-20T17:00:00.0;0.36393385466951467
2022-11-20T18:00:00.0;0.5591419045876036
2022-11-20T19:00:00.0;0.5124725182730399
2022-11-20T20:00:00.0;0.49976573108073713
2022-11-20T21:00:00.0;0.49847404953867497
2022-11-20T22:00:00.0;0.30277019808847855
2022-11-20T23:00:00.0;0.009054833148169742
2022-11-21T00:00:00.0;0.0
2022-11-21T01:00:00.0;0.0
2022-11-21T02:00:00.0;0.0
2022-11-21T03:00:00.0;0.0
2022-11-21T04:00:00.0;0.0
2022-11-21T05:00:00.0;0.05402995984582499
2022-11-21T06:00:00.0;0.42092722728761983
2022-11-21T07:00:00.0;0.3531703178551124
2022-11-21T08:00:00.0;0.08880653114371945
2022-11-21T09:00:00.0;0.0
2022-11-21T10:00:00.0;0.0
2022-11-21T11:00:00.0;0.0
2022-11-21T12:00:00.0;0.0
2022-11-21T13:00:00.0;0.0
2022-11-21T14:00:00.0;0.0
2022-11-21T15:00:00.0;0.0
2022-11-21T16:00:00.0;0.2796325826068108
2022-11-21T17:00:00.0;0.6141374220201
2022-11-21T18:00:00.0;0.9454244233754059
2022-11-21T19:00:00.0;1.044175990782431
2022-11-21T20:00:00.0;0.9824111741001417
2022-11-21T21:00:00.0;0.8092387334458135
2022-11-21T22:00:00.0;0.5706209856082702
2022-11-21T23:00:00.0;0.2639864300069228
2022-11-22T00:00:00.0;0.0
2022-11-22T01:00:00.0;0.0
2022-11-22T02:00:00.0;0.0
2022-11-22T03:00:00.0;0.0
2022-11-22T04:00:00.0;0.0
2022-11-22T05:00:00.0;0.0
2022-11-22T06:00:00.0;0.0
2022-11-22T07:00:00.0;0.0
2022-11-22T08:00:00.0;0.0
2022-11-22T09:00:00.0;0.0
2022-11-22T10:00:00.0;0.0
2022-11-22T11:00:00.0;0.0
2022-11-22T12:00:00.0;0.0
2022-11-22T13:00:00.0;0.0
2022-11-22T14:00:00.0;0.0
2022-11-22T15:00:00.0;0.0
2022-11-22T16:00:00.0;0.0
2022-11-22T17:00:00.0;0.13432816793928323
2022-11-22T18:00:00.0;0.23497276857686547
2022-11-22T19:00:00.0;0.20377024034809535
2022-11-22T20:00:00.0;0.06503740525051042
2022-11-22T21:00:00.0;0.0
2022-11-22T22:00:00.0;0.0
2022-11-22T23:00:00.0;0.0
2022-11-23T00:00:00.0;0.0
2022-11-23T01:00:00.0;0.0
2022-11-23T02:00:00.0;0.0
2022-11-23T03:00:00.0;0.0
2022-11-23T04:00:00.0;0.0
2022-11-23T05:00:00.0;0.011680160389102143
2022-11-23T06:00:00.0;0.09099576495871411
2022-11-23T07:00:00.0;0.07634812183812222
2022-11-23T08:00:00.0;0.019198136188113238
2022-11-23T09:00:00.0;0.0
2022-11-23T10:00:00.0;0.0
2022-11-23T11:00:00.0;0.0
2022-11-23T12:00:00.0;0.0
2022-11-23T13:00:00.0;0.0
2022-11-23T14:00:00.0;0.0
2022-11-23T15:00:00.0;0.0
2022-11-23T16:00:00.0;0.06045078367976591
2022-11-23T17:00:00.0;0.16342643632917822
2022-11-23T18:00:00.0;0.28512237859834977
2022-11-23T19:00:00.0;0.32984781693318
2022-11-23T20:00:00.0;0.3334966961514724
2022-11-23T21:00:00.0;0.2957473515162445
2022-11-23T22:00:00.0;0.1967337176427216
2022-11-23T23:00:00.0;0.05926287463565023
2022-11-24T00:00:00.0;0.04881278330902866
2022-11-24T01:00:00.0;0.0435243265145358
2022-11-24T02:00:00.0;0.032933476139715534
2022-11-24T03:00:00.0;0.02102231584718651
2022-11-24T04:00:00.0;0.01653939895773859
2022-11-24T05:00:00.0;0.06013897115159319
2022-11-24T06:00:00.0;0.10205510146856
2022-11-24T07:00:00.0;0.09935174473460966
2022-11-24T08:00:00.0;0.047757778657064424
2022-11-24T09:00:00.0;0.0
2022-11-24T10:00:00.0;0.0
2022-11-24T11:00:00.0;0.0
2022-11-24T12:00:00.0;0.0
2022-11-24T13:00:00.0;0.0
2022-11-24T14:00:00.0;0.0
2022-11-24T15:00:00.0;0.0
2022-11-24T16:00:00.0;0.0
2022-11-24T17:00:00.0;0.0
2022-11-24T18:00:00.0;0.08926883199433283
2022-11-24T19:00:00.0;0.2272024834051758
2022-11-24T20:00:00.0;0.4566617076773779
2022-11-24T21:00:00.0;0.44292777612355677
2022-11-24T22:00:00.0;0.28584959155594547
2022-11-24T23:00:00.0;0.12184490519691715
2022-11-25T00:00:00.0;0.0
2022-11-25T01:00:00.0;0.0
2022-11-25T02:00:00.0;0.0
2022-11-25T03:00:00.0;0.0
2022-11-25T04:00:00.0;0.0
2022-11-25T05:00:00.0;0.009443549897128051
2022-11-25T06:00:00.0;0.07357116839052322
2022-11-25T07:00:00.0;0.06172837307979315
2022-11-25T08:00:00.0;0.015521923585352714
2022-11-25T09:00:00.0;0.0
2022-11-25T10:00:00.0;0.0
2022-11-25T11:00:00.0;0.0
2022-11-25T12:00:00.0;0.0
2022-11-25T13:00:00.0;0.0
2022-11-25T14:00:00.0;0.0
2022-11-25T15:00:00.0;0.0
2022-11-25T16:00:00.0;0.04887518432820479
2022-11-25T17:00:00.0;0.3369361624522806
2022-11-25T18:00:00.0;0.5434147110600045
2022-11-25T19:00:00.0;0.4898402614454
2022-11-25T20:00:00.0;0.2354957143423254
2022-11-25T21:00:00.0;0.09686848029046517
2022-11-25T22:00:00.0;0.07266170270058626
2022-11-25T23:00:00.0;0.04533081756199279
2022-11-26T00:00:00.0;0.0
2022-11-26T01:00:00.0;0.0
2022-11-26T02:00:00.0;0.0
2022-11-26T03:00:00.0;0.0
2022-11-26T04:00:00.0;0.0
2022-11-26T05:00:00.0;0.03637330601350676
2022-11-26T06:00:00.0;0.28337083520399076
2022-11-26T07:00:00.0;0.23775646109838983
2022-11-26T08:00:00.0;0.059785110751625514
2022-11-26T09:00:00.0;0.0
2022-11-26T10:00:00.0;0.0
2022-11-26T11:00:00.0;0.0
2022-11-26T12:00:00.0;0.0
2022-11-26T13:00:00.0;0.0
2022-11-26T14:00:00.0;0.0
2022-11-26T15:00:00.0;0.0
2022-11-26T16:00:00.0;0.1882503989921193
2022-11-26T17:00:00.0;0.5433936165182002
2022-11-26T18:00:00.0;0.7747292520750018
2022-11-26T19:00:00.0;0.7746925621115365
2022-11-26T20:00:00.0;0.6955855532418341
2022-11-26T21:00:00.0;0.578916341224047
2022-11-26T22:00:00.0;0.40487704763090404
2022-11-26T23:00:00.0;0.1783373187651807
2022-11-27T00:00:00.0;0.0
2022-11-27T01:00:00.0;0.0
2022-11-27T02:00:00.0;0.0
2022-11-27T03:00:00.0;0.0
2022-11-27T04:00:00.0;0.0
2022-11-27T05:00:00.0;0.0
2022-11-27T06:00:00.0;0.0
2022-11-27T07:00:00.0;0.0
2022-11-27T08:00:00.0;0.0
2022-11-27T09:00:00.0;0.0
2022-11-27T10:00:00.0;0.0
2022-11-27T11:00:00.0;0.0
2022-11-27T12:00:00.0;0.0
2022-11-27T13:00:00.0;0.0
2022-11-27T14:00:00.0;0.0
2022-11-27T15:00:00.0;0.0
2022-11-27T16:00:00.0;0.0
2022-11-27T17:00:00.0;0.18345258811792955
2022-11-27T18:00:00.0;0.3697218890704878
2022-11-27T19:00:00.0;0.3497971642612034
2022-11-27T20:00:00.0;0.11846463234638893
2022-11-27T21:00:00.0;0.0
2022-11-27T22:00:00.0;0.0
2022-11-27T23:00:00.0;0.0
2022-11-28T00:00:00.0;0.0
2022-11-28T01:00:00.0;0.0
2022-11-28T02:00:00.0;0.0
2022-11-28T03:00:00.0;0.0
2022-11-28T04:00:00.0;0.0
2022-11-28T05:00:00.0;0.027320759795627793
2022-11-28T06:00:00.0;0.21284583036856208
2022-11-28T07:00:00.0;0.17858390879057134
2022-11-28T08:00:00.0;0.04490586172160519
2022-11-28T09:00:00.0;0.0
2022-11-28T10:00:00.0;0.0
2022-11-28T11:00:00.0;0.0
2022-11-28T12:00:00.0;0.0
2022-11-28T13:00:00.0;0.0
2022-11-28T14:00:00.0;0.0
2022-11-28T15:00:00.0;0.0
2022-11-28T16:00:00.0;0.14139885800825866
2022-11-28T17:00:00.0;0.7025629715657347
2022-11-28T18:00:00.0;0.7961828347681189
2022-11-28T19:00:00.0;0.5650952252799717
2022-11-28T20:00:00.0;0.36747848905944763
2022-11-28T21:00:00.0;0.2802463597495426
2022-11-28T22:00:00.0;0.2102146912389124
2022-11-28T23:00:00.0;0.13114479104168994
2022-11-29T00:00:00.0;0.0
2022-11-29T01:00:00.0;0.0
2022-11-29T02:00:00.0;0.0
2022-11-29T03:00:00.0;0.0
2022-11-29T04:00:00.0;0.0
2022-11-29T05:00:00.0;0.0650116874564808
2022-11-29T06:00:00.0;0.506481763459248
2022-11-29T07:00:00.0;0.42495308878295845
2022-11-29T08:00:00.0;0.1068566858699201
2022-11-29T09:00:00.0;0.0
2022-11-29T10:00:00.0;0.0
2022-11-29T11:00:00.0;0.0
2022-11-29T12:00:00.0;0.0
2022-11-29T13:00:00.0;0.0
2022-11-29T14:00:00.0;0.0
2022-11-29T15:00:00.0;0.0
2022-11-29T16:00:00.0;0.33646862064968375
2022-11-29T17:00:00.0;0.9121677137024699
2022-11-29T18:00:00.0;1.1715037830448691
2022-11-29T19:00:00.0;1.0795733230642548
2022-11-29T20:00:00.0;0.8744411523114319
2022-11-29T21:00:00.0;0.6668661079392609
2022-11-29T22:00:00.0;0.5002207811135566
2022-11-29T23:00:00.0;0.31206834035824493
2022-11-30T00:00:00.0;0.0
2022-11-30T01:00:00.0;0.0
2022-11-30T02:00:00.0;0.0
2022-11-30T03:00:00.0;0.0
2022-11-30T04:00:00.0;0.0
2022-11-30T05:00:00.0;0.09822274988089709
2022-11-30T06:00:00.0;0.7652167405252326
2022-11-30T07:00:00.0;0.6420393406736937
2022-11-30T08:00:00.0;0.16144416396403605
2022-11-30T09:00:00.0;0.0
2022-11-30T10:00:00.0;0.0
2022-11-30T11:00:00.0;0.0
2022-11-30T12:00:00.0;0.0
2022-11-30T13:00:00.0;0.0
2022-11-30T14:00:00.0;0.0
2022-11-30T15:00:00.0;0.0
2022-11-30T16:00:00.0;0.5083527971946188
2022-11-30T17:00:00.0;1.096859272323536
2022-11-30T18:00:00.0;1.5022148643578561
2022-11-30T19:00:00.0;1.532901624645306
2022-11-30T20:00:00.0;1.3211472882709663
2022-11-30T21:00:00.0;1.0075330373175189
2022-11-30T22:00:00.0;0.7557573505753683
2022-11-30T23:00:00.0;0.4714876930593952
2022-12-01T00:00:00.0;0.0
2022-12-01T01:00:00.0;0.0
2022-12-01T02:00:00.0;0.0
2022-12-01T03:00:00.0;0.0
2022-12-01T04:00:00.0;0.0
2022-12-01T05:00:00.0;0.14167978713688983
2022-12-01T06:00:00.0;1.103774278796535
2022-12-01T07:00:00.0;0.9260990679904516
2022-12-01T08:00:00.0;0.23287247417378926
2022-12-01T09:00:00.0;0.0
2022-12-01T10:00:00.0;0.0
2022-12-01T11:00:00.0;0.0
2022-12-01T12:00:00.0;0.0
2022-12-01T13:00:00.0;0.0
2022-12-01T14:00:00.0;0.0
2022-12-01T15:00:00.0;0.0
2022-12-01T16:00:00.0;0.7332651161193323
2022-12-01T17:00:00.0;1.3385301903235072
2022-12-01T18:00:00.0;1.9349539197342431
2022-12-01T19:00:00.0;2.1260866495399116
2022-12-01T20:00:00.0;1.9056671372536431
2022-12-01T21:00:00.0;1.4532994284279594
2022-12-01T22:00:00.0;1.090129737626931
2022-12-01T23:00:00.0;0.6800896540905139
2022-12-02T00:00:00.0;0.015358661515338516
2022-12-02T01:00:00.0;0.013694679002174089
2022-12-02T02:00:00.0;0.010362328846341574
2022-12-02T03:00:00.0;0.006614550768830138
2022-12-02T04:00:00.0;0.0052040267536242754
2022-12-02T05:00:00.0;0.018922381376011058
2022-12-02T06:00:00.0;0.032111050694362264
2022-12-02T07:00:00.0;0.03126045504672021
2022-12-02T08:00:00.0;0.015026710369589585
2022-12-02T09:00:00.0;0.0
2022-12-02T10:00:00.0;0.0
2022-12-02T11:00:00.0;0.0
2022-12-02T12:00:00.0;0.0
2022-12-02T13:00:00.0;0.0
2022-12-02T14:00:00.0;0.0
2022-12-02T15:00:00.0;0.0
2022-12-02T16:00:00.0;0.0
2022-12-02T17:00:00.0;0.5376621161656824
2022-12-02T18:00:00.0;0.5398724121975025
2022-12-02T19:00:00.0;0.24399462803986954
2022-12-02T20:00:00.0;0.07432042920487815
2022-12-02T21:00:00.0;0.06959954610673717
2022-12-02T22:00:00.0;0.04350276088208159
2022-12-02T23:00:00.0;0.022844903783273758
2022-12-03T00:00:00.0;0.0
2022-12-03T01:00:00.0;0.0
2022-12-03T02:00:00.0;0.0
2022-12-03T03:00:00.0;0.0
2022-12-03T04:00:00.0;0.0
2022-12-03T05:00:00.0;0.0
2022-12-03T06:00:00.0;0.0
2022-12-03T07:00:00.0;0.0
2022-12-03T08:00:00.0;0.0
2022-12-03T09:00:00.0;0.0
2022-12-03T10:00:00.0;0.0
2022-12-03T11:00:00.0;0.0
2022-12-03T12:00:00.0;0.0
2022-12-03T13:00:00.0;0.0
2022-12-03T14:00:00.0;0.0
2022-12-03T15:00:00.0;0.0
2022-12-03T16:00:00.0;0.0
2022-12-03T17:00:00.0;0.4787043266455468
2022-12-03T18:00:00.0;0.495673212106803
2022-12-03T19:00:00.0;0.22567091070271836
2022-12-03T20:00:00.0;0.0242935168332152
2022-12-03T21:00:00.0;0.0
2022-12-03T22:00:00.0;0.0
2022-12-03T23:00:00.0;0.0
2022-12-04T00:00:00.0;0.0
2022-12-04T01:00:00.0;0.0
2022-12-04T02:00:00.0;0.0
2022-12-04T03:00:00.0;0.0
2022-12-04T04:00:00.0;0.0
2022-12-04T05:00:00.0;0.0
2022-12-04T06:00:00.0;0.0
2022-12-04T07:00:00.0;0.0
2022-12-04T08:00:00.0;0.0
2022-12-04T09:00:00.0;0.0
2022-12-04T10:00:00.0;0.0
2022-12-04T11:00:00.0;0.0
2022-12-04T12:00:00.0;0.0
2022-12-04T13:00:00.0;0.0
2022-12-04T14:00:00.0;0.0
2022-12-04T15:00:00.0;0.0
2022-12-04T16:00:00.0;0.0
2022-12-04T17:00:00.0;0.5506282443690349
2022-12-04T18:00:00.0;0.5241265572892676
2022-12-04T19:00:00.0;0.1921690756199611
2022-12-04T20:00:00.0;0.0
2022-12-04T21:00:00.0;0.0
2022-12-04T22:00:00.0;0.0
2022-12-04T23:00:00.0;0.0
2022-12-05T00:00:00.0;0.0
2022-12-05T01:00:00.0;0.0
2022-12-05T02:00:00.0;0.0
2022-12-05T03:00:00.0;0.0
2022-12-05T04:00:00.0;0.0
2022-12-05T05:00:00.0;0.0
2022-12-05T06:00:00.0;0.0
2022-12-05T07:00:00.0;0.0
2022-12-05T08:00:00.0;0.0
2022-12-05T09:00:00.0;0.0
2022-12-05T10:00:00.0;0.0
2022-12-05T11:00:00.0;0.0
2022-12-05T12:00:00.0;0.0
2022-12-05T13:00:00.0;0.0
2022-12-05T14:00:00.0;0.0
2022-12-05T15:00:00.0;0.0
2022-12-05T16:00:00.0;0.0
2022-12-05T17:00:00.0;0.5488957404537359
2022-12-05T18:00:00.0;0.522477438629079
2022-12-05T19:00:00.0;0.19156443232511436
2022-12-05T20:00:00.0;0.0
2022-12-05T21:00:00.0;0.0
2022-12-05T22:00:00.0;0.0
2022-12-05T23:00:00.0;0.0
2022-12-06T00:00:00.0;0.0
2022-12-06T01:00:00.0;0.0
2022-12-06T02:00:00.0;0.0
2022-12-06T03:00:00.0;0.0
2022-12-06T04:00:00.0;0.0
2022-12-06T05:00:00.0;0.027866819876829308
2022-12-06T06:00:00.0;0.21709998040991857
2022-12-06T07:00:00.0;0.1821532657361666
2022-12-06T08:00:00.0;0.0458033952705092
2022-12-06T09:00:00.0;0.0
2022-12-06T10:00:00.0;0.0
2022-12-06T11:00:00.0;0.0
2022-12-06T12:00:00.0;0.0
2022-12-06T13:00:00.0;0.0
2022-12-06T14:00:00.0;0.0
2022-12-06T15:00:00.0;0.0
2022-12-06T16:00:00.0;0.14422499726878346
2022-12-06T17:00:00.0;0.7055996912650029
2022-12-06T18:00:00.0;0.8016204241354269
2022-12-06T19:00:00.0;0.5725489009862419
2022-12-06T20:00:00.0;0.3748232823622944
2022-12-06T21:00:00.0;0.28584764430773246
2022-12-06T22:00:00.0;0.2144162526971718
2022-12-06T23:00:00.0;0.13376598224504882
2022-12-07T00:00:00.0;0.0
2022-12-07T01:00:00.0;0.0
2022-12-07T02:00:00.0;0.0
2022-12-07T03:00:00.0;0.0
2022-12-07T04:00:00.0;0.0
2022-12-07T05:00:00.0;0.0
2022-12-07T06:00:00.0;0.0
2022-12-07T07:00:00.0;0.0
2022-12-07T08:00:00.0;0.0
2022-12-07T09:00:00.0;0.0
2022-12-07T10:00:00.0;0.0
2022-12-07T11:00:00.0;0.0
2022-12-07T12:00:00.0;0.0
2022-12-07T13:00:00.0;0.0
2022-12-07T14:00:00.0;0.0
2022-12-07T15:00:00.0;0.0
2022-12-07T16:00:00.0;0.0
2022-12-07T17:00:00.0;0.4833212808180736
2022-12-07T18:00:00.0;0.4600590717428552
2022-12-07T19:00:00.0;0.1686789675467799
2022-12-07T20:00:00.0;0.0
2022-12-07T21:00:00.0;0.0
2022-12-07T22:00:00.0;0.0
2022-12-07T23:00:00.0;0.0
2022-12-08T00:00:00.0;0.0
2022-12-08T01:00:00.0;0.0
2022-12-08T02:00:00.0;0.0
2022-12-08T03:00:00.0;0.0
2022-12-08T04:00:00.0;0.0
2022-12-08T05:00:00.0;0.05816687012817548
2022-12-08T06:00:00.0;0.4531563494201619
2022-12-08T07:00:00.0;0.3802114987763065
2022-12-08T08:00:00.0;0.09560617809657057
2022-12-08T09:00:00.0;0.0
2022-12-08T10:00:00.0;0.0
2022-12-08T11:00:00.0;0.0
2022-12-08T12:00:00.0;0.0
2022-12-08T13:00:00.0;0.0
2022-12-08T14:00:00.0;0.0
2022-12-08T15:00:00.0;0.0
2022-12-08T16:00:00.0;0.30104320200329604
2022-12-08T17:00:00.0;0.8656215318519415
2022-12-08T18:00:00.0;1.0952710984470873
2022-12-08T19:00:00.0;0.9831822027911514
2022-12-08T20:00:00.0;0.7823747841536878
2022-12-08T21:00:00.0;0.5966544756948629
2022-12-08T22:00:00.0;0.44755456055380743
2022-12-08T23:00:00.0;0.2792119284226298
2022-12-09T00:00:00.0;0.023959504252692124
2022-12-09T01:00:00.0;0.021363692367603538
2022-12-09T02:00:00.0;0.016165227797602325
2022-12-09T03:00:00.0;0.010318695878358942
2022-12-09T04:00:00.0;0.008118279122829945
2022-12-09T05:00:00.0;0.16214710508056632
2022-12-09T06:00:00.0;1.083349965916111
2022-12-09T07:00:00.0;0.915699076565911
2022-12-09T08:00:00.0;0.24143646157178147
2022-12-09T09:00:00.0;0.0
2022-12-09T10:00:00.0;0.0
2022-12-09T11:00:00.0;0.0
2022-12-09T12:00:00.0;0.0
2022-12-09T13:00:00.0;0.0
2022-12-09T14:00:00.0;0.0
2022-12-09T15:00:00.0;0.0
2022-12-09T16:00:00.0;0.6864185369767468
2022-12-09T17:00:00.0;1.2679658394756612
2022-12-09T18:00:00.0;1.8693830121974142
2022-12-09T19:00:00.0;2.083381051904237
2022-12-09T20:00:00.0;1.8998583898890768
2022-12-09T21:00:00.0;1.4690268119806018
2022-12-09T22:00:00.0;1.0883482044797061
2022-12-09T23:00:00.0;0.6722783682548898
2022-12-10T00:00:00.0;0.0
2022-12-10T01:00:00.0;0.0
2022-12-10T02:00:00.0;0.0
2022-12-10T03:00:00.0;0.0
2022-12-10T04:00:00.0;0.0
2022-12-10T05:00:00.0;0.04782431821787141
2022-12-10T06:00:00.0;0.37258139228332127
2022-12-10T07:00:00.0;0.3126067410452615
2022-12-10T08:00:00.0;0.07860660673007572
2022-12-10T09:00:00.0;0.0
2022-12-10T10:00:00.0;0.0
2022-12-10T11:00:00.0;0.0
2022-12-10T12:00:00.0;0.0
2022-12-10T13:00:00.0;0.0
2022-12-10T14:00:00.0;0.0
2022-12-10T15:00:00.0;0.0
2022-12-10T16:00:00.0;0.2475152240133807
2022-12-10T17:00:00.0;0.8165862483248134
2022-12-10T18:00:00.0;1.0003543812826645
2022-12-10T19:00:00.0;0.8449671305247172
2022-12-10T20:00:00.0;0.643262058978831
2022-12-10T21:00:00.0;0.49056436161804856
2022-12-10T22:00:00.0;0.36797564793531834
2022-12-10T23:00:00.0;0.22956573193098898
2022-12-11T00:00:00.0;0.0
2022-12-11T01:00:00.0;0.0
2022-12-11T02:00:00.0;0.0
2022-12-11T03:00:00.0;0.0
2022-12-11T04:00:00.0;0.0
2022-12-11T05:00:00.0;0.083440275362724
2022-12-11T06:00:00.0;0.6500520054571332
2022-12-11T07:00:00.0;0.545412742409218
2022-12-11T08:00:00.0;0.13714689838350613
2022-12-11T09:00:00.0;0.0
2022-12-11T10:00:00.0;0.0
2022-12-11T11:00:00.0;0.0
2022-12-11T12:00:00.0;0.0
2022-12-11T13:00:00.0;0.0
2022-12-11T14:00:00.0;0.0
2022-12-11T15:00:00.0;0.0
2022-12-11T16:00:00.0;0.43184595657079544
2022-12-11T17:00:00.0;1.014651776997208
2022-12-11T18:00:00.0;1.3550130654538688
2022-12-11T19:00:00.0;1.331122049488991
2022-12-11T20:00:00.0;1.122315285020187
2022-12-11T21:00:00.0;0.8558998213016396
2022-12-11T22:00:00.0;0.6420162489431163
2022-12-11T23:00:00.0;0.40052903208997515
2022-12-12T00:00:00.0;0.0
2022-12-12T01:00:00.0;0.0
2022-12-12T02:00:00.0;0.0
2022-12-12T03:00:00.0;0.0
2022-12-12T04:00:00.0;0.0
2022-12-12T05:00:00.0;0.17815487491593876
2022-12-12T06:00:00.0;1.3879380577021379
2022-12-12T07:00:00.0;1.1645208321649672
2022-12-12T08:00:00.0;0.2928248788778307
2022-12-12T09:00:00.0;0.0
2022-12-12T10:00:00.0;0.0
2022-12-12T11:00:00.0;0.0
2022-12-12T12:00:00.0;0.0
2022-12-12T13:00:00.0;0.0
2022-12-12T14:00:00.0;0.0
2022-12-12T15:00:00.0;0.0
2022-12-12T16:00:00.0;0.9220422876288114
2022-12-12T17:00:00.0;1.541373469670092
2022-12-12T18:00:00.0;2.298167705738483
2022-12-12T19:00:00.0;2.62396863180193
2022-12-12T20:00:00.0;2.3962761190543858
2022-12-12T21:00:00.0;1.8274475358777142
2022-12-12T22:00:00.0;1.3707807653707518
2022-12-12T23:00:00.0;0.8551769430529602
2022-12-13T00:00:00.0;0.021833132234775374
2022-12-13T01:00:00.0;0.019467694972551026
2022-12-13T02:00:00.0;0.014730586759559587
2022-12-13T03:00:00.0;0.009402926255343058
2022-12-13T04:00:00.0;0.007397793365764096
2022-12-13T05:00:00.0;0.13726403991792985
2022-12-13T06:00:00.0;0.9054591799422747
2022-12-13T07:00:00.0;0.7658456132488586
2022-12-13T08:00:00.0;0.20276289021527583
2022-12-13T09:00:00.0;0.0
2022-12-13T10:00:00.0;0.0
2022-12-13T11:00:00.0;0.0
2022-12-13T12:00:00.0;0.0
2022-12-13T13:00:00.0;0.0
2022-12-13T14:00:00.0;0.0
2022-12-13T15:00:00.0;0.0
2022-12-13T16:00:00.0;0.5711945897186519
2022-12-13T17:00:00.0;1.145951491289494
2022-12-13T18:00:00.0;1.6455081873026487
2022-12-13T19:00:00.0;1.7723136294871942
2022-12-13T20:00:00.0;1.5901158248164633
2022-12-13T21:00:00.0;1.2310220818689508
2022-12-13T22:00:00.0;0.911024340338096
2022-12-13T23:00:00.0;0.5622474910647495
2022-12-14T00:00:00.0;0.003255859592414899
2022-12-14T01:00:00.0;0.002903114438047999
2022-12-14T02:00:00.0;0.00219669453229533
2022-12-14T03:00:00.0;0.0014022086852231981
2022-12-14T04:00:00.0;0.0011031938172509374
2022-12-14T05:00:00.0;0.1933430513444633
2022-12-14T06:00:00.0;1.4818198867923735
2022-12-14T07:00:00.0;1.2442058849654924
2022-12-14T08:00:00.0;0.31438123567257087
2022-12-14T09:00:00.0;0.0
2022-12-14T10:00:00.0;0.0
2022-12-14T11:00:00.0;0.0
2022-12-14T12:00:00.0;0.0
2022-12-14T13:00:00.0;0.0
2022-12-14T14:00:00.0;0.0
2022-12-14T15:00:00.0;0.0
2022-12-14T16:00:00.0;0.9798881794275355
2022-12-14T17:00:00.0;1.6007808871157405
2022-12-14T18:00:00.0;2.412803135912357
2022-12-14T19:00:00.0;2.7875181357808425
2022-12-14T20:00:00.0;2.562365654912682
2022-12-14T21:00:00.0;1.956849869771261
2022-12-14T22:00:00.0;1.4660011140700564
2022-12-14T23:00:00.0;0.9136707805358251
2022-12-15T00:00:00.0;0.01922342490417025
2022-12-15T01:00:00.0;0.017140727603254843
2022-12-15T02:00:00.0;0.01296984442368407
2022-12-15T03:00:00.0;0.008278997479854623
2022-12-15T04:00:00.0;0.0065135374848700935
2022-12-15T05:00:00.0;0.06926809383772309
2022-12-15T06:00:00.0;0.3953207204675698
2022-12-15T07:00:00.0;0.3370906870021886
2022-12-15T08:00:00.0;0.09373256482464068
2022-12-15T09:00:00.0;0.0
2022-12-15T10:00:00.0;0.0
2022-12-15T11:00:00.0;0.0
2022-12-15T12:00:00.0;0.0
2022-12-15T13:00:00.0;0.0
2022-12-15T14:00:00.0;0.0
2022-12-15T15:00:00.0;0.0
2022-12-15T16:00:00.0;0.2359214472854972
2022-12-15T17:00:00.0;0.7878997510318121
2022-12-15T18:00:00.0;0.9977556045358794
2022-12-15T19:00:00.0;0.8792562681422696
2022-12-15T20:00:00.0;0.7061532244262015
2022-12-15T21:00:00.0;0.554699169762744
2022-12-15T22:00:00.0;0.4051889654704239
2022-12-15T23:00:00.0;0.24740618249174698
2022-12-16T00:00:00.0;0.0
2022-12-16T01:00:00.0;0.0
2022-12-16T02:00:00.0;0.0
2022-12-16T03:00:00.0;0.0
2022-12-16T04:00:00.0;0.0
2022-12-16T05:00:00.0;0.07918271140841578
2022-12-16T06:00:00.0;0.6168829156521339
2022-12-16T07:00:00.0;0.5175829009782384
2022-12-16T08:00:00.0;0.130148938603718
2022-12-16T09:00:00.0;0.0
2022-12-16T10:00:00.0;0.0
2022-12-16T11:00:00.0;0.0
2022-12-16T12:00:00.0;0.0
2022-12-16T13:00:00.0;0.0
2022-12-16T14:00:00.0;0.0
2022-12-16T15:00:00.0;0.0
2022-12-16T16:00:00.0;0.40981089292177314
2022-12-16T17:00:00.0;0.9909748433116434
2022-12-16T18:00:00.0;1.3126168433428498
2022-12-16T19:00:00.0;1.273006647710688
2022-12-16T20:00:00.0;1.0650488260817523
2022-12-16T21:00:00.0;0.8122272877220027
2022-12-16T22:00:00.0;0.6092571859163239
2022-12-16T23:00:00.0;0.38009192348424237
2022-12-17T00:00:00.0;0.0
2022-12-17T01:00:00.0;0.0
2022-12-17T02:00:00.0;0.0
2022-12-17T03:00:00.0;0.0
2022-12-17T04:00:00.0;0.0
2022-12-17T05:00:00.0;0.0
2022-12-17T06:00:00.0;0.0
2022-12-17T07:00:00.0;0.0
2022-12-17T08:00:00.0;0.0
2022-12-17T09:00:00.0;0.0
2022-12-17T10:00:00.0;0.0
2022-12-17T11:00:00.0;0.0
2022-12-17T12:00:00.0;0.0
2022-12-17T13:00:00.0;0.0
2022-12-17T14:00:00.0;0.0
2022-12-17T15:00:00.0;0.0
2022-12-17T16:00:00.0;0.0
2022-12-17T17:00:00.0;0.5395044418532828
2022-12-17T18:00:00.0;0.5135381423719985
2022-12-17T19:00:00.0;0.1882868722119601
2022-12-17T20:00:00.0;0.0
2022-12-17T21:00:00.0;0.0
2022-12-17T22:00:00.0;0.0
2022-12-17T23:00:00.0;0.0
2022-12-18T00:00:00.0;0.0
2022-12-18T01:00:00.0;0.0
2022-12-18T02:00:00.0;0.0
2022-12-18T03:00:00.0;0.0
2022-12-18T04:00:00.0;0.0
2022-12-18T05:00:00.0;0.0
2022-12-18T06:00:00.0;0.0
2022-12-18T07:00:00.0;0.0
2022-12-18T08:00:00.0;0.0
2022-12-18T09:00:00.0;0.0
2022-12-18T10:00:00.0;0.0
2022-12-18T11:00:00.0;0.0
2022-12-18T12:00:00.0;0.0
2022-12-18T13:00:00.0;0.0
2022-12-18T14:00:00.0;0.0
2022-12-18T15:00:00.0;0.0
2022-12-18T16:00:00.0;0.0
2022-12-18T17:00:00.0;0.29624847665640186
2022-12-18T18:00:00.0;0.2819900645489694
2022-12-18T19:00:00.0;0.1033906206139466
2022-12-18T20:00:00.0;0.0
2022-12-18T21:00:00.0;0.0
2022-12-18T22:00:00.0;0.0
2022-12-18T23:00:00.0;0.0
2022-12-19T00:00:00.0;0.0
2022-12-19T01:00:00.0;0.0
2022-12-19T02:00:00.0;0.0
2022-12-19T03:00:00.0;0.0
2022-12-19T04:00:00.0;0.0
2022-12-19T05:00:00.0;0.0
2022-12-19T06:00:00.0;0.0
2022-12-19T07:00:00.0;0.0
2022-12-19T08:00:00.0;0.0
2022-12-19T09:00:00.0;0.0
2022-12-19T10:00:00.0;0.0
2022-12-19T11:00:00.0;0.0
2022-12-19T12:00:00.0;0.0
2022-12-19T13:00:00.0;0.0
2022-12-19T14:00:00.0;0.0
2022-12-19T15:00:00.0;0.0
2022-12-19T16:00:00.0;0.0
2022-12-19T17:00:00.0;0.0
2022-12-19T18:00:00.0;0.0
2022-12-19T19:00:00.0;0.0
2022-12-19T20:00:00.0;0.0
2022-12-19T21:00:00.0;0.0
2022-12-19T22:00:00.0;0.0
2022-12-19T23:00:00.0;0.0
2022-12-20T00:00:00.0;0.0
2022-12-20T01:00:00.0;0.0
2022-12-20T02:00:00.0;0.0
2022-12-20T03:00:00.0;0.0
2022-12-20T04:00:00.0;0.0
2022-12-20T05:00:00.0;0.0
2022-12-20T06:00:00.0;0.0
2022-12-20T07:00:00.0;0.0
2022-12-20T08:00:00.0;0.0
2022-12-20T09:00:00.0;0.0
2022-12-20T10:00:00.0;0.0
2022-12-20T11:00:00.0;0.0
2022-12-20T12:00:00.0;0.0
2022-12-20T13:00:00.0;0.0
2022-12-20T14:00:00.0;0.0
2022-12-20T15:00:00.0;0.0
2022-12-20T16:00:00.0;0.0
2022-12-20T17:00:00.0;0.0
2022-12-20T18:00:00.0;0.0
2022-12-20T19:00:00.0;0.0
2022-12-20T20:00:00.0;0.0
2022-12-20T21:00:00.0;0.0
2022-12-20T22:00:00.0;0.0
2022-12-20T23:00:00.0;0.0
2022-12-21T00:00:00.0;0.0
2022-12-21T01:00:00.0;0.0
2022-12-21T02:00:00.0;0.0
2022-12-21T03:00:00.0;0.0
2022-12-21T04:00:00.0;0.0
2022-12-21T05:00:00.0;0.0
2022-12-21T06:00:00.0;0.0
2022-12-21T07:00:00.0;0.0
2022-12-21T08:00:00.0;0.0
2022-12-21T09:00:00.0;0.0
2022-12-21T10:00:00.0;0.0
2022-12-21T11:00:00.0;0.0
2022-12-21T12:00:00.0;0.0
2022-12-21T13:00:00.0;0.0
2022-12-21T14:00:00.0;0.0
2022-12-21T15:00:00.0;0.0
2022-12-21T16:00:00.0;0.0
2022-12-21T17:00:00.0;0.32707807327500443
2022-12-21T18:00:00.0;0.31133583549982424
2022-12-21T19:00:00.0;0.11415013966245095
2022-12-21T20:00:00.0;0.0
2022-12-21T21:00:00.0;0.0
2022-12-21T22:00:00.0;0.0
2022-12-21T23:00:00.0;0.0
2022-12-22T00:00:00.0;0.0
2022-12-22T01:00:00.0;0.0
2022-12-22T02:00:00.0;0.0
2022-12-22T03:00:00.0;0.0
2022-12-22T04:00:00.0;0.0
2022-12-22T05:00:00.0;0.00957252460598621
2022-12-22T06:00:00.0;0.07457596215207342
2022-12-22T07:00:00.0;0.0625714245840453
2022-12-22T08:00:00.0;0.015733913313489615
2022-12-22T09:00:00.0;0.0
2022-12-22T10:00:00.0;0.0
2022-12-22T11:00:00.0;0.0
2022-12-22T12:00:00.0;0.0
2022-12-22T13:00:00.0;0.0
2022-12-22T14:00:00.0;0.0
2022-12-22T15:00:00.0;0.0
2022-12-22T16:00:00.0;0.04954269418813957
2022-12-22T17:00:00.0;0.44859033054361397
2022-12-22T18:00:00.0;0.4716495233930377
2022-12-22T19:00:00.0;0.26864334004026286
2022-12-22T20:00:00.0;0.12875545574157649
2022-12-22T21:00:00.0;0.09819145567356707
2022-12-22T22:00:00.0;0.07365407548974219
2022-12-22T23:00:00.0;0.04594992044820069
2022-12-23T00:00:00.0;0.0
2022-12-23T01:00:00.0;0.0
2022-12-23T02:00:00.0;0.0
2022-12-23T03:00:00.0;0.0
2022-12-23T04:00:00.0;0.0
2022-12-23T05:00:00.0;0.0
2022-12-23T06:00:00.0;0.0
2022-12-23T07:00:00.0;0.0
2022-12-23T08:00:00.0;0.0
2022-12-23T09:00:00.0;0.0
2022-12-23T10:00:00.0;0.0
2022-12-23T11:00:00.0;0.0
2022-12-23T12:00:00.0;0.0
2022-12-23T13:00:00.0;0.0
2022-12-23T14:00:00.0;0.0
2022-12-23T15:00:00.0;0.0
2022-12-23T16:00:00.0;0.0
2022-12-23T17:00:00.0;0.2738756993935848
2022-12-23T18:00:00.0;0.2606940870111718
2022-12-23T19:00:00.0;0.09558252873051358
2022-12-23T20:00:00.0;0.0
2022-12-23T21:00:00.0;0.0
2022-12-23T22:00:00.0;0.0
2022-12-23T23:00:00.0;0.0
2022-12-24T00:00:00.0;0.0
2022-12-24T01:00:00.0;0.0
2022-12-24T02:00:00.0;0.0
2022-12-24T03:00:00.0;0.0
2022-12-24T04:00:00.0;0.0
2022-12-24T05:00:00.0;0.0
2022-12-24T06:00:00.0;0.0
2022-12-24T07:00:00.0;0.0
2022-12-24T08:00:00.0;0.0
2022-12-24T09:00:00.0;0.0
2022-12-24T10:00:00.0;0.0
2022-12-24T11:00:00.0;0.0
2022-12-24T12:00:00.0;0.0
2022-12-24T13:00:00.0;0.0
2022-12-24T14:00:00.0;0.0
2022-12-24T15:00:00.0;0.0
2022-12-24T16:00:00.0;0.0
2022-12-24T17:00:00.0;0.06963645827319968
2022-12-24T18:00:00.0;0.18936859292502428
2022-12-24T19:00:00.0;0.20459076588751854
2022-12-24T20:00:00.0;0.07473682393088424
2022-12-24T21:00:00.0;0.0
2022-12-24T22:00:00.0;0.0
2022-12-24T23:00:00.0;0.0
2022-12-25T00:00:00.0;0.0
2022-12-25T01:00:00.0;0.0
2022-12-25T02:00:00.0;0.0
2022-12-25T03:00:00.0;0.0
2022-12-25T04:00:00.0;0.0
2022-12-25T05:00:00.0;0.0
2022-12-25T06:00:00.0;0.0
2022-12-25T07:00:00.0;0.0
2022-12-25T08:00:00.0;0.0
2022-12-25T09:00:00.0;0.0
2022-12-25T10:00:00.0;0.0
2022-12-25T11:00:00.0;0.0
2022-12-25T12:00:00.0;0.0
2022-12-25T13:00:00.0;0.0
2022-12-25T14:00:00.0;0.0
2022-12-25T15:00:00.0;0.0
2022-12-25T16:00:00.0;0.0
2022-12-25T17:00:00.0;0.36220654068005986
2022-12-25T18:00:00.0;0.4708455453040223
2022-12-25T19:00:00.0;0.3110746732587654
2022-12-25T20:00:00.0;0.07655129333378681
2022-12-25T21:00:00.0;0.0
2022-12-25T22:00:00.0;0.0
2022-12-25T23:00:00.0;0.0
2022-12-26T00:00:00.0;0.0
2022-12-26T01:00:00.0;0.0
2022-12-26T02:00:00.0;0.0
2022-12-26T03:00:00.0;0.0
2022-12-26T04:00:00.0;0.0
2022-12-26T05:00:00.0;0.0
2022-12-26T06:00:00.0;0.0
2022-12-26T07:00:00.0;0.0
2022-12-26T08:00:00.0;0.0
2022-12-26T09:00:00.0;0.0
2022-12-26T10:00:00.0;0.0
2022-12-26T11:00:00.0;0.0
2022-12-26T12:00:00.0;0.0
2022-12-26T13:00:00.0;0.0
2022-12-26T14:00:00.0;0.0
2022-12-26T15:00:00.0;0.0
2022-12-26T16:00:00.0;0.0
2022-12-26T17:00:00.0;0.016194902618012038
2022-12-26T18:00:00.0;0.025102751882950042
2022-12-26T19:00:00.0;0.019841561315206452
2022-12-26T20:00:00.0;0.005882163790523421
2022-12-26T21:00:00.0;0.0
2022-12-26T22:00:00.0;0.0
2022-12-26T23:00:00.0;0.0
2022-12-27T00:00:00.0;0.0
2022-12-27T01:00:00.0;0.0
2022-12-27T02:00:00.0;0.0
2022-12-27T03:00:00.0;0.0
2022-12-27T04:00:00.0;0.0
2022-12-27T05:00:00.0;0.0
2022-12-27T06:00:00.0;0.0
2022-12-27T07:00:00.0;0.0
2022-12-27T08:00:00.0;0.0
2022-12-27T09:00:00.0;0.0
2022-12-27T10:00:00.0;0.0
2022-12-27T11:00:00.0;0.0
2022-12-27T12:00:00.0;0.0
2022-12-27T13:00:00.0;0.0
2022-12-27T14:00:00.0;0.0
2022-12-27T15:00:00.0;0.0
2022-12-27T16:00:00.0;0.0
2022-12-27T17:00:00.0;0.0
2022-12-27T18:00:00.0;0.0
2022-12-27T19:00:00.0;0.0
2022-12-27T20:00:00.0;0.0
2022-12-27T21:00:00.0;0.0
2022-12-27T22:00:00.0;0.0
2022-12-27T23:00:00.0;0.0
2022-12-28T00:00:00.0;0.0
2022-12-28T01:00:00.0;0.0
2022-12-28T02:00:00.0;0.0
2022-12-28T03:00:00.0;0.0
2022-12-28T04:00:00.0;0.0
2022-12-28T05:00:00.0;0.0
2022-12-28T06:00:00.0;0.0
2022-12-28T07:00:00.0;0.0
2022-12-28T08:00:00.0;0.0
2022-12-28T09:00:00.0;0.0
2022-12-28T10:00:00.0;0.0
2022-12-28T11:00:00.0;0.0
2022-12-28T12:00:00.0;0.0
2022-12-28T13:00:00.0;0.0
2022-12-28T14:00:00.0;0.0
2022-12-28T15:00:00.0;0.0
2022-12-28T16:00:00.0;0.0
2022-12-28T17:00:00.0;0.0
2022-12-28T18:00:00.0;0.0
2022-12-28T19:00:00.0;0.0
2022-12-28T20:00:00.0;0.0
2022-12-28T21:00:00.0;0.0
2022-12-28T22:00:00.0;0.0
2022-12-28T23:00:00.0;0.0
2022-12-29T00:00:00.0;0.0
2022-12-29T01:00:00.0;0.0
2022-12-29T02:00:00.0;0.0
2022-12-29T03:00:00.0;0.0
2022-12-29T04:00:00.0;0.0
2022-12-29T05:00:00.0;0.0
2022-12-29T06:00:00.0;0.0
2022-12-29T07:00:00.0;0.0
2022-12-29T08:00:00.0;0.0
2022-12-29T09:00:00.0;0.0
2022-12-29T10:00:00.0;0.0
2022-12-29T11:00:00.0;0.0
2022-12-29T12:00:00.0;0.0
2022-12-29T13:00:00.0;0.0
2022-12-29T14:00:00.0;0.0
2022-12-29T15:00:00.0;0.0
2022-12-29T16:00:00.0;0.0
2022-12-29T17:00:00.0;0.0
2022-12-29T18:00:00.0;0.0
2022-12-29T19:00:00.0;0.0
2022-12-29T20:00:00.0;0.0
2022-12-29T21:00:00.0;0.0
2022-12-29T22:00:00.0;0.0
2022-12-29T23:00:00.0;0.0
2022-12-30T00:00:00.0;0.0
2022-12-30T01:00:00.0;0.0
2022-12-30T02:00:00.0;0.0
2022-12-30T03:00:00.0;0.0
2022-12-30T04:00:00.0;0.0
2022-12-30T05:00:00.0;0.0
2022-12-30T06:00:00.0;0.0
2022-12-30T07:00:00.0;0.0
2022-12-30T08:00:00.0;0.0
2022-12-30T09:00:00.0;0.0
2022-12-30T10:00:00.0;0.0
2022-12-30T11:00:00.0;0.0
2022-12-30T12:00:00.0;0.0
2022-12-30T13:00:00.0;0.0
2022-12-30T14:00:00.0;0.0
2022-12-30T15:00:00.0;0.0
2022-12-30T16:00:00.0;0.0
2022-12-30T17:00:00.0;0.0
2022-12-30T18:00:00.0;0.0
2022-12-30T19:00:00.0;0.0
2022-12-30T20:00:00.0;0.0
2022-12-30T21:00:00.0;0.0
2022-12-30T22:00:00.0;0.0
2022-12-30T23:00:00.0;0.0
2022-12-31T00:00:00.0;0.0
2022-12-31T01:00:00.0;0.0
2022-12-31T02:00:00.0;0.0
2022-12-31T03:00:00.0;0.0
2022-12-31T04:00:00.0;0.0
2022-12-31T05:00:00.0;0.0
2022-12-31T06:00:00.0;0.0
2022-12-31T07:00:00.0;0.0
2022-12-31T08:00:00.0;0.0
2022-12-31T09:00:00.0;0.0
2022-12-31T10:00:00.0;0.0
2022-12-31T11:00:00.0;0.0
2022-12-31T12:00:00.0;0.0
2022-12-31T13:00:00.0;0.0
2022-12-31T14:00:00.0;0.0
2022-12-31T15:00:00.0;0.0
2022-12-31T16:00:00.0;0.0
2022-12-31T17:00:00.0;0.0
2022-12-31T18:00:00.0;0.0
2022-12-31T19:00:00.0;0.0
2022-12-31T20:00:00.0;0.0
2022-12-31T21:00:00.0;0.0
2022-12-31T22:00:00.0;0.0
2022-12-31T23:00:00.0;0.0
