timestamp;generation
2018-01-01T00:00:00.0;-0.08492442856223636
2018-01-01T01:00:00.0;-0.08188695295595824
2018-01-01T02:00:00.0;-0.08016557628721056
2018-01-01T03:00:00.0;-0.08128884112809809
2018-01-01T04:00:00.0;-0.08684241415152896
2018-01-01T05:00:00.0;-0.09902570928736373
2018-01-01T06:00:00.0;-0.12022278005525276
2018-01-01T07:00:00.0;-0.1396951429734249
2018-01-01T08:00:00.0;-0.14537846292454612
2018-01-01T09:00:00.0;-0.13886104973184482
2018-01-01T10:00:00.0;-0.12841801648469986
2018-01-01T11:00:00.0;-0.12054841923085395
2018-01-01T12:00:00.0;-0.11632877468103103
2018-01-01T13:00:00.0;-0.11799354043463973
2018-01-01T14:00:00.0;-0.12348452345034885
2018-01-01T15:00:00.0;-0.1344822685216779
2018-01-01T16:00:00.0;-0.15312110664928386
2018-01-01T17:00:00.0;-0.17914684877545725
2018-01-01T18:00:00.0;-0.19113166344185678
2018-01-01T19:00:00.0;-0.196815782339295
2018-01-01T20:00:00.0;-0.1910555924518554
2018-01-01T21:00:00.0;-0.1814732529085904
2018-01-01T22:00:00.0;-0.15924173411098497
2018-01-01T23:00:00.0;-0.1328616092240368
2018-01-02T00:00:00.0;-0.0825045135573887
2018-01-02T01:00:00.0;-0.07970837991523265
2018-01-02T02:00:00.0;-0.07863041756566334
2018-01-02T03:00:00.0;-0.08025576749766171
2018-01-02T04:00:00.0;-0.08605808792050405
2018-01-02T05:00:00.0;-0.09761911008672364
2018-01-02T06:00:00.0;-0.11514456596073999
2018-01-02T07:00:00.0;-0.13049450868920204
2018-01-02T08:00:00.0;-0.1361404074913931
2018-01-02T09:00:00.0;-0.13000512702813313
2018-01-02T10:00:00.0;-0.12132675516181154
2018-01-02T11:00:00.0;-0.11506333287981063
2018-01-02T12:00:00.0;-0.11201473494299011
2018-01-02T13:00:00.0;-0.11535046534742957
2018-01-02T14:00:00.0;-0.12119811401382427
2018-01-02T15:00:00.0;-0.1326205019192429
2018-01-02T16:00:00.0;-0.15199763212482315
2018-01-02T17:00:00.0;-0.17728027445409353
2018-01-02T18:00:00.0;-0.18973302606458814
2018-01-02T19:00:00.0;-0.19554020788585644
2018-01-02T20:00:00.0;-0.18795163308434915
2018-01-02T21:00:00.0;-0.1782728990427585
2018-01-02T22:00:00.0;-0.15333709454441785
2018-01-02T23:00:00.0;-0.12294470928257606
2018-01-03T00:00:00.0;-0.0854363347164444
2018-01-03T01:00:00.0;-0.08223693169636014
2018-01-03T02:00:00.0;-0.08058083234421799
2018-01-03T03:00:00.0;-0.08159911928784708
2018-01-03T04:00:00.0;-0.08717402241767083
2018-01-03T05:00:00.0;-0.09962662771968114
2018-01-03T06:00:00.0;-0.12158127195675335
2018-01-03T07:00:00.0;-0.14067985907195354
2018-01-03T08:00:00.0;-0.1475791914438593
2018-01-03T09:00:00.0;-0.1406913778136087
2018-01-03T10:00:00.0;-0.13008789076568675
2018-01-03T11:00:00.0;-0.12188034418141211
2018-01-03T12:00:00.0;-0.11736605484160023
2018-01-03T13:00:00.0;-0.11918183415667084
2018-01-03T14:00:00.0;-0.12483488735934707
2018-01-03T15:00:00.0;-0.13618762541057194
2018-01-03T16:00:00.0;-0.15490389834484697
2018-01-03T17:00:00.0;-0.18191364340991262
2018-01-03T18:00:00.0;-0.19431697426806366
2018-01-03T19:00:00.0;-0.20027500083418717
2018-01-03T20:00:00.0;-0.19415512635550553
2018-01-03T21:00:00.0;-0.1862076850613914
2018-01-03T22:00:00.0;-0.16170081184515564
2018-01-03T23:00:00.0;-0.13537098119619181
2018-01-04T00:00:00.0;-0.08543690690255581
2018-01-04T01:00:00.0;-0.08243163961570735
2018-01-04T02:00:00.0;-0.08046671282764045
2018-01-04T03:00:00.0;-0.08154565509734944
2018-01-04T04:00:00.0;-0.08712160344318538
2018-01-04T05:00:00.0;-0.0994501080570113
2018-01-04T06:00:00.0;-0.12077363115277918
2018-01-04T07:00:00.0;-0.14182712113738877
2018-01-04T08:00:00.0;-0.14677393673228922
2018-01-04T09:00:00.0;-0.14059987741295524
2018-01-04T10:00:00.0;-0.13001123161405898
2018-01-04T11:00:00.0;-0.12215078515028116
2018-01-04T12:00:00.0;-0.11798655905986406
2018-01-04T13:00:00.0;-0.1194150856425506
2018-01-04T14:00:00.0;-0.12449473303701905
2018-01-04T15:00:00.0;-0.13486051558507775
2018-01-04T16:00:00.0;-0.1533246282689982
2018-01-04T17:00:00.0;-0.1788370672402897
2018-01-04T18:00:00.0;-0.19045392369819464
2018-01-04T19:00:00.0;-0.19585835789487205
2018-01-04T20:00:00.0;-0.19025509304794835
2018-01-04T21:00:00.0;-0.17900653299999303
2018-01-04T22:00:00.0;-0.15913954338519395
2018-01-04T23:00:00.0;-0.13394812114214147
2018-01-05T00:00:00.0;-0.0842314473017721
2018-01-05T01:00:00.0;-0.08148473726976416
2018-01-05T02:00:00.0;-0.07992351657865934
2018-01-05T03:00:00.0;-0.08148923675328212
2018-01-05T04:00:00.0;-0.08778504503439383
2018-01-05T05:00:00.0;-0.10037979987059051
2018-01-05T06:00:00.0;-0.12140539353661202
2018-01-05T07:00:00.0;-0.1407173419041756
2018-01-05T08:00:00.0;-0.14379126618028207
2018-01-05T09:00:00.0;-0.1368600035715168
2018-01-05T10:00:00.0;-0.12670712063331635
2018-01-05T11:00:00.0;-0.1195408773384905
2018-01-05T12:00:00.0;-0.11621794963426552
2018-01-05T13:00:00.0;-0.11798398895804205
2018-01-05T14:00:00.0;-0.1234974035840971
2018-01-05T15:00:00.0;-0.13423892843603213
2018-01-05T16:00:00.0;-0.15285017809494358
2018-01-05T17:00:00.0;-0.17653066925896838
2018-01-05T18:00:00.0;-0.18768510996406024
2018-01-05T19:00:00.0;-0.1926098859764258
2018-01-05T20:00:00.0;-0.18669532606691155
2018-01-05T21:00:00.0;-0.1736594127493841
2018-01-05T22:00:00.0;-0.15402473915419904
2018-01-05T23:00:00.0;-0.12631584476817875
2018-01-06T00:00:00.0;-0.0774782710055387
2018-01-06T01:00:00.0;-0.07563163737523777
2018-01-06T02:00:00.0;-0.07513448344671222
2018-01-06T03:00:00.0;-0.07788134631057152
2018-01-06T04:00:00.0;-0.08407499365124566
2018-01-06T05:00:00.0;-0.09394232474408405
2018-01-06T06:00:00.0;-0.10303446933681372
2018-01-06T07:00:00.0;-0.11455526202627317
2018-01-06T08:00:00.0;-0.11545674461030783
2018-01-06T09:00:00.0;-0.11156048774238397
2018-01-06T10:00:00.0;-0.10620271229620618
2018-01-06T11:00:00.0;-0.10373411010152866
2018-01-06T12:00:00.0;-0.10366393298670182
2018-01-06T13:00:00.0;-0.10909109829006683
2018-01-06T14:00:00.0;-0.11451025086059953
2018-01-06T15:00:00.0;-0.12474022691837978
2018-01-06T16:00:00.0;-0.14491532117917638
2018-01-06T17:00:00.0;-0.16524643193020933
2018-01-06T18:00:00.0;-0.1767385605040073
2018-01-06T19:00:00.0;-0.18155127788179717
2018-01-06T20:00:00.0;-0.17213108240848893
2018-01-06T21:00:00.0;-0.1550960509574936
2018-01-06T22:00:00.0;-0.13559200007736533
2018-01-06T23:00:00.0;-0.09974695984063299
2018-01-07T00:00:00.0;-0.07957460288378503
2018-01-07T01:00:00.0;-0.07729739278864031
2018-01-07T02:00:00.0;-0.07644182631566139
2018-01-07T03:00:00.0;-0.07846562340417942
2018-01-07T04:00:00.0;-0.08398838823291788
2018-01-07T05:00:00.0;-0.09413013477562969
2018-01-07T06:00:00.0;-0.10943742439368499
2018-01-07T07:00:00.0;-0.12309368386983807
2018-01-07T08:00:00.0;-0.1256865821964451
2018-01-07T09:00:00.0;-0.11992648480277095
2018-01-07T10:00:00.0;-0.11167351929759452
2018-01-07T11:00:00.0;-0.10619801792457073
2018-01-07T12:00:00.0;-0.10378148185890353
2018-01-07T13:00:00.0;-0.1064754057977789
2018-01-07T14:00:00.0;-0.11278647130059731
2018-01-07T15:00:00.0;-0.124496564745856
2018-01-07T16:00:00.0;-0.14377305910650248
2018-01-07T17:00:00.0;-0.16662758641504544
2018-01-07T18:00:00.0;-0.1781940220667446
2018-01-07T19:00:00.0;-0.18362968932219637
2018-01-07T20:00:00.0;-0.17795542298032085
2018-01-07T21:00:00.0;-0.1664151248691862
2018-01-07T22:00:00.0;-0.14517159072702146
2018-01-07T23:00:00.0;-0.11241230164404081
2018-01-08T00:00:00.0;-0.08535555352490122
2018-01-08T01:00:00.0;-0.08207195957878241
2018-01-08T02:00:00.0;-0.08058327807299706
2018-01-08T03:00:00.0;-0.08158846946645604
2018-01-08T04:00:00.0;-0.08716910400728314
2018-01-08T05:00:00.0;-0.09965812571181121
2018-01-08T06:00:00.0;-0.1218008509168174
2018-01-08T07:00:00.0;-0.13983722596286327
2018-01-08T08:00:00.0;-0.14766025508536332
2018-01-08T09:00:00.0;-0.1404428601646951
2018-01-08T10:00:00.0;-0.12988494922631938
2018-01-08T11:00:00.0;-0.12156045907184332
2018-01-08T12:00:00.0;-0.11691463557393275
2018-01-08T13:00:00.0;-0.11896217638611639
2018-01-08T14:00:00.0;-0.12490194670603948
2018-01-08T15:00:00.0;-0.13674090274928882
2018-01-08T16:00:00.0;-0.15559905785775452
2018-01-08T17:00:00.0;-0.18329611902433826
2018-01-08T18:00:00.0;-0.19608673503332874
2018-01-08T19:00:00.0;-0.20231227121441006
2018-01-08T20:00:00.0;-0.19589856617071152
2018-01-08T21:00:00.0;-0.1895234687145415
2018-01-08T22:00:00.0;-0.16272799660470222
2018-01-08T23:00:00.0;-0.13572799392821516
2018-01-09T00:00:00.0;-0.0849583137508158
2018-01-09T01:00:00.0;-0.0819518843016733
2018-01-09T02:00:00.0;-0.0803406142465465
2018-01-09T03:00:00.0;-0.08159004099529782
2018-01-09T04:00:00.0;-0.0874305426234992
2018-01-09T05:00:00.0;-0.10019787513679783
2018-01-09T06:00:00.0;-0.12170141627452527
2018-01-09T07:00:00.0;-0.14102544612398324
2018-01-09T08:00:00.0;-0.14630684576714023
2018-01-09T09:00:00.0;-0.13934103769424883
2018-01-09T10:00:00.0;-0.1286964545298194
2018-01-09T11:00:00.0;-0.1210416247325985
2018-01-09T12:00:00.0;-0.11694054689994318
2018-01-09T13:00:00.0;-0.11873034911728317
2018-01-09T14:00:00.0;-0.12436685676865426
2018-01-09T15:00:00.0;-0.13520526208948355
2018-01-09T16:00:00.0;-0.15398075381745346
2018-01-09T17:00:00.0;-0.17976281236514668
2018-01-09T18:00:00.0;-0.1921232207336671
2018-01-09T19:00:00.0;-0.19753337600347173
2018-01-09T20:00:00.0;-0.19123328337062426
2018-01-09T21:00:00.0;-0.1810512606457956
2018-01-09T22:00:00.0;-0.15871352705181166
2018-01-09T23:00:00.0;-0.13199257206335843
2018-01-10T00:00:00.0;-0.08527453583643649
2018-01-10T01:00:00.0;-0.08249566740594036
2018-01-10T02:00:00.0;-0.08029485948182952
2018-01-10T03:00:00.0;-0.08150961045598153
2018-01-10T04:00:00.0;-0.08721906673631732
2018-01-10T05:00:00.0;-0.09947383618222917
2018-01-10T06:00:00.0;-0.12023539809772212
2018-01-10T07:00:00.0;-0.142920451076641
2018-01-10T08:00:00.0;-0.14566287377946918
2018-01-10T09:00:00.0;-0.14002537406089524
2018-01-10T10:00:00.0;-0.1295109591247994
2018-01-10T11:00:00.0;-0.12206172660847162
2018-01-10T12:00:00.0;-0.11836781036012939
2018-01-10T13:00:00.0;-0.11945274458885742
2018-01-10T14:00:00.0;-0.12405185793585784
2018-01-10T15:00:00.0;-0.13355717505709874
2018-01-10T16:00:00.0;-0.15178155946456562
2018-01-10T17:00:00.0;-0.17553034281929278
2018-01-10T18:00:00.0;-0.18625746289122028
2018-01-10T19:00:00.0;-0.19105201583631498
2018-01-10T20:00:00.0;-0.18594553217298201
2018-01-10T21:00:00.0;-0.17122555031169234
2018-01-10T22:00:00.0;-0.15587702437848086
2018-01-10T23:00:00.0;-0.13138692958851467
2018-01-11T00:00:00.0;-0.08414774876500719
2018-01-11T01:00:00.0;-0.08160045220587257
2018-01-11T02:00:00.0;-0.07979498552065017
2018-01-11T03:00:00.0;-0.08146716859860395
2018-01-11T04:00:00.0;-0.08788984231292833
2018-01-11T05:00:00.0;-0.10030758922457522
2018-01-11T06:00:00.0;-0.12093154642105781
2018-01-11T07:00:00.0;-0.1418284358816011
2018-01-11T08:00:00.0;-0.14288482047333856
2018-01-11T09:00:00.0;-0.13648534922929384
2018-01-11T10:00:00.0;-0.1264642169998486
2018-01-11T11:00:00.0;-0.11957774792839408
2018-01-11T12:00:00.0;-0.11669503832678374
2018-01-11T13:00:00.0;-0.11810091103182975
2018-01-11T14:00:00.0;-0.12312903898991681
2018-01-11T15:00:00.0;-0.13317360026319824
2018-01-11T16:00:00.0;-0.1514924685802213
2018-01-11T17:00:00.0;-0.17349398641447805
2018-01-11T18:00:00.0;-0.18358472651725163
2018-01-11T19:00:00.0;-0.1879994753263791
2018-01-11T20:00:00.0;-0.1827180698129295
2018-01-11T21:00:00.0;-0.16651837763453936
2018-01-11T22:00:00.0;-0.15109625935406862
2018-01-11T23:00:00.0;-0.12408880818685064
2018-01-12T00:00:00.0;-0.08521909184185293
2018-01-12T01:00:00.0;-0.08248048176521185
2018-01-12T02:00:00.0;-0.08030328688423087
2018-01-12T03:00:00.0;-0.08158354415293802
2018-01-12T04:00:00.0;-0.08743438357763453
2018-01-12T05:00:00.0;-0.09977282543927987
2018-01-12T06:00:00.0;-0.1207415041866731
2018-01-12T07:00:00.0;-0.14343926781266145
2018-01-12T08:00:00.0;-0.14573481487959974
2018-01-12T09:00:00.0;-0.1399397627888451
2018-01-12T10:00:00.0;-0.12940901603229385
2018-01-12T11:00:00.0;-0.12198456798797493
2018-01-12T12:00:00.0;-0.1184012595482948
2018-01-12T13:00:00.0;-0.119425701774739
2018-01-12T14:00:00.0;-0.12405919150608005
2018-01-12T15:00:00.0;-0.1335973740001819
2018-01-12T16:00:00.0;-0.15177874856468831
2018-01-12T17:00:00.0;-0.17513533019960947
2018-01-12T18:00:00.0;-0.18565566514846882
2018-01-12T19:00:00.0;-0.19033168360321573
2018-01-12T20:00:00.0;-0.18532488252043808
2018-01-12T21:00:00.0;-0.170124166441075
2018-01-12T22:00:00.0;-0.1551665857731031
2018-01-12T23:00:00.0;-0.13048333747180982
2018-01-13T00:00:00.0;-0.07790474570688903
2018-01-13T01:00:00.0;-0.07596660790848542
2018-01-13T02:00:00.0;-0.07561525876022072
2018-01-13T03:00:00.0;-0.07838415396727291
2018-01-13T04:00:00.0;-0.0849213991300765
2018-01-13T05:00:00.0;-0.09527367349675943
2018-01-13T06:00:00.0;-0.1062100371123073
2018-01-13T07:00:00.0;-0.11727192777023888
2018-01-13T08:00:00.0;-0.11842425956679165
2018-01-13T09:00:00.0;-0.11349471153525008
2018-01-13T10:00:00.0;-0.10770210988411566
2018-01-13T11:00:00.0;-0.10469824243033005
2018-01-13T12:00:00.0;-0.10442174774984278
2018-01-13T13:00:00.0;-0.10962657965748591
2018-01-13T14:00:00.0;-0.11546409158348742
2018-01-13T15:00:00.0;-0.1263941781298491
2018-01-13T16:00:00.0;-0.14647953167974245
2018-01-13T17:00:00.0;-0.16701808933810555
2018-01-13T18:00:00.0;-0.1784279727909081
2018-01-13T19:00:00.0;-0.18329386924502214
2018-01-13T20:00:00.0;-0.1741120559942313
2018-01-13T21:00:00.0;-0.1581809480618019
2018-01-13T22:00:00.0;-0.1369071386782659
2018-01-13T23:00:00.0;-0.100614259715092
2018-01-14T00:00:00.0;-0.07706125453046096
2018-01-14T01:00:00.0;-0.07524792831456724
2018-01-14T02:00:00.0;-0.07560165365958907
2018-01-14T03:00:00.0;-0.07886880840864378
2018-01-14T04:00:00.0;-0.08618366864937888
2018-01-14T05:00:00.0;-0.09852817678231739
2018-01-14T06:00:00.0;-0.11034338537508853
2018-01-14T07:00:00.0;-0.11896905768998375
2018-01-14T08:00:00.0;-0.11929166550005268
2018-01-14T09:00:00.0;-0.1122190996255403
2018-01-14T10:00:00.0;-0.10538867658118893
2018-01-14T11:00:00.0;-0.10319236369321287
2018-01-14T12:00:00.0;-0.103023093636214
2018-01-14T13:00:00.0;-0.10861724417434457
2018-01-14T14:00:00.0;-0.11569979201571266
2018-01-14T15:00:00.0;-0.12663946213767543
2018-01-14T16:00:00.0;-0.14749699391488347
2018-01-14T17:00:00.0;-0.16793503250805286
2018-01-14T18:00:00.0;-0.18175066127538805
2018-01-14T19:00:00.0;-0.1858426549911956
2018-01-14T20:00:00.0;-0.17481599454111052
2018-01-14T21:00:00.0;-0.15894915095994458
2018-01-14T22:00:00.0;-0.1349838322996244
2018-01-14T23:00:00.0;-0.09615438599416115
2018-01-15T00:00:00.0;-0.08533611048667004
2018-01-15T01:00:00.0;-0.08203225282120845
2018-01-15T02:00:00.0;-0.0805838667298025
2018-01-15T03:00:00.0;-0.08158590618556719
2018-01-15T04:00:00.0;-0.087167920206458
2018-01-15T05:00:00.0;-0.0996657068907155
2018-01-15T06:00:00.0;-0.12185370086906161
2018-01-15T07:00:00.0;-0.13963441454795442
2018-01-15T08:00:00.0;-0.14767976610582256
2018-01-15T09:00:00.0;-0.14038304502633625
2018-01-15T10:00:00.0;-0.12983610369639795
2018-01-15T11:00:00.0;-0.12148346666437675
2018-01-15T12:00:00.0;-0.11680598451405262
2018-01-15T13:00:00.0;-0.11890930746515746
2018-01-15T14:00:00.0;-0.12491808706515761
2018-01-15T15:00:00.0;-0.1368740697928
2018-01-15T16:00:00.0;-0.15576637419374842
2018-01-15T17:00:00.0;-0.18362886388377223
2018-01-15T18:00:00.0;-0.19651269466033783
2018-01-15T19:00:00.0;-0.20280261711217687
2018-01-15T20:00:00.0;-0.19631819066910336
2018-01-15T21:00:00.0;-0.19032153701612184
2018-01-15T22:00:00.0;-0.16297522732968686
2018-01-15T23:00:00.0;-0.13581392249729346
2018-01-16T00:00:00.0;-0.08533611048667004
2018-01-16T01:00:00.0;-0.08203225282120845
2018-01-16T02:00:00.0;-0.0805838667298025
2018-01-16T03:00:00.0;-0.08158590618556719
2018-01-16T04:00:00.0;-0.087167920206458
2018-01-16T05:00:00.0;-0.0996657068907155
2018-01-16T06:00:00.0;-0.12185370086906161
2018-01-16T07:00:00.0;-0.13963441454795442
2018-01-16T08:00:00.0;-0.14767976610582256
2018-01-16T09:00:00.0;-0.14038304502633625
2018-01-16T10:00:00.0;-0.12983610369639795
2018-01-16T11:00:00.0;-0.12148346666437675
2018-01-16T12:00:00.0;-0.11680598451405262
2018-01-16T13:00:00.0;-0.11890930746515746
2018-01-16T14:00:00.0;-0.12491808706515761
2018-01-16T15:00:00.0;-0.1368740697928
2018-01-16T16:00:00.0;-0.15576637419374842
2018-01-16T17:00:00.0;-0.18362886388377223
2018-01-16T18:00:00.0;-0.19651269466033783
2018-01-16T19:00:00.0;-0.20280261711217687
2018-01-16T20:00:00.0;-0.19631819066910336
2018-01-16T21:00:00.0;-0.19032153701612184
2018-01-16T22:00:00.0;-0.16297522732968686
2018-01-16T23:00:00.0;-0.13581392249729346
2018-01-17T00:00:00.0;-0.0851176957038642
2018-01-17T01:00:00.0;-0.08182734621065457
2018-01-17T02:00:00.0;-0.08042758257471347
2018-01-17T03:00:00.0;-0.0814834379883879
2018-01-17T04:00:00.0;-0.08708372042260641
2018-01-17T05:00:00.0;-0.09955288621923634
2018-01-17T06:00:00.0;-0.12171305248001
2018-01-17T07:00:00.0;-0.13935074041744164
2018-01-17T08:00:00.0;-0.1472075037532416
2018-01-17T09:00:00.0;-0.13988430954033537
2018-01-17T10:00:00.0;-0.12932806763735652
2018-01-17T11:00:00.0;-0.12105337379971781
2018-01-17T12:00:00.0;-0.11666040745045783
2018-01-17T13:00:00.0;-0.11884464443092477
2018-01-17T14:00:00.0;-0.1249209390194797
2018-01-17T15:00:00.0;-0.1369145319931206
2018-01-17T16:00:00.0;-0.15557670711595212
2018-01-17T17:00:00.0;-0.18326767045529913
2018-01-17T18:00:00.0;-0.19611044254134513
2018-01-17T19:00:00.0;-0.2024073743857315
2018-01-17T20:00:00.0;-0.1959468023121063
2018-01-17T21:00:00.0;-0.18952156643221352
2018-01-17T22:00:00.0;-0.16227306369272174
2018-01-17T23:00:00.0;-0.13527730467021581
2018-01-18T00:00:00.0;-0.08493641647599688
2018-01-18T01:00:00.0;-0.0817657274262953
2018-01-18T02:00:00.0;-0.08036868247469249
2018-01-18T03:00:00.0;-0.08154366390924808
2018-01-18T04:00:00.0;-0.0873624427910143
2018-01-18T05:00:00.0;-0.09987074452825022
2018-01-18T06:00:00.0;-0.12179599025652993
2018-01-18T07:00:00.0;-0.13948534301415252
2018-01-18T08:00:00.0;-0.14643104718975175
2018-01-18T09:00:00.0;-0.1390867921948452
2018-01-18T10:00:00.0;-0.12872549617009763
2018-01-18T11:00:00.0;-0.12067226298470297
2018-01-18T12:00:00.0;-0.11637168045645414
2018-01-18T13:00:00.0;-0.11849010436261675
2018-01-18T14:00:00.0;-0.12448510078979104
2018-01-18T15:00:00.0;-0.1363492586867625
2018-01-18T16:00:00.0;-0.1552104505255449
2018-01-18T17:00:00.0;-0.18207269480467714
2018-01-18T18:00:00.0;-0.1945332798794221
2018-01-18T19:00:00.0;-0.20054576031102142
2018-01-18T20:00:00.0;-0.1941300275876654
2018-01-18T21:00:00.0;-0.18672823491951374
2018-01-18T22:00:00.0;-0.16062072463890864
2018-01-18T23:00:00.0;-0.13290243505043325
2018-01-19T00:00:00.0;-0.0840482437061108
2018-01-19T01:00:00.0;-0.08110571317123115
2018-01-19T02:00:00.0;-0.07991852970799806
2018-01-19T03:00:00.0;-0.08144850775482845
2018-01-19T04:00:00.0;-0.08776772133093927
2018-01-19T05:00:00.0;-0.10032030206457221
2018-01-19T06:00:00.0;-0.1218087774607062
2018-01-19T07:00:00.0;-0.1386585649349671
2018-01-19T08:00:00.0;-0.14385958345979297
2018-01-19T09:00:00.0;-0.13621455937748084
2018-01-19T10:00:00.0;-0.12627070466285004
2018-01-19T11:00:00.0;-0.11877456174021483
2018-01-19T12:00:00.0;-0.1151848248868293
2018-01-19T13:00:00.0;-0.11747628795598883
2018-01-19T14:00:00.0;-0.1236172151770815
2018-01-19T15:00:00.0;-0.13558517379347224
2018-01-19T16:00:00.0;-0.15446759388510628
2018-01-19T17:00:00.0;-0.17964962332942555
2018-01-19T18:00:00.0;-0.19145806284616854
2018-01-19T19:00:00.0;-0.1970513736733436
2018-01-19T20:00:00.0;-0.19060062212727355
2018-01-19T21:00:00.0;-0.18120854561745237
2018-01-19T22:00:00.0;-0.1563053716815033
2018-01-19T23:00:00.0;-0.12700932480976476
2018-01-20T00:00:00.0;-0.07918966826515916
2018-01-20T01:00:00.0;-0.0772630561370796
2018-01-20T02:00:00.0;-0.07707955114073714
2018-01-20T03:00:00.0;-0.08011102586847717
2018-01-20T04:00:00.0;-0.08791402634829391
2018-01-20T05:00:00.0;-0.10032382171316545
2018-01-20T06:00:00.0;-0.11658730498147994
2018-01-20T07:00:00.0;-0.1286857351615774
2018-01-20T08:00:00.0;-0.12758747692103514
2018-01-20T09:00:00.0;-0.11980170720078888
2018-01-20T10:00:00.0;-0.11216498943580748
2018-01-20T11:00:00.0;-0.10815752715446028
2018-01-20T12:00:00.0;-0.10765577562039604
2018-01-20T13:00:00.0;-0.11161196090648468
2018-01-20T14:00:00.0;-0.11827154588268755
2018-01-20T15:00:00.0;-0.12982845748905486
2018-01-20T16:00:00.0;-0.14948413628735407
2018-01-20T17:00:00.0;-0.16861719508964254
2018-01-20T18:00:00.0;-0.17949294925562698
2018-01-20T19:00:00.0;-0.18345345236430144
2018-01-20T20:00:00.0;-0.17523198520844838
2018-01-20T21:00:00.0;-0.15797862363126244
2018-01-20T22:00:00.0;-0.13731401019833778
2018-01-20T23:00:00.0;-0.10090416798367607
2018-01-21T00:00:00.0;-0.0766647049914249
2018-01-21T01:00:00.0;-0.0749745078468585
2018-01-21T02:00:00.0;-0.07527614268834766
2018-01-21T03:00:00.0;-0.07863401283329487
2018-01-21T04:00:00.0;-0.08594830614562968
2018-01-21T05:00:00.0;-0.09805295586927508
2018-01-21T06:00:00.0;-0.10895054739043246
2018-01-21T07:00:00.0;-0.11782100774221514
2018-01-21T08:00:00.0;-0.11730319768581943
2018-01-21T09:00:00.0;-0.11067755708352717
2018-01-21T10:00:00.0;-0.104163695213594
2018-01-21T11:00:00.0;-0.10235191658186225
2018-01-21T12:00:00.0;-0.10251230535492185
2018-01-21T13:00:00.0;-0.10817822053350716
2018-01-21T14:00:00.0;-0.11503904819681059
2018-01-21T15:00:00.0;-0.12562279622676809
2018-01-21T16:00:00.0;-0.1464644860994519
2018-01-21T17:00:00.0;-0.1661351844874295
2018-01-21T18:00:00.0;-0.17961515012129045
2018-01-21T19:00:00.0;-0.18351359656902572
2018-01-21T20:00:00.0;-0.1725094506952742
2018-01-21T21:00:00.0;-0.15521329358228494
2018-01-21T22:00:00.0;-0.13293983934341028
2018-01-21T23:00:00.0;-0.09402861218623654
2018-01-22T00:00:00.0;-0.08416321130052387
2018-01-22T01:00:00.0;-0.08124057959611393
2018-01-22T02:00:00.0;-0.07995636113946789
2018-01-22T03:00:00.0;-0.08146176484482938
2018-01-22T04:00:00.0;-0.08773494076922118
2018-01-22T05:00:00.0;-0.10026653325451351
2018-01-22T06:00:00.0;-0.12170423911974539
2018-01-22T07:00:00.0;-0.13912708013920902
2018-01-22T08:00:00.0;-0.144044089211073
2018-01-22T09:00:00.0;-0.13658035859909617
2018-01-22T10:00:00.0;-0.12657888496919395
2018-01-22T11:00:00.0;-0.11908958308822068
2018-01-22T12:00:00.0;-0.1155002447576756
2018-01-22T13:00:00.0;-0.11766755309021867
2018-01-22T14:00:00.0;-0.12366078675646743
2018-01-22T15:00:00.0;-0.1353907269690713
2018-01-22T16:00:00.0;-0.15420447618734787
2018-01-22T17:00:00.0;-0.1792082582383433
2018-01-22T18:00:00.0;-0.19089074625342436
2018-01-22T19:00:00.0;-0.19639434907044528
2018-01-22T20:00:00.0;-0.1900850367768147
2018-01-22T21:00:00.0;-0.18012467958214803
2018-01-22T22:00:00.0;-0.1561952361851678
2018-01-22T23:00:00.0;-0.12735150327102127
2018-01-23T00:00:00.0;-0.08340776013394542
2018-01-23T01:00:00.0;-0.08034793995650634
2018-01-23T02:00:00.0;-0.07925228009001321
2018-01-23T03:00:00.0;-0.08068404023059078
2018-01-23T04:00:00.0;-0.08641385113169112
2018-01-23T05:00:00.0;-0.0984106531594067
2018-01-23T06:00:00.0;-0.11843954891122303
2018-01-23T07:00:00.0;-0.13440634095565415
2018-01-23T08:00:00.0;-0.14110577268121396
2018-01-23T09:00:00.0;-0.13417669159836648
2018-01-23T10:00:00.0;-0.12446880537622501
2018-01-23T11:00:00.0;-0.11725445891551242
2018-01-23T12:00:00.0;-0.11408133404685265
2018-01-23T13:00:00.0;-0.11704325517685425
2018-01-23T14:00:00.0;-0.12324924243384869
2018-01-23T15:00:00.0;-0.13520483495428773
2018-01-23T16:00:00.0;-0.1537100265949775
2018-01-23T17:00:00.0;-0.1801232446527616
2018-01-23T18:00:00.0;-0.19281302884182905
2018-01-23T19:00:00.0;-0.1989835166847825
2018-01-23T20:00:00.0;-0.19197570286296795
2018-01-23T21:00:00.0;-0.1835559043980134
2018-01-23T22:00:00.0;-0.15691918156413284
2018-01-23T23:00:00.0;-0.12857065850754365
2018-01-24T00:00:00.0;-0.08422349384538819
2018-01-24T01:00:00.0;-0.08110463095981262
2018-01-24T02:00:00.0;-0.07979539344421033
2018-01-24T03:00:00.0;-0.08098887682804436
2018-01-24T04:00:00.0;-0.08656230003419506
2018-01-24T05:00:00.0;-0.09861605797481737
2018-01-24T06:00:00.0;-0.1196582284008545
2018-01-24T07:00:00.0;-0.1365030951400748
2018-01-24T08:00:00.0;-0.14359489285367666
2018-01-24T09:00:00.0;-0.13647895183594944
2018-01-24T10:00:00.0;-0.12631737256772707
2018-01-24T11:00:00.0;-0.11844259081291784
2018-01-24T12:00:00.0;-0.11414748470111725
2018-01-24T13:00:00.0;-0.11632542040947837
2018-01-24T14:00:00.0;-0.12246945835500507
2018-01-24T15:00:00.0;-0.13449936579603802
2018-01-24T16:00:00.0;-0.15346145540904177
2018-01-24T17:00:00.0;-0.18045007933441806
2018-01-24T18:00:00.0;-0.1931074461213456
2018-01-24T19:00:00.0;-0.19927055531026902
2018-01-24T20:00:00.0;-0.19301253351716552
2018-01-24T21:00:00.0;-0.18624538551572875
2018-01-24T22:00:00.0;-0.1597506972068868
2018-01-24T23:00:00.0;-0.13142002531387148
2018-01-25T00:00:00.0;-0.0838680697301415
2018-01-25T01:00:00.0;-0.08088752399025223
2018-01-25T02:00:00.0;-0.07986206532506843
2018-01-25T03:00:00.0;-0.08142760175857977
2018-01-25T04:00:00.0;-0.08781637483901879
2018-01-25T05:00:00.0;-0.100403955854514
2018-01-25T06:00:00.0;-0.12198682289822979
2018-01-25T07:00:00.0;-0.13787437150910625
2018-01-25T08:00:00.0;-0.14359092977583493
2018-01-25T09:00:00.0;-0.13564211690791497
2018-01-25T10:00:00.0;-0.12578905617252595
2018-01-25T11:00:00.0;-0.11827128290351929
2018-01-25T12:00:00.0;-0.11466815239775476
2018-01-25T13:00:00.0;-0.11716824743400318
2018-01-25T14:00:00.0;-0.12355843332980983
2018-01-25T15:00:00.0;-0.1359304393610085
2018-01-25T16:00:00.0;-0.1549295874369201
2018-01-25T17:00:00.0;-0.18044564250032766
2018-01-25T18:00:00.0;-0.1924805371682497
2018-01-25T19:00:00.0;-0.1982343284591671
2018-01-25T20:00:00.0;-0.19154300024662915
2018-01-25T21:00:00.0;-0.18315563728906345
2018-01-25T22:00:00.0;-0.1565703743939662
2018-01-25T23:00:00.0;-0.12653119469613097
2018-01-26T00:00:00.0;-0.0830754103962325
2018-01-26T01:00:00.0;-0.08070236489802643
2018-01-26T02:00:00.0;-0.0792933398337096
2018-01-26T03:00:00.0;-0.08135035715893893
2018-01-26T04:00:00.0;-0.08833886056508965
2018-01-26T05:00:00.0;-0.1008413071655991
2018-01-26T06:00:00.0;-0.12115764709288644
2018-01-26T07:00:00.0;-0.14009003128596662
2018-01-26T08:00:00.0;-0.1400839180798347
2018-01-26T09:00:00.0;-0.13302981581669263
2018-01-26T10:00:00.0;-0.12352002156757984
2018-01-26T11:00:00.0;-0.1171444955458896
2018-01-26T12:00:00.0;-0.11493080557210388
2018-01-26T13:00:00.0;-0.11675395191413836
2018-01-26T14:00:00.0;-0.12222200681512473
2018-01-26T15:00:00.0;-0.13285174336717176
2018-01-26T16:00:00.0;-0.15133122471982752
2018-01-26T17:00:00.0;-0.17211443927400744
2018-01-26T18:00:00.0;-0.1818485537969981
2018-01-26T19:00:00.0;-0.18605200050873166
2018-01-26T20:00:00.0;-0.18044798751984778
2018-01-26T21:00:00.0;-0.16353643801673337
2018-01-26T22:00:00.0;-0.14725537914687095
2018-01-26T23:00:00.0;-0.11783504303384469
2018-01-27T00:00:00.0;-0.07815489808765089
2018-01-27T01:00:00.0;-0.07601724685614636
2018-01-27T02:00:00.0;-0.07570131580135916
2018-01-27T03:00:00.0;-0.07824613407759475
2018-01-27T04:00:00.0;-0.08438618584888223
2018-01-27T05:00:00.0;-0.09458594684106197
2018-01-27T06:00:00.0;-0.1053444271390655
2018-01-27T07:00:00.0;-0.11573861970985062
2018-01-27T08:00:00.0;-0.11891968149527674
2018-01-27T09:00:00.0;-0.11412212381679337
2018-01-27T10:00:00.0;-0.1083045467365813
2018-01-27T11:00:00.0;-0.10503310561431144
2018-01-27T12:00:00.0;-0.10426758088157084
2018-01-27T13:00:00.0;-0.1097383559881914
2018-01-27T14:00:00.0;-0.11569698905249956
2018-01-27T15:00:00.0;-0.1269168063812687
2018-01-27T16:00:00.0;-0.14719625967890676
2018-01-27T17:00:00.0;-0.1694523987062154
2018-01-27T18:00:00.0;-0.18173470590257024
2018-01-27T19:00:00.0;-0.18714650135373423
2018-01-27T20:00:00.0;-0.17753901410964826
2018-01-27T21:00:00.0;-0.16426846918800697
2018-01-27T22:00:00.0;-0.14013441154675432
2018-01-27T23:00:00.0;-0.1040674714508649
2018-01-28T00:00:00.0;-0.08254283968305907
2018-01-28T01:00:00.0;-0.07964655136854634
2018-01-28T02:00:00.0;-0.07861281392914535
2018-01-28T03:00:00.0;-0.0800590219541629
2018-01-28T04:00:00.0;-0.08556410520333342
2018-01-28T05:00:00.0;-0.09693465866413742
2018-01-28T06:00:00.0;-0.1163231902240564
2018-01-28T07:00:00.0;-0.131280356746001
2018-01-28T08:00:00.0;-0.1375291836353112
2018-01-28T09:00:00.0;-0.13057053407684704
2018-01-28T10:00:00.0;-0.12098698376695714
2018-01-28T11:00:00.0;-0.11373985577139212
2018-01-28T12:00:00.0;-0.10989794174494319
2018-01-28T13:00:00.0;-0.11228585314722761
2018-01-28T14:00:00.0;-0.1187648229409035
2018-01-28T15:00:00.0;-0.1311356596767609
2018-01-28T16:00:00.0;-0.15027383655778478
2018-01-28T17:00:00.0;-0.17642170198149265
2018-01-28T18:00:00.0;-0.18898813181654178
2018-01-28T19:00:00.0;-0.19513122911826128
2018-01-28T20:00:00.0;-0.18908880251694896
2018-01-28T21:00:00.0;-0.18211009543268292
2018-01-28T22:00:00.0;-0.15569548905116531
2018-01-28T23:00:00.0;-0.12538735631419032
2018-01-29T00:00:00.0;-0.08442534198001445
2018-01-29T01:00:00.0;-0.08125437559335132
2018-01-29T02:00:00.0;-0.07994118904403241
2018-01-29T03:00:00.0;-0.08108805324933403
2018-01-29T04:00:00.0;-0.08664498337073863
2018-01-29T05:00:00.0;-0.09877522655787077
2018-01-29T06:00:00.0;-0.12005043320354106
2018-01-29T07:00:00.0;-0.13691050652623174
2018-01-29T08:00:00.0;-0.14437008670545762
2018-01-29T09:00:00.0;-0.1371835965759909
2018-01-29T10:00:00.0;-0.1269507766694107
2018-01-29T11:00:00.0;-0.11895859978787898
2018-01-29T12:00:00.0;-0.1145535613731952
2018-01-29T13:00:00.0;-0.11674967668741684
2018-01-29T14:00:00.0;-0.12291176559777263
2018-01-29T15:00:00.0;-0.135003014825553
2018-01-29T16:00:00.0;-0.15397548793453236
2018-01-29T17:00:00.0;-0.1812789105335712
2018-01-29T18:00:00.0;-0.19405925016952044
2018-01-29T19:00:00.0;-0.20030129909526206
2018-01-29T20:00:00.0;-0.1939609902706101
2018-01-29T21:00:00.0;-0.18764413016435139
2018-01-29T22:00:00.0;-0.16060160986581562
2018-01-29T23:00:00.0;-0.13241425637832838
2018-01-30T00:00:00.0;-0.08257629147641232
2018-01-30T01:00:00.0;-0.07988083941361841
2018-01-30T02:00:00.0;-0.07929041699883066
2018-01-30T03:00:00.0;-0.08137201095786997
2018-01-30T04:00:00.0;-0.08840866277399151
2018-01-30T05:00:00.0;-0.1017162127554205
2018-01-30T06:00:00.0;-0.12263465401538567
2018-01-30T07:00:00.0;-0.1368990011031898
2018-01-30T08:00:00.0;-0.14065223783858694
2018-01-30T09:00:00.0;-0.13188884882054527
2018-01-30T10:00:00.0;-0.12211158757540197
2018-01-30T11:00:00.0;-0.11561822273741845
2018-01-30T12:00:00.0;-0.11275528559723294
2018-01-30T13:00:00.0;-0.11565527916779322
2018-01-30T14:00:00.0;-0.1225595558137351
2018-01-30T15:00:00.0;-0.13477927492909392
2018-01-30T16:00:00.0;-0.1541616523507947
2018-01-30T17:00:00.0;-0.17809728477864512
2018-01-30T18:00:00.0;-0.19062716712173317
2018-01-30T19:00:00.0;-0.19566562698074522
2018-01-30T20:00:00.0;-0.1880641950751506
2018-01-30T21:00:00.0;-0.17758182240328352
2018-01-30T22:00:00.0;-0.1515102690883301
2018-01-30T23:00:00.0;-0.11915887501876947
2018-01-31T00:00:00.0;-0.08456944801223734
2018-01-31T01:00:00.0;-0.08135899582353315
2018-01-31T02:00:00.0;-0.08007697974878511
2018-01-31T03:00:00.0;-0.081273514606629
2018-01-31T04:00:00.0;-0.08697821414235252
2018-01-31T05:00:00.0;-0.09935118766259121
2018-01-31T06:00:00.0;-0.12120392555928487
2018-01-31T07:00:00.0;-0.1382942024716994
2018-01-31T08:00:00.0;-0.14559694944425366
2018-01-31T09:00:00.0;-0.13820205664399107
2018-01-31T10:00:00.0;-0.12779647918423925
2018-01-31T11:00:00.0;-0.11976320715487054
2018-01-31T12:00:00.0;-0.11576872892747367
2018-01-31T13:00:00.0;-0.11808087664162314
2018-01-31T14:00:00.0;-0.12428779414219404
2018-01-31T15:00:00.0;-0.1363903806477047
2018-01-31T16:00:00.0;-0.1549183658992607
2018-01-31T17:00:00.0;-0.18207176363741656
2018-01-31T18:00:00.0;-0.1947583960752047
2018-01-31T19:00:00.0;-0.20098457457734195
2018-01-31T20:00:00.0;-0.19455015282891902
2018-01-31T21:00:00.0;-0.1874528469194582
2018-01-31T22:00:00.0;-0.16043787934100673
2018-01-31T23:00:00.0;-0.13297381040158746
2018-02-01T00:00:00.0;-0.08324418104423276
2018-02-01T01:00:00.0;-0.08028654286794729
2018-02-01T02:00:00.0;-0.0793863870588509
2018-02-01T03:00:00.0;-0.08108158411520915
2018-02-01T04:00:00.0;-0.08745304503255831
2018-02-01T05:00:00.0;-0.0999154218249431
2018-02-01T06:00:00.0;-0.12139979657681224
2018-02-01T07:00:00.0;-0.1369403845396163
2018-02-01T08:00:00.0;-0.14222919328193995
2018-02-01T09:00:00.0;-0.13426370925822978
2018-02-01T10:00:00.0;-0.12434051727464931
2018-02-01T11:00:00.0;-0.11701962165969464
2018-02-01T12:00:00.0;-0.11424000787814687
2018-02-01T13:00:00.0;-0.11696709817700358
2018-02-01T14:00:00.0;-0.12354754251246887
2018-02-01T15:00:00.0;-0.1360105810867959
2018-02-01T16:00:00.0;-0.15427634736087345
2018-02-01T17:00:00.0;-0.17942224843041002
2018-02-01T18:00:00.0;-0.1913968526262639
2018-02-01T19:00:00.0;-0.19721822225916463
2018-02-01T20:00:00.0;-0.19063164938465102
2018-02-01T21:00:00.0;-0.181080521822265
2018-02-01T22:00:00.0;-0.15475775480588208
2018-02-01T23:00:00.0;-0.12543170236519494
2018-02-02T00:00:00.0;-0.08236133011780525
2018-02-02T01:00:00.0;-0.0795185376220272
2018-02-02T02:00:00.0;-0.07884692525950715
2018-02-02T03:00:00.0;-0.08082238773431895
2018-02-02T04:00:00.0;-0.08746828229898915
2018-02-02T05:00:00.0;-0.09991250391233963
2018-02-02T06:00:00.0;-0.1212232661614955
2018-02-02T07:00:00.0;-0.13594554289016728
2018-02-02T08:00:00.0;-0.14015771582982356
2018-02-02T09:00:00.0;-0.13193539598466902
2018-02-02T10:00:00.0;-0.1221631525458832
2018-02-02T11:00:00.0;-0.11524267783024116
2018-02-02T12:00:00.0;-0.11344167173643269
2018-02-02T13:00:00.0;-0.11647176359253626
2018-02-02T14:00:00.0;-0.12331382922726418
2018-02-02T15:00:00.0;-0.13597657703735488
2018-02-02T16:00:00.0;-0.1537051217395398
2018-02-02T17:00:00.0;-0.17780913147855193
2018-02-02T18:00:00.0;-0.18945096152390678
2018-02-02T19:00:00.0;-0.19514131719892036
2018-02-02T20:00:00.0;-0.1885441611105923
2018-02-02T21:00:00.0;-0.177294119800397
2018-02-02T22:00:00.0;-0.1514034475453298
2018-02-02T23:00:00.0;-0.12174141961766331
2018-02-03T00:00:00.0;-0.0777757998978658
2018-02-03T01:00:00.0;-0.07596824598278222
2018-02-03T02:00:00.0;-0.07558267953582314
2018-02-03T03:00:00.0;-0.0784948575576723
2018-02-03T04:00:00.0;-0.0852966690475179
2018-02-03T05:00:00.0;-0.09576272863877182
2018-02-03T06:00:00.0;-0.10687358204057926
2018-02-03T07:00:00.0;-0.11845210327372825
2018-02-03T08:00:00.0;-0.11823832568164117
2018-02-03T09:00:00.0;-0.11321555481999104
2018-02-03T10:00:00.0;-0.1074138996972933
2018-02-03T11:00:00.0;-0.10456692122500541
2018-02-03T12:00:00.0;-0.10460302024871036
2018-02-03T13:00:00.0;-0.10960493891208294
2018-02-03T14:00:00.0;-0.11535348874393922
2018-02-03T15:00:00.0;-0.12607928595632764
2018-02-03T16:00:00.0;-0.14602285148564795
2018-02-03T17:00:00.0;-0.16541509909124927
2018-02-03T18:00:00.0;-0.17622999779128273
2018-02-03T19:00:00.0;-0.18072554536252358
2018-02-03T20:00:00.0;-0.17185464519969115
2018-02-03T21:00:00.0;-0.15412704701195903
2018-02-03T22:00:00.0;-0.1348244806209025
2018-02-03T23:00:00.0;-0.09844361459254902
2018-02-04T00:00:00.0;-0.08041792758641304
2018-02-04T01:00:00.0;-0.07784519038109637
2018-02-04T02:00:00.0;-0.07708733577822173
2018-02-04T03:00:00.0;-0.07898394316387591
2018-02-04T04:00:00.0;-0.08456338854822287
2018-02-04T05:00:00.0;-0.09525259787576756
2018-02-04T06:00:00.0;-0.11187542982783165
2018-02-04T07:00:00.0;-0.12536055882028743
2018-02-04T08:00:00.0;-0.12974576778573343
2018-02-04T09:00:00.0;-0.12350354336967444
2018-02-04T10:00:00.0;-0.11489239884344422
2018-02-04T11:00:00.0;-0.10898724215837703
2018-02-04T12:00:00.0;-0.10671920175164444
2018-02-04T13:00:00.0;-0.10990226398668537
2018-02-04T14:00:00.0;-0.11640472928643063
2018-02-04T15:00:00.0;-0.1284746119564091
2018-02-04T16:00:00.0;-0.14727049732214068
2018-02-04T17:00:00.0;-0.1715603427727791
2018-02-04T18:00:00.0;-0.1837708109493271
2018-02-04T19:00:00.0;-0.18965944393998785
2018-02-04T20:00:00.0;-0.18320821075975255
2018-02-04T21:00:00.0;-0.17301251293368822
2018-02-04T22:00:00.0;-0.14861600670896313
2018-02-04T23:00:00.0;-0.11717656875270564
2018-02-05T00:00:00.0;-0.08096198952964004
2018-02-05T01:00:00.0;-0.07864395649645252
2018-02-05T02:00:00.0;-0.07808070079338453
2018-02-05T03:00:00.0;-0.08069463159582294
2018-02-05T04:00:00.0;-0.08804925487701276
2018-02-05T05:00:00.0;-0.10113547399657453
2018-02-05T06:00:00.0;-0.12125165293601925
2018-02-05T07:00:00.0;-0.1366474380175715
2018-02-05T08:00:00.0;-0.13632839511532238
2018-02-05T09:00:00.0;-0.1280036972097485
2018-02-05T10:00:00.0;-0.11821854094092929
2018-02-05T11:00:00.0;-0.11274910044516233
2018-02-05T12:00:00.0;-0.11232707873930911
2018-02-05T13:00:00.0;-0.11530075439409071
2018-02-05T14:00:00.0;-0.12206067029613056
2018-02-05T15:00:00.0;-0.13343933125203283
2018-02-05T16:00:00.0;-0.1510284809475529
2018-02-05T17:00:00.0;-0.171585755162492
2018-02-05T18:00:00.0;-0.1827416575712664
2018-02-05T19:00:00.0;-0.18702558834569502
2018-02-05T20:00:00.0;-0.18020074089831092
2018-02-05T21:00:00.0;-0.16250443371020265
2018-02-05T22:00:00.0;-0.1427881684800752
2018-02-05T23:00:00.0;-0.11236657849080879
2018-02-06T00:00:00.0;-0.08044612157589309
2018-02-06T01:00:00.0;-0.07851259663320705
2018-02-06T02:00:00.0;-0.0781669994768299
2018-02-06T03:00:00.0;-0.08120695237016021
2018-02-06T04:00:00.0;-0.08948129734500639
2018-02-06T05:00:00.0;-0.10328134723031869
2018-02-06T06:00:00.0;-0.12259392240188623
2018-02-06T07:00:00.0;-0.13688791240041345
2018-02-06T08:00:00.0;-0.13430711677257637
2018-02-06T09:00:00.0;-0.12526955786907623
2018-02-06T10:00:00.0;-0.11610045338920613
2018-02-06T11:00:00.0;-0.11149001926090933
2018-02-06T12:00:00.0;-0.11058774930952396
2018-02-06T13:00:00.0;-0.11349746776060302
2018-02-06T14:00:00.0;-0.12031934928180704
2018-02-06T15:00:00.0;-0.13144853365399672
2018-02-06T16:00:00.0;-0.15080019364588995
2018-02-06T17:00:00.0;-0.16933232535669093
2018-02-06T18:00:00.0;-0.1802628638560489
2018-02-06T19:00:00.0;-0.18349995626521318
2018-02-06T20:00:00.0;-0.175894122633551
2018-02-06T21:00:00.0;-0.15706402303911438
2018-02-06T22:00:00.0;-0.13866785212723887
2018-02-06T23:00:00.0;-0.1037632598906009
2018-02-07T00:00:00.0;-0.08010608320282094
2018-02-07T01:00:00.0;-0.07822404097211079
2018-02-07T02:00:00.0;-0.07797606195287723
2018-02-07T03:00:00.0;-0.08112594798851012
2018-02-07T04:00:00.0;-0.08961092931009662
2018-02-07T05:00:00.0;-0.10310277164384031
2018-02-07T06:00:00.0;-0.12239450640690584
2018-02-07T07:00:00.0;-0.1360107028706504
2018-02-07T08:00:00.0;-0.13308361971860178
2018-02-07T09:00:00.0;-0.12395479095807568
2018-02-07T10:00:00.0;-0.11522852837222906
2018-02-07T11:00:00.0;-0.11062262266197866
2018-02-07T12:00:00.0;-0.11003362881019321
2018-02-07T13:00:00.0;-0.11305615879338474
2018-02-07T14:00:00.0;-0.11993295106978588
2018-02-07T15:00:00.0;-0.13153524205261355
2018-02-07T16:00:00.0;-0.15079077218457926
2018-02-07T17:00:00.0;-0.16871028764232315
2018-02-07T18:00:00.0;-0.17889112081982614
2018-02-07T19:00:00.0;-0.1821990131882623
2018-02-07T20:00:00.0;-0.17486310951302864
2018-02-07T21:00:00.0;-0.15586050446763738
2018-02-07T22:00:00.0;-0.13719474811423898
2018-02-07T23:00:00.0;-0.10139224098908665
2018-02-08T00:00:00.0;-0.08160651275725979
2018-02-08T01:00:00.0;-0.07899695833174473
2018-02-08T02:00:00.0;-0.07857049849081667
2018-02-08T03:00:00.0;-0.0808938369422601
2018-02-08T04:00:00.0;-0.08815163087512769
2018-02-08T05:00:00.0;-0.1007233295562219
2018-02-08T06:00:00.0;-0.12160248107978543
2018-02-08T07:00:00.0;-0.13508283966905912
2018-02-08T08:00:00.0;-0.13779182523770586
2018-02-08T09:00:00.0;-0.12909759010607907
2018-02-08T10:00:00.0;-0.11990007665599825
2018-02-08T11:00:00.0;-0.11349847216778003
2018-02-08T12:00:00.0;-0.11200839290769649
2018-02-08T13:00:00.0;-0.11520010987704583
2018-02-08T14:00:00.0;-0.12221742357439641
2018-02-08T15:00:00.0;-0.13514111303011533
2018-02-08T16:00:00.0;-0.15340109562681475
2018-02-08T17:00:00.0;-0.17595471848189367
2018-02-08T18:00:00.0;-0.18699494976791206
2018-02-08T19:00:00.0;-0.19224157907502307
2018-02-08T20:00:00.0;-0.1854322196822699
2018-02-08T21:00:00.0;-0.17309413506845528
2018-02-08T22:00:00.0;-0.14762463581398524
2018-02-08T23:00:00.0;-0.11533299222858487
2018-02-09T00:00:00.0;-0.08089163740559248
2018-02-09T01:00:00.0;-0.07801200980119079
2018-02-09T02:00:00.0;-0.07761477193315554
2018-02-09T03:00:00.0;-0.07984151171614297
2018-02-09T04:00:00.0;-0.08623460484327926
2018-02-09T05:00:00.0;-0.09833123647733928
2018-02-09T06:00:00.0;-0.11968441785603524
2018-02-09T07:00:00.0;-0.13395617836446577
2018-02-09T08:00:00.0;-0.1374823260596413
2018-02-09T09:00:00.0;-0.12934234104333783
2018-02-09T10:00:00.0;-0.11909200312809855
2018-02-09T11:00:00.0;-0.11252516881578642
2018-02-09T12:00:00.0;-0.11309897151284347
2018-02-09T13:00:00.0;-0.11675432165394406
2018-02-09T14:00:00.0;-0.12409045290891295
2018-02-09T15:00:00.0;-0.13691660783512338
2018-02-09T16:00:00.0;-0.1521882447724636
2018-02-09T17:00:00.0;-0.17579372480146782
2018-02-09T18:00:00.0;-0.18747402432000096
2018-02-09T19:00:00.0;-0.19353194069530225
2018-02-09T20:00:00.0;-0.18729703292687835
2018-02-09T21:00:00.0;-0.17289396197801618
2018-02-09T22:00:00.0;-0.14760448366881904
2018-02-09T23:00:00.0;-0.12124854813623885
2018-02-10T00:00:00.0;-0.0771691134464787
2018-02-10T01:00:00.0;-0.07518804997393425
2018-02-10T02:00:00.0;-0.07494120252723888
2018-02-10T03:00:00.0;-0.07780609522038803
2018-02-10T04:00:00.0;-0.08410549242545293
2018-02-10T05:00:00.0;-0.09398497348260977
2018-02-10T06:00:00.0;-0.10284384290476568
2018-02-10T07:00:00.0;-0.11290446030757695
2018-02-10T08:00:00.0;-0.11425936026774719
2018-02-10T09:00:00.0;-0.11004801880240876
2018-02-10T10:00:00.0;-0.10492107924592538
2018-02-10T11:00:00.0;-0.10269891969031227
2018-02-10T12:00:00.0;-0.1026884950356375
2018-02-10T13:00:00.0;-0.10837697985593976
2018-02-10T14:00:00.0;-0.1141402195892696
2018-02-10T15:00:00.0;-0.12489021476029431
2018-02-10T16:00:00.0;-0.14522780518542613
2018-02-10T17:00:00.0;-0.16551711246704115
2018-02-10T18:00:00.0;-0.17732880482262015
2018-02-10T19:00:00.0;-0.1822831909641458
2018-02-10T20:00:00.0;-0.1725295255269563
2018-02-10T21:00:00.0;-0.1567185352534389
2018-02-10T22:00:00.0;-0.13525927230250107
2018-02-10T23:00:00.0;-0.09805897927260351
2018-02-11T00:00:00.0;-0.079575824228078
2018-02-11T01:00:00.0;-0.07714020458250113
2018-02-11T02:00:00.0;-0.07650197230981905
2018-02-11T03:00:00.0;-0.07842747643633832
2018-02-11T04:00:00.0;-0.08384854351071494
2018-02-11T05:00:00.0;-0.09400179543476125
2018-02-11T06:00:00.0;-0.11033895258949748
2018-02-11T07:00:00.0;-0.12258043133435399
2018-02-11T08:00:00.0;-0.12663891795341273
2018-02-11T09:00:00.0;-0.12013747985414651
2018-02-11T10:00:00.0;-0.11157212305384935
2018-02-11T11:00:00.0;-0.10554232062297954
2018-02-11T12:00:00.0;-0.10263296190438874
2018-02-11T13:00:00.0;-0.10525853862255023
2018-02-11T14:00:00.0;-0.11215798377526888
2018-02-11T15:00:00.0;-0.12483237756676276
2018-02-11T16:00:00.0;-0.14419275682182242
2018-02-11T17:00:00.0;-0.16830630119467108
2018-02-11T18:00:00.0;-0.1804209660114066
2018-02-11T19:00:00.0;-0.18632953845470623
2018-02-11T20:00:00.0;-0.18084524918709502
2018-02-11T21:00:00.0;-0.17236061427465935
2018-02-11T22:00:00.0;-0.1476051084887314
2018-02-11T23:00:00.0;-0.1141218535772167
2018-02-12T00:00:00.0;-0.08072199080073854
2018-02-12T01:00:00.0;-0.07825540527769606
2018-02-12T02:00:00.0;-0.07790182252027665
2018-02-12T03:00:00.0;-0.08028341465389513
2018-02-12T04:00:00.0;-0.08734655162913055
2018-02-12T05:00:00.0;-0.09935750594570929
2018-02-12T06:00:00.0;-0.11889879608766662
2018-02-12T07:00:00.0;-0.1314180531001622
2018-02-12T08:00:00.0;-0.1338505207597598
2018-02-12T09:00:00.0;-0.12547870749690487
2018-02-12T10:00:00.0;-0.1166986800562521
2018-02-12T11:00:00.0;-0.11062243383838075
2018-02-12T12:00:00.0;-0.10893407136746591
2018-02-12T13:00:00.0;-0.11208019609020822
2018-02-12T14:00:00.0;-0.11917454174275562
2018-02-12T15:00:00.0;-0.13219064103898318
2018-02-12T16:00:00.0;-0.15094779578473727
2018-02-12T17:00:00.0;-0.17324235715484557
2018-02-12T18:00:00.0;-0.1843136703667782
2018-02-12T19:00:00.0;-0.1895532830187401
2018-02-12T20:00:00.0;-0.1829690335815993
2018-02-12T21:00:00.0;-0.17119390079094654
2018-02-12T22:00:00.0;-0.14593624025420518
2018-02-12T23:00:00.0;-0.11214914689346267
2018-02-13T00:00:00.0;-0.07990663239524289
2018-02-13T01:00:00.0;-0.07731359695950137
2018-02-13T02:00:00.0;-0.0770187806399848
2018-02-13T03:00:00.0;-0.07939350465915718
2018-02-13T04:00:00.0;-0.08586335632750859
2018-02-13T05:00:00.0;-0.09740416440430562
2018-02-13T06:00:00.0;-0.1163793826922865
2018-02-13T07:00:00.0;-0.12904945595043646
2018-02-13T08:00:00.0;-0.13195613102023035
2018-02-13T09:00:00.0;-0.12423318983418792
2018-02-13T10:00:00.0;-0.1150999678370157
2018-02-13T11:00:00.0;-0.1092434670725453
2018-02-13T12:00:00.0;-0.10907864509068738
2018-02-13T13:00:00.0;-0.1127968382915586
2018-02-13T14:00:00.0;-0.12002496183920427
2018-02-13T15:00:00.0;-0.13284604607176423
2018-02-13T16:00:00.0;-0.14979718945599282
2018-02-13T17:00:00.0;-0.17263207519783144
2018-02-13T18:00:00.0;-0.18419207707429686
2018-02-13T19:00:00.0;-0.18994999482452699
2018-02-13T20:00:00.0;-0.18341323316644245
2018-02-13T21:00:00.0;-0.170002110989957
2018-02-13T22:00:00.0;-0.14494488480830928
2018-02-13T23:00:00.0;-0.11461676399240202
2018-02-14T00:00:00.0;-0.07987231988118934
2018-02-14T01:00:00.0;-0.07710244351398032
2018-02-14T02:00:00.0;-0.0768449545144913
2018-02-14T03:00:00.0;-0.07920664977258818
2018-02-14T04:00:00.0;-0.08547198146763248
2018-02-14T05:00:00.0;-0.09712560432718009
2018-02-14T06:00:00.0;-0.11755751659970363
2018-02-14T07:00:00.0;-0.13095591911380963
2018-02-14T08:00:00.0;-0.13397915839613952
2018-02-14T09:00:00.0;-0.12602475243668768
2018-02-14T10:00:00.0;-0.11599441398556735
2018-02-14T11:00:00.0;-0.10978193942229443
2018-02-14T12:00:00.0;-0.11083038807247117
2018-02-14T13:00:00.0;-0.11462324131938616
2018-02-14T14:00:00.0;-0.12214787478248455
2018-02-14T15:00:00.0;-0.1351015076468186
2018-02-14T16:00:00.0;-0.1501629508735101
2018-02-14T17:00:00.0;-0.17331763109359674
2018-02-14T18:00:00.0;-0.1849663986348017
2018-02-14T19:00:00.0;-0.19106323763876407
2018-02-14T20:00:00.0;-0.18504359387096786
2018-02-14T21:00:00.0;-0.17014015426952409
2018-02-14T22:00:00.0;-0.14517963261986777
2018-02-14T23:00:00.0;-0.11836277188724731
2018-02-15T00:00:00.0;-0.0836776227828222
2018-02-15T01:00:00.0;-0.0807540051519978
2018-02-15T02:00:00.0;-0.07971080788920602
2018-02-15T03:00:00.0;-0.08134367189993383
2018-02-15T04:00:00.0;-0.08777065474656266
2018-02-15T05:00:00.0;-0.1003224125011517
2018-02-15T06:00:00.0;-0.12178375661412316
2018-02-15T07:00:00.0;-0.13794373060107484
2018-02-15T08:00:00.0;-0.1430417622683477
2018-02-15T09:00:00.0;-0.13518997989049217
2018-02-15T10:00:00.0;-0.12533223789547882
2018-02-15T11:00:00.0;-0.11795401599005788
2018-02-15T12:00:00.0;-0.11467234478497858
2018-02-15T13:00:00.0;-0.11715292637555956
2018-02-15T14:00:00.0;-0.12348896116395697
2018-02-15T15:00:00.0;-0.13569920722832804
2018-02-15T16:00:00.0;-0.15445450226760432
2018-02-15T17:00:00.0;-0.1794653303709508
2018-02-15T18:00:00.0;-0.19127589277783674
2018-02-15T19:00:00.0;-0.19690511646409478
2018-02-15T20:00:00.0;-0.19035086878467344
2018-02-15T21:00:00.0;-0.1808733667249678
2018-02-15T22:00:00.0;-0.15535998751066457
2018-02-15T23:00:00.0;-0.12564704536905197
2018-02-16T00:00:00.0;-0.0798518032974404
2018-02-16T01:00:00.0;-0.07787341731723603
2018-02-16T02:00:00.0;-0.07791526567423865
2018-02-16T03:00:00.0;-0.08109028080011782
2018-02-16T04:00:00.0;-0.08960865255677052
2018-02-16T05:00:00.0;-0.10329424992487649
2018-02-16T06:00:00.0;-0.12273398187335205
2018-02-16T07:00:00.0;-0.13465912295887553
2018-02-16T08:00:00.0;-0.1329336244139728
2018-02-16T09:00:00.0;-0.12323925851155523
2018-02-16T10:00:00.0;-0.1145023528430614
2018-02-16T11:00:00.0;-0.10986677913194165
2018-02-16T12:00:00.0;-0.10910975977328374
2018-02-16T13:00:00.0;-0.11250830631580487
2018-02-16T14:00:00.0;-0.11987604697865407
2018-02-16T15:00:00.0;-0.13208502788649423
2018-02-16T16:00:00.0;-0.15162979296680595
2018-02-16T17:00:00.0;-0.17050837326618673
2018-02-16T18:00:00.0;-0.18151098503333152
2018-02-16T19:00:00.0;-0.18511494623571034
2018-02-16T20:00:00.0;-0.177168964283426
2018-02-16T21:00:00.0;-0.16030441313588376
2018-02-16T22:00:00.0;-0.1383376513657187
2018-02-16T23:00:00.0;-0.10139902638947544
2018-02-17T00:00:00.0;-0.07563923422334039
2018-02-17T01:00:00.0;-0.07447888479255287
2018-02-17T02:00:00.0;-0.07585135716238382
2018-02-17T03:00:00.0;-0.08059095735081556
2018-02-17T04:00:00.0;-0.09146728328602924
2018-02-17T05:00:00.0;-0.10494298912218651
2018-02-17T06:00:00.0;-0.12303780046610129
2018-02-17T07:00:00.0;-0.1284104105073569
2018-02-17T08:00:00.0;-0.12104715223868605
2018-02-17T09:00:00.0;-0.10931952132381711
2018-02-17T10:00:00.0;-0.10303233509572322
2018-02-17T11:00:00.0;-0.10038135334446213
2018-02-17T12:00:00.0;-0.10269053392533681
2018-02-17T13:00:00.0;-0.10742974764240476
2018-02-17T14:00:00.0;-0.1160459196430871
2018-02-17T15:00:00.0;-0.13040240169934877
2018-02-17T16:00:00.0;-0.15016503480813045
2018-02-17T17:00:00.0;-0.16276050124610322
2018-02-17T18:00:00.0;-0.17075479465403137
2018-02-17T19:00:00.0;-0.173334245035144
2018-02-17T20:00:00.0;-0.16506438941356588
2018-02-17T21:00:00.0;-0.14315513470747052
2018-02-17T22:00:00.0;-0.12091450865320795
2018-02-17T23:00:00.0;-0.074914856519985
2018-02-18T00:00:00.0;-0.07562125334536407
2018-02-18T01:00:00.0;-0.074392281456885
2018-02-18T02:00:00.0;-0.07559321533502014
2018-02-18T03:00:00.0;-0.08008223906925246
2018-02-18T04:00:00.0;-0.09003935169883215
2018-02-18T05:00:00.0;-0.10382963560752019
2018-02-18T06:00:00.0;-0.11953777468018129
2018-02-18T07:00:00.0;-0.1257008138384893
2018-02-18T08:00:00.0;-0.11976022055431779
2018-02-18T09:00:00.0;-0.10914925227457986
2018-02-18T10:00:00.0;-0.10236307162851689
2018-02-18T11:00:00.0;-0.10047206235876745
2018-02-18T12:00:00.0;-0.1021944994377097
2018-02-18T13:00:00.0;-0.10731168669941325
2018-02-18T14:00:00.0;-0.11565751172210847
2018-02-18T15:00:00.0;-0.1283819275074396
2018-02-18T16:00:00.0;-0.14877421278790365
2018-02-18T17:00:00.0;-0.16332185662797344
2018-02-18T18:00:00.0;-0.17400786771771912
2018-02-18T19:00:00.0;-0.17654648360542613
2018-02-18T20:00:00.0;-0.16669106246760526
2018-02-18T21:00:00.0;-0.14536767252231905
2018-02-18T22:00:00.0;-0.12344698811289959
2018-02-18T23:00:00.0;-0.07919381630331085
2018-02-19T00:00:00.0;-0.07999143968972652
2018-02-19T01:00:00.0;-0.07811952814618377
2018-02-19T02:00:00.0;-0.0778506416624808
2018-02-19T03:00:00.0;-0.08101441556755178
2018-02-19T04:00:00.0;-0.08963020588730752
2018-02-19T05:00:00.0;-0.10237624291310485
2018-02-19T06:00:00.0;-0.12180789692908092
2018-02-19T07:00:00.0;-0.13509050034955325
2018-02-19T08:00:00.0;-0.13202871723570345
2018-02-19T09:00:00.0;-0.1230919416063427
2018-02-19T10:00:00.0;-0.1150527198914116
2018-02-19T11:00:00.0;-0.11014663061100514
2018-02-19T12:00:00.0;-0.10985699464327552
2018-02-19T13:00:00.0;-0.11288019099801272
2018-02-19T14:00:00.0;-0.11961344524690122
2018-02-19T15:00:00.0;-0.13192610527761353
2018-02-19T16:00:00.0;-0.15086749857093792
2018-02-19T17:00:00.0;-0.16814695746664032
2018-02-19T18:00:00.0;-0.1768554415792429
2018-02-19T19:00:00.0;-0.18045119812753427
2018-02-19T20:00:00.0;-0.17391938843482066
2018-02-19T21:00:00.0;-0.1549605866831742
2018-02-19T22:00:00.0;-0.13620927430616567
2018-02-19T23:00:00.0;-0.099849648592279
2018-02-20T00:00:00.0;-0.07968618062924934
2018-02-20T01:00:00.0;-0.07786665452508572
2018-02-20T02:00:00.0;-0.07773133998380012
2018-02-20T03:00:00.0;-0.08101358517897508
2018-02-20T04:00:00.0;-0.0897674304759591
2018-02-20T05:00:00.0;-0.10278468111244311
2018-02-20T06:00:00.0;-0.1220721987647176
2018-02-20T07:00:00.0;-0.13483602272010395
2018-02-20T08:00:00.0;-0.1314786916645196
2018-02-20T09:00:00.0;-0.12226978609715738
2018-02-20T10:00:00.0;-0.11416911870675578
2018-02-20T11:00:00.0;-0.10952462389669165
2018-02-20T12:00:00.0;-0.10935085474579592
2018-02-20T13:00:00.0;-0.11250722011635379
2018-02-20T14:00:00.0;-0.11942808990266245
2018-02-20T15:00:00.0;-0.13169527090462235
2018-02-20T16:00:00.0;-0.15079083853041456
2018-02-20T17:00:00.0;-0.16789037185836947
2018-02-20T18:00:00.0;-0.1769668269741543
2018-02-20T19:00:00.0;-0.1804008060611865
2018-02-20T20:00:00.0;-0.17350265161462655
2018-02-20T21:00:00.0;-0.15430195611830427
2018-02-20T22:00:00.0;-0.1353040784173988
2018-02-20T23:00:00.0;-0.09835551336171076
2018-02-21T00:00:00.0;-0.07840741373218192
2018-02-21T01:00:00.0;-0.07677607030868396
2018-02-21T02:00:00.0;-0.07715846547499768
2018-02-21T03:00:00.0;-0.080896540718081
2018-02-21T04:00:00.0;-0.09030087754883982
2018-02-21T05:00:00.0;-0.10359851413717558
2018-02-21T06:00:00.0;-0.12252645053463954
2018-02-21T07:00:00.0;-0.13277336066611128
2018-02-21T08:00:00.0;-0.12837616615327013
2018-02-21T09:00:00.0;-0.1182645687215397
2018-02-21T10:00:00.0;-0.11063053599472931
2018-02-21T11:00:00.0;-0.10664209978526028
2018-02-21T12:00:00.0;-0.1071737055944967
2018-02-21T13:00:00.0;-0.11088210117702921
2018-02-21T14:00:00.0;-0.1184273617514515
2018-02-21T15:00:00.0;-0.13134207175362586
2018-02-21T16:00:00.0;-0.15073372950350974
2018-02-21T17:00:00.0;-0.16666966465179825
2018-02-21T18:00:00.0;-0.17574076177829387
2018-02-21T19:00:00.0;-0.17891450611778612
2018-02-21T20:00:00.0;-0.171380052174195
2018-02-21T21:00:00.0;-0.15166319680844914
2018-02-21T22:00:00.0;-0.13114697801764855
2018-02-21T23:00:00.0;-0.09128130661725446
2018-02-22T00:00:00.0;-0.07888295374113792
2018-02-22T01:00:00.0;-0.07711533625125035
2018-02-22T02:00:00.0;-0.07747937333542843
2018-02-22T03:00:00.0;-0.08104446276008509
2018-02-22T04:00:00.0;-0.09010319058466039
2018-02-22T05:00:00.0;-0.10412639564702458
2018-02-22T06:00:00.0;-0.1231670269241762
2018-02-22T07:00:00.0;-0.13377386048881565
2018-02-22T08:00:00.0;-0.130563333718878
2018-02-22T09:00:00.0;-0.1202903603151217
2018-02-22T10:00:00.0;-0.11181256797319343
2018-02-22T11:00:00.0;-0.10783888898371101
2018-02-22T12:00:00.0;-0.10772383249921753
2018-02-22T13:00:00.0;-0.1114290550830551
2018-02-22T14:00:00.0;-0.11914214729822631
2018-02-22T15:00:00.0;-0.13146631449836738
2018-02-22T16:00:00.0;-0.15120238831455632
2018-02-22T17:00:00.0;-0.1687191922762154
2018-02-22T18:00:00.0;-0.17964552576973697
2018-02-22T19:00:00.0;-0.1828038425131008
2018-02-22T20:00:00.0;-0.17440122441284278
2018-02-22T21:00:00.0;-0.15600754054562618
2018-02-22T22:00:00.0;-0.13432679810500112
2018-02-22T23:00:00.0;-0.0954872940691768
2018-02-23T00:00:00.0;-0.07836198942214584
2018-02-23T01:00:00.0;-0.07584928198432055
2018-02-23T02:00:00.0;-0.0759984411483765
2018-02-23T03:00:00.0;-0.07901946755211388
2018-02-23T04:00:00.0;-0.08611389836791453
2018-02-23T05:00:00.0;-0.09754675803255623
2018-02-23T06:00:00.0;-0.11375817631671514
2018-02-23T07:00:00.0;-0.12416952386824354
2018-02-23T08:00:00.0;-0.12512441901565238
2018-02-23T09:00:00.0;-0.11768640003730822
2018-02-23T10:00:00.0;-0.10995298117664389
2018-02-23T11:00:00.0;-0.10593303148622668
2018-02-23T12:00:00.0;-0.10714070753956981
2018-02-23T13:00:00.0;-0.11184606058710168
2018-02-23T14:00:00.0;-0.1191411708082468
2018-02-23T15:00:00.0;-0.13186763574226834
2018-02-23T16:00:00.0;-0.14913497341145743
2018-02-23T17:00:00.0;-0.16916707307299966
2018-02-23T18:00:00.0;-0.18040964795305803
2018-02-23T19:00:00.0;-0.18563894032756822
2018-02-23T20:00:00.0;-0.17787598352960865
2018-02-23T21:00:00.0;-0.1618436499438679
2018-02-23T22:00:00.0;-0.13768765457746315
2018-02-23T23:00:00.0;-0.10408513952049707
2018-02-24T00:00:00.0;-0.07730424659422794
2018-02-24T01:00:00.0;-0.07517232741368532
2018-02-24T02:00:00.0;-0.07491623586521558
2018-02-24T03:00:00.0;-0.07719545241706699
2018-02-24T04:00:00.0;-0.08255625713494318
2018-02-24T05:00:00.0;-0.0918127598684598
2018-02-24T06:00:00.0;-0.10595108637892331
2018-02-24T07:00:00.0;-0.11561287853070068
2018-02-24T08:00:00.0;-0.11849244322729549
2018-02-24T09:00:00.0;-0.11216782425808455
2018-02-24T10:00:00.0;-0.10439104955081194
2018-02-24T11:00:00.0;-0.09921723001876327
2018-02-24T12:00:00.0;-0.09694236827858808
2018-02-24T13:00:00.0;-0.09986400633980698
2018-02-24T14:00:00.0;-0.10722478648135232
2018-02-24T15:00:00.0;-0.12037365424001627
2018-02-24T16:00:00.0;-0.13997294855841574
2018-02-24T17:00:00.0;-0.16290515053128557
2018-02-24T18:00:00.0;-0.1748763160702746
2018-02-24T19:00:00.0;-0.18074405259577123
2018-02-24T20:00:00.0;-0.17553056721753027
2018-02-24T21:00:00.0;-0.16671008442310414
2018-02-24T22:00:00.0;-0.14204282544795752
2018-02-24T23:00:00.0;-0.10583302686054952
2018-02-25T00:00:00.0;-0.0769048254166505
2018-02-25T01:00:00.0;-0.0748816234288772
2018-02-25T02:00:00.0;-0.07481214951328803
2018-02-25T03:00:00.0;-0.07732397212020191
2018-02-25T04:00:00.0;-0.08303332717373715
2018-02-25T05:00:00.0;-0.09280162960144939
2018-02-25T06:00:00.0;-0.10664292992365154
2018-02-25T07:00:00.0;-0.11572920856914122
2018-02-25T08:00:00.0;-0.11781754415121948
2018-02-25T09:00:00.0;-0.11112580715075375
2018-02-25T10:00:00.0;-0.10337404174298587
2018-02-25T11:00:00.0;-0.09872714842863188
2018-02-25T12:00:00.0;-0.09680593838508546
2018-02-25T13:00:00.0;-0.10002627714123805
2018-02-25T14:00:00.0;-0.10755656692657256
2018-02-25T15:00:00.0;-0.12048616609184598
2018-02-25T16:00:00.0;-0.14030839793844813
2018-02-25T17:00:00.0;-0.16260830322737044
2018-02-25T18:00:00.0;-0.17494965208881835
2018-02-25T19:00:00.0;-0.1804483740915974
2018-02-25T20:00:00.0;-0.1745072820367034
2018-02-25T21:00:00.0;-0.16456442274554522
2018-02-25T22:00:00.0;-0.14005848277054028
2018-02-25T23:00:00.0;-0.102954948426435
2018-02-26T00:00:00.0;-0.07969213691611961
2018-02-26T01:00:00.0;-0.07701172258286938
2018-02-26T02:00:00.0;-0.07693319634927144
2018-02-26T03:00:00.0;-0.07956398566577816
2018-02-26T04:00:00.0;-0.08642518623382177
2018-02-26T05:00:00.0;-0.09851636026549303
2018-02-26T06:00:00.0;-0.11949190503326024
2018-02-26T07:00:00.0;-0.13247712746619955
2018-02-26T08:00:00.0;-0.1343969417543156
2018-02-26T09:00:00.0;-0.12585660999653026
2018-02-26T10:00:00.0;-0.11596191722822508
2018-02-26T11:00:00.0;-0.10999035346040213
2018-02-26T12:00:00.0;-0.11167608213993649
2018-02-26T13:00:00.0;-0.11569671345955342
2018-02-26T14:00:00.0;-0.12336470423926932
2018-02-26T15:00:00.0;-0.1364851808291039
2018-02-26T16:00:00.0;-0.15138215721433035
2018-02-26T17:00:00.0;-0.17340385478947887
2018-02-26T18:00:00.0;-0.18455057459964044
2018-02-26T19:00:00.0;-0.1903333676503762
2018-02-26T20:00:00.0;-0.18403199721802516
2018-02-26T21:00:00.0;-0.16753866508373738
2018-02-26T22:00:00.0;-0.14284206295982074
2018-02-26T23:00:00.0;-0.11524950009790658
2018-02-27T00:00:00.0;-0.07814863700133928
2018-02-27T01:00:00.0;-0.07577205810618018
2018-02-27T02:00:00.0;-0.07616443969462405
2018-02-27T03:00:00.0;-0.0793693099014285
2018-02-27T04:00:00.0;-0.08693064824824101
2018-02-27T05:00:00.0;-0.09949314157937267
2018-02-27T06:00:00.0;-0.1198113558185255
2018-02-27T07:00:00.0;-0.13098037011809027
2018-02-27T08:00:00.0;-0.13067465179362336
2018-02-27T09:00:00.0;-0.12136489811722377
2018-02-27T10:00:00.0;-0.11172963721054066
2018-02-27T11:00:00.0;-0.10677747236992101
2018-02-27T12:00:00.0;-0.10958946229912328
2018-02-27T13:00:00.0;-0.1140837012521316
2018-02-27T14:00:00.0;-0.12228134605936093
2018-02-27T15:00:00.0;-0.13547298464261112
2018-02-27T16:00:00.0;-0.15041283978165462
2018-02-27T17:00:00.0;-0.17047303650691126
2018-02-27T18:00:00.0;-0.18163325143822753
2018-02-27T19:00:00.0;-0.18678382773730856
2018-02-27T20:00:00.0;-0.17984413339453048
2018-02-27T21:00:00.0;-0.16076600670592925
2018-02-27T22:00:00.0;-0.13675081720943474
2018-02-27T23:00:00.0;-0.10690335379919284
2018-02-28T00:00:00.0;-0.08163380176882207
2018-02-28T01:00:00.0;-0.07842491711853876
2018-02-28T02:00:00.0;-0.07773734080250684
2018-02-28T03:00:00.0;-0.07953157258629011
2018-02-28T04:00:00.0;-0.08499630957308776
2018-02-28T05:00:00.0;-0.09679256074762332
2018-02-28T06:00:00.0;-0.1180306787672842
2018-02-28T07:00:00.0;-0.13354938972512223
2018-02-28T08:00:00.0;-0.13901024969575798
2018-02-28T09:00:00.0;-0.13164292628761157
2018-02-28T10:00:00.0;-0.12073561069195965
2018-02-28T11:00:00.0;-0.11374839875990618
2018-02-28T12:00:00.0;-0.11369466855388637
2018-02-28T13:00:00.0;-0.11705855039586992
2018-02-28T14:00:00.0;-0.12421401967994881
2018-02-28T15:00:00.0;-0.13664266143919399
2018-02-28T16:00:00.0;-0.15152429778058596
2018-02-28T17:00:00.0;-0.17702744103388182
2018-02-28T18:00:00.0;-0.1897841650376414
2018-02-28T19:00:00.0;-0.19637342820108866
2018-02-28T20:00:00.0;-0.19040793514660814
2018-02-28T21:00:00.0;-0.1779257433416205
2018-02-28T22:00:00.0;-0.1521624571669424
2018-02-28T23:00:00.0;-0.12854623609374702
2018-03-01T00:00:00.0;-0.08445165051845649
2018-03-01T01:00:00.0;-0.0813570661619805
2018-03-01T02:00:00.0;-0.08008464897058097
2018-03-01T03:00:00.0;-0.08137556148613832
2018-03-01T04:00:00.0;-0.0872219066436641
2018-03-01T05:00:00.0;-0.09991926393797029
2018-03-01T06:00:00.0;-0.12139061822088507
2018-03-01T07:00:00.0;-0.13857135735426385
2018-03-01T08:00:00.0;-0.14514585807249464
2018-03-01T09:00:00.0;-0.13766028537125388
2018-03-01T10:00:00.0;-0.1272037628861377
2018-03-01T11:00:00.0;-0.11950462107796243
2018-03-01T12:00:00.0;-0.11532200324662108
2018-03-01T13:00:00.0;-0.11754611017421691
2018-03-01T14:00:00.0;-0.12373118357448631
2018-03-01T15:00:00.0;-0.13543235834526599
2018-03-01T16:00:00.0;-0.15445117351359866
2018-03-01T17:00:00.0;-0.18114831610815957
2018-03-01T18:00:00.0;-0.1941246342046852
2018-03-01T19:00:00.0;-0.1999590829548304
2018-03-01T20:00:00.0;-0.1932135548290576
2018-03-01T21:00:00.0;-0.18547687389170567
2018-03-01T22:00:00.0;-0.1594400638252011
2018-03-01T23:00:00.0;-0.1312266907451489
2018-03-02T00:00:00.0;-0.08437374215219377
2018-03-02T01:00:00.0;-0.08119862484021549
2018-03-02T02:00:00.0;-0.07985716744551055
2018-03-02T03:00:00.0;-0.08103186868657804
2018-03-02T04:00:00.0;-0.08656630355537769
2018-03-02T05:00:00.0;-0.09871415091552914
2018-03-02T06:00:00.0;-0.12014637701425959
2018-03-02T07:00:00.0;-0.13745564357630724
2018-03-02T08:00:00.0;-0.14457548602357928
2018-03-02T09:00:00.0;-0.13746950389908055
2018-03-02T10:00:00.0;-0.12707345989829186
2018-03-02T11:00:00.0;-0.11911513128881533
2018-03-02T12:00:00.0;-0.11514493221155436
2018-03-02T13:00:00.0;-0.1173654909385312
2018-03-02T14:00:00.0;-0.12349470223618944
2018-03-02T15:00:00.0;-0.13543246355611152
2018-03-02T16:00:00.0;-0.15389284178921514
2018-03-02T17:00:00.0;-0.18096140878248146
2018-03-02T18:00:00.0;-0.193626723282813
2018-03-02T19:00:00.0;-0.1998468931220059
2018-03-02T20:00:00.0;-0.1936286831457643
2018-03-02T21:00:00.0;-0.18624171355082
2018-03-02T22:00:00.0;-0.16000428047007642
2018-03-02T23:00:00.0;-0.13282503779046007
2018-03-03T00:00:00.0;-0.07694229574817427
2018-03-03T01:00:00.0;-0.07469312742514111
2018-03-03T02:00:00.0;-0.0745431001300381
2018-03-03T03:00:00.0;-0.07697765593607662
2018-03-03T04:00:00.0;-0.0823311000060936
2018-03-03T05:00:00.0;-0.09179379017887268
2018-03-03T06:00:00.0;-0.10702841131229271
2018-03-03T07:00:00.0;-0.11742220211074729
2018-03-03T08:00:00.0;-0.11970825143367315
2018-03-03T09:00:00.0;-0.11325039772684538
2018-03-03T10:00:00.0;-0.10476616835044349
2018-03-03T11:00:00.0;-0.099633872604605
2018-03-03T12:00:00.0;-0.09936446452183018
2018-03-03T13:00:00.0;-0.10273599435767974
2018-03-03T14:00:00.0;-0.11032898405675587
2018-03-03T15:00:00.0;-0.12339431322238717
2018-03-03T16:00:00.0;-0.1406983258135817
2018-03-03T17:00:00.0;-0.16322873280703262
2018-03-03T18:00:00.0;-0.1750734903640272
2018-03-03T19:00:00.0;-0.18113414855489252
2018-03-03T20:00:00.0;-0.17607925007349956
2018-03-03T21:00:00.0;-0.16392601485229755
2018-03-03T22:00:00.0;-0.14019240144463846
2018-03-03T23:00:00.0;-0.10784227646654775
2018-03-04T00:00:00.0;-0.07426619856665259
2018-03-04T01:00:00.0;-0.07279977858720231
2018-03-04T02:00:00.0;-0.07318359642251185
2018-03-04T03:00:00.0;-0.07653084545952284
2018-03-04T04:00:00.0;-0.08295334971069726
2018-03-04T05:00:00.0;-0.09256034903006749
2018-03-04T06:00:00.0;-0.10090035472632236
2018-03-04T07:00:00.0;-0.10763519921779856
2018-03-04T08:00:00.0;-0.10689476901440577
2018-03-04T09:00:00.0;-0.10144768480114759
2018-03-04T10:00:00.0;-0.09599113143860942
2018-03-04T11:00:00.0;-0.09424681801933958
2018-03-04T12:00:00.0;-0.09455416137465039
2018-03-04T13:00:00.0;-0.09986875425345539
2018-03-04T14:00:00.0;-0.10694525829914356
2018-03-04T15:00:00.0;-0.11859067418585727
2018-03-04T16:00:00.0;-0.13922148597691855
2018-03-04T17:00:00.0;-0.15839206046014032
2018-03-04T18:00:00.0;-0.17069401211353255
2018-03-04T19:00:00.0;-0.175292131072056
2018-03-04T20:00:00.0;-0.16648560055776457
2018-03-04T21:00:00.0;-0.15080524891485939
2018-03-04T22:00:00.0;-0.129014420419994
2018-03-04T23:00:00.0;-0.0883589081598433
2018-03-05T00:00:00.0;-0.0778307282520815
2018-03-05T01:00:00.0;-0.07620631259556315
2018-03-05T02:00:00.0;-0.07667083405579542
2018-03-05T03:00:00.0;-0.08043352384355423
2018-03-05T04:00:00.0;-0.08956742716784327
2018-03-05T05:00:00.0;-0.10275443887827558
2018-03-05T06:00:00.0;-0.12115303293744586
2018-03-05T07:00:00.0;-0.13104606771085783
2018-03-05T08:00:00.0;-0.12674141249935927
2018-03-05T09:00:00.0;-0.11676282466456632
2018-03-05T10:00:00.0;-0.10891556452888755
2018-03-05T11:00:00.0;-0.10514885380264512
2018-03-05T12:00:00.0;-0.10597515732678744
2018-03-05T13:00:00.0;-0.10980585023001482
2018-03-05T14:00:00.0;-0.11754509471470237
2018-03-05T15:00:00.0;-0.13033784408630886
2018-03-05T16:00:00.0;-0.14942764186326846
2018-03-05T17:00:00.0;-0.16563897796599822
2018-03-05T18:00:00.0;-0.17530994316406615
2018-03-05T19:00:00.0;-0.17857145418338063
2018-03-05T20:00:00.0;-0.17097098263700178
2018-03-05T21:00:00.0;-0.15111639278865888
2018-03-05T22:00:00.0;-0.130533299478242
2018-03-05T23:00:00.0;-0.09123969665330015
2018-03-06T00:00:00.0;-0.07838079300144082
2018-03-06T01:00:00.0;-0.07675866737982749
2018-03-06T02:00:00.0;-0.07706917458458938
2018-03-06T03:00:00.0;-0.08078827726161705
2018-03-06T04:00:00.0;-0.09018743853523303
2018-03-06T05:00:00.0;-0.10301391450628464
2018-03-06T06:00:00.0;-0.12187203549548925
2018-03-06T07:00:00.0;-0.1322555230414305
2018-03-06T08:00:00.0;-0.12771887630867132
2018-03-06T09:00:00.0;-0.11789329112187119
2018-03-06T10:00:00.0;-0.11062183679017071
2018-03-06T11:00:00.0;-0.10648962624785603
2018-03-06T12:00:00.0;-0.10720719116525804
2018-03-06T13:00:00.0;-0.11088139624960014
2018-03-06T14:00:00.0;-0.118249515901695
2018-03-06T15:00:00.0;-0.1313966867757799
2018-03-06T16:00:00.0;-0.1505490592968325
2018-03-06T17:00:00.0;-0.1661137092407855
2018-03-06T18:00:00.0;-0.17435233086856963
2018-03-06T19:00:00.0;-0.17767077286577018
2018-03-06T20:00:00.0;-0.17063357592956743
2018-03-06T21:00:00.0;-0.15065583348564704
2018-03-06T22:00:00.0;-0.13060553695556246
2018-03-06T23:00:00.0;-0.09079958735406013
2018-03-07T00:00:00.0;-0.07832499032819783
2018-03-07T01:00:00.0;-0.0767238707078816
2018-03-07T02:00:00.0;-0.07707106764083041
2018-03-07T03:00:00.0;-0.08083288671927281
2018-03-07T04:00:00.0;-0.09032799513127905
2018-03-07T05:00:00.0;-0.10320565828045007
2018-03-07T06:00:00.0;-0.12215926486590162
2018-03-07T07:00:00.0;-0.1323889619985719
2018-03-07T08:00:00.0;-0.1276760220964891
2018-03-07T09:00:00.0;-0.11772192816949226
2018-03-07T10:00:00.0;-0.1104773426213376
2018-03-07T11:00:00.0;-0.10636527577251692
2018-03-07T12:00:00.0;-0.10711531847721269
2018-03-07T13:00:00.0;-0.11078697189195119
2018-03-07T14:00:00.0;-0.11820388718893919
2018-03-07T15:00:00.0;-0.1314259289951032
2018-03-07T16:00:00.0;-0.15061692026839082
2018-03-07T17:00:00.0;-0.16600309549323836
2018-03-07T18:00:00.0;-0.17415737163656617
2018-03-07T19:00:00.0;-0.17742475772312158
2018-03-07T20:00:00.0;-0.1703916053226242
2018-03-07T21:00:00.0;-0.15032655369796266
2018-03-07T22:00:00.0;-0.13024041918042167
2018-03-07T23:00:00.0;-0.09013109029963362
2018-03-08T00:00:00.0;-0.07926762950238303
2018-03-08T01:00:00.0;-0.07666530040246047
2018-03-08T02:00:00.0;-0.07665397186059826
2018-03-08T03:00:00.0;-0.07937588574800938
2018-03-08T04:00:00.0;-0.08628033948129395
2018-03-08T05:00:00.0;-0.09822677103420908
2018-03-08T06:00:00.0;-0.11841267692335317
2018-03-08T07:00:00.0;-0.13089275883752152
2018-03-08T08:00:00.0;-0.13254740908383753
2018-03-08T09:00:00.0;-0.12417540034872883
2018-03-08T10:00:00.0;-0.11462719849441912
2018-03-08T11:00:00.0;-0.10898417078647327
2018-03-08T12:00:00.0;-0.11082391014706809
2018-03-08T13:00:00.0;-0.11505388336024908
2018-03-08T14:00:00.0;-0.12270003905436545
2018-03-08T15:00:00.0;-0.13577025686471808
2018-03-08T16:00:00.0;-0.15087656768013918
2018-03-08T17:00:00.0;-0.1725671777489075
2018-03-08T18:00:00.0;-0.18368737260781562
2018-03-08T19:00:00.0;-0.18940385059821238
2018-03-08T20:00:00.0;-0.18286278655154656
2018-03-08T21:00:00.0;-0.16606319156311014
2018-03-08T22:00:00.0;-0.14150009446689668
2018-03-08T23:00:00.0;-0.11314679503194147
2018-03-09T00:00:00.0;-0.07801783943366929
2018-03-09T01:00:00.0;-0.0764689617114065
2018-03-09T02:00:00.0;-0.07694707156017712
2018-03-09T03:00:00.0;-0.08082659463171396
2018-03-09T04:00:00.0;-0.09046448748457156
2018-03-09T05:00:00.0;-0.10357345820337302
2018-03-09T06:00:00.0;-0.12239155542692799
2018-03-09T07:00:00.0;-0.13209245034244008
2018-03-09T08:00:00.0;-0.12708096793645382
2018-03-09T09:00:00.0;-0.11686749387669701
2018-03-09T10:00:00.0;-0.10959592066952123
2018-03-09T11:00:00.0;-0.10572752236215853
2018-03-09T12:00:00.0;-0.1066067017775278
2018-03-09T13:00:00.0;-0.11040992853477248
2018-03-09T14:00:00.0;-0.11800512317270757
2018-03-09T15:00:00.0;-0.1312170932248582
2018-03-09T16:00:00.0;-0.15054496185878713
2018-03-09T17:00:00.0;-0.16572201002269335
2018-03-09T18:00:00.0;-0.17416752328941806
2018-03-09T19:00:00.0;-0.1772892329025257
2018-03-09T20:00:00.0;-0.16993366471527882
2018-03-09T21:00:00.0;-0.1496318261955848
2018-03-09T22:00:00.0;-0.12929794387508728
2018-03-09T23:00:00.0;-0.08857954449428423
2018-03-10T00:00:00.0;-0.07463324514446117
2018-03-10T01:00:00.0;-0.07301141316902517
2018-03-10T02:00:00.0;-0.07343234089559222
2018-03-10T03:00:00.0;-0.07670844139405769
2018-03-10T04:00:00.0;-0.08326363867813465
2018-03-10T05:00:00.0;-0.09254109622937008
2018-03-10T06:00:00.0;-0.1025402272647425
2018-03-10T07:00:00.0;-0.10902430571294736
2018-03-10T08:00:00.0;-0.10888847130093193
2018-03-10T09:00:00.0;-0.10300399417310996
2018-03-10T10:00:00.0;-0.09756327680728913
2018-03-10T11:00:00.0;-0.09501951454256409
2018-03-10T12:00:00.0;-0.09557022806566277
2018-03-10T13:00:00.0;-0.10076447456354323
2018-03-10T14:00:00.0;-0.108017499127787
2018-03-10T15:00:00.0;-0.12071482396546541
2018-03-10T16:00:00.0;-0.14057234644176952
2018-03-10T17:00:00.0;-0.15989924174276365
2018-03-10T18:00:00.0;-0.1711342333740701
2018-03-10T19:00:00.0;-0.17622427924787404
2018-03-10T20:00:00.0;-0.16832661089528897
2018-03-10T21:00:00.0;-0.15360411768966267
2018-03-10T22:00:00.0;-0.13020862631139848
2018-03-10T23:00:00.0;-0.09003314108430499
2018-03-11T00:00:00.0;-0.07383105321283584
2018-03-11T01:00:00.0;-0.0724685377915537
2018-03-11T02:00:00.0;-0.073043876082993
2018-03-11T03:00:00.0;-0.07670177440995041
2018-03-11T04:00:00.0;-0.08380125343744074
2018-03-11T05:00:00.0;-0.09312135691911787
2018-03-11T06:00:00.0;-0.10044925622141411
2018-03-11T07:00:00.0;-0.10600651019185346
2018-03-11T08:00:00.0;-0.10463469325877438
2018-03-11T09:00:00.0;-0.09940850638718418
2018-03-11T10:00:00.0;-0.09539838397778375
2018-03-11T11:00:00.0;-0.0942439018442064
2018-03-11T12:00:00.0;-0.0956328913988312
2018-03-11T13:00:00.0;-0.1019390400540144
2018-03-11T14:00:00.0;-0.10873203790288741
2018-03-11T15:00:00.0;-0.12074974127002461
2018-03-11T16:00:00.0;-0.14140401938808872
2018-03-11T17:00:00.0;-0.15913430078799756
2018-03-11T18:00:00.0;-0.17006886464423818
2018-03-11T19:00:00.0;-0.17465273203573964
2018-03-11T20:00:00.0;-0.1650395544092669
2018-03-11T21:00:00.0;-0.14767119704899445
2018-03-11T22:00:00.0;-0.1254551204245432
2018-03-11T23:00:00.0;-0.08299580836854427
2018-03-12T00:00:00.0;-0.07693066049943384
2018-03-12T01:00:00.0;-0.0755493689740798
2018-03-12T02:00:00.0;-0.07642492537949691
2018-03-12T03:00:00.0;-0.08066059098374603
2018-03-12T04:00:00.0;-0.0906766100585803
2018-03-12T05:00:00.0;-0.10425195617145519
2018-03-12T06:00:00.0;-0.12225999135560418
2018-03-12T07:00:00.0;-0.13016889276042282
2018-03-12T08:00:00.0;-0.12434565303386963
2018-03-12T09:00:00.0;-0.11355643508507586
2018-03-12T10:00:00.0;-0.10644087221167854
2018-03-12T11:00:00.0;-0.10337686858315802
2018-03-12T12:00:00.0;-0.10472988419664304
2018-03-12T13:00:00.0;-0.10904108890912381
2018-03-12T14:00:00.0;-0.11711486313954896
2018-03-12T15:00:00.0;-0.1303491885249108
2018-03-12T16:00:00.0;-0.15009401491116325
2018-03-12T17:00:00.0;-0.16460630426985326
2018-03-12T18:00:00.0;-0.1737874258714891
2018-03-12T19:00:00.0;-0.1765547026195666
2018-03-12T20:00:00.0;-0.1682300493139034
2018-03-12T21:00:00.0;-0.14726130368581564
2018-03-12T22:00:00.0;-0.12611339798470253
2018-03-12T23:00:00.0;-0.08339545251921225
2018-03-13T00:00:00.0;-0.07724666407617697
2018-03-13T01:00:00.0;-0.07521704355042368
2018-03-13T02:00:00.0;-0.07588942200706605
2018-03-13T03:00:00.0;-0.07955627259485308
2018-03-13T04:00:00.0;-0.08809147684381591
2018-03-13T05:00:00.0;-0.10046840973429147
2018-03-13T06:00:00.0;-0.12023415201262186
2018-03-13T07:00:00.0;-0.1296160009722481
2018-03-13T08:00:00.0;-0.12714432421316615
2018-03-13T09:00:00.0;-0.11728889526855031
2018-03-13T10:00:00.0;-0.10891512487607369
2018-03-13T11:00:00.0;-0.1044843690136975
2018-03-13T12:00:00.0;-0.1075553352260488
2018-03-13T13:00:00.0;-0.11216592897838687
2018-03-13T14:00:00.0;-0.12043433452603977
2018-03-13T15:00:00.0;-0.13432660487449088
2018-03-13T16:00:00.0;-0.15019963467445832
2018-03-13T17:00:00.0;-0.167736593716543
2018-03-13T18:00:00.0;-0.17719262398370106
2018-03-13T19:00:00.0;-0.18180084025528304
2018-03-13T20:00:00.0;-0.17497757597019659
2018-03-13T21:00:00.0;-0.1547382379421602
2018-03-13T22:00:00.0;-0.13135941800542467
2018-03-13T23:00:00.0;-0.09704694010675671
2018-03-14T00:00:00.0;-0.07728110383203136
2018-03-14T01:00:00.0;-0.07480984797210426
2018-03-14T02:00:00.0;-0.07556394712540085
2018-03-14T03:00:00.0;-0.07951096931204125
2018-03-14T04:00:00.0;-0.08805583926489022
2018-03-14T05:00:00.0;-0.10003197694473454
2018-03-14T06:00:00.0;-0.11406233239509034
2018-03-14T07:00:00.0;-0.12112314341608621
2018-03-14T08:00:00.0;-0.1184899799082223
2018-03-14T09:00:00.0;-0.11015785547984766
2018-03-14T10:00:00.0;-0.10405486793088194
2018-03-14T11:00:00.0;-0.10217162518154611
2018-03-14T12:00:00.0;-0.10318485504591043
2018-03-14T13:00:00.0;-0.10784331566896957
2018-03-14T14:00:00.0;-0.11551002506938128
2018-03-14T15:00:00.0;-0.12867277742326227
2018-03-14T16:00:00.0;-0.14820075258972046
2018-03-14T17:00:00.0;-0.16331877339372008
2018-03-14T18:00:00.0;-0.1738262387202536
2018-03-14T19:00:00.0;-0.17764418034268556
2018-03-14T20:00:00.0;-0.16904728243418535
2018-03-14T21:00:00.0;-0.15218602580392127
2018-03-14T22:00:00.0;-0.12921014755874116
2018-03-14T23:00:00.0;-0.08703995174757252
2018-03-15T00:00:00.0;-0.08031395022576762
2018-03-15T01:00:00.0;-0.07771538374472965
2018-03-15T02:00:00.0;-0.07719421822859715
2018-03-15T03:00:00.0;-0.07920510703446051
2018-03-15T04:00:00.0;-0.08501688589392026
2018-03-15T05:00:00.0;-0.09641190033570582
2018-03-15T06:00:00.0;-0.1145209479270737
2018-03-15T07:00:00.0;-0.12739267094811452
2018-03-15T08:00:00.0;-0.13156399700909135
2018-03-15T09:00:00.0;-0.12419679078217544
2018-03-15T10:00:00.0;-0.11476501256136752
2018-03-15T11:00:00.0;-0.10866395024567825
2018-03-15T12:00:00.0;-0.1064111774672112
2018-03-15T13:00:00.0;-0.10937515302414592
2018-03-15T14:00:00.0;-0.1165189084313212
2018-03-15T15:00:00.0;-0.1289568959536054
2018-03-15T16:00:00.0;-0.1475445711562729
2018-03-15T17:00:00.0;-0.17197267018452594
2018-03-15T18:00:00.0;-0.18482525577348746
2018-03-15T19:00:00.0;-0.1905793952236223
2018-03-15T20:00:00.0;-0.18418087300498373
2018-03-15T21:00:00.0;-0.17439406163123022
2018-03-15T22:00:00.0;-0.14881142499567473
2018-03-15T23:00:00.0;-0.11723096569551543
2018-03-16T00:00:00.0;-0.08233403781432584
2018-03-16T01:00:00.0;-0.07918835324059964
2018-03-16T02:00:00.0;-0.07835041414292762
2018-03-16T03:00:00.0;-0.08001251584939338
2018-03-16T04:00:00.0;-0.08562667149883002
2018-03-16T05:00:00.0;-0.09755266560343306
2018-03-16T06:00:00.0;-0.1187947235915863
2018-03-16T07:00:00.0;-0.13470121086572778
2018-03-16T08:00:00.0;-0.14060236378376972
2018-03-16T09:00:00.0;-0.13330837905708945
2018-03-16T10:00:00.0;-0.12273113139031439
2018-03-16T11:00:00.0;-0.11551582118402275
2018-03-16T12:00:00.0;-0.11464560475916513
2018-03-16T13:00:00.0;-0.11795943884347042
2018-03-16T14:00:00.0;-0.12477412049688064
2018-03-16T15:00:00.0;-0.13707533336263156
2018-03-16T16:00:00.0;-0.15288380420583386
2018-03-16T17:00:00.0;-0.17878585760711593
2018-03-16T18:00:00.0;-0.1913457871492046
2018-03-16T19:00:00.0;-0.19784879410918133
2018-03-16T20:00:00.0;-0.1915408383403073
2018-03-16T21:00:00.0;-0.17999381895914648
2018-03-16T22:00:00.0;-0.15390355220454238
2018-03-16T23:00:00.0;-0.12930541634420276
2018-03-17T00:00:00.0;-0.07873283276796587
2018-03-17T01:00:00.0;-0.07649400519550746
2018-03-17T02:00:00.0;-0.07586141554555577
2018-03-17T03:00:00.0;-0.07794091095225077
2018-03-17T04:00:00.0;-0.08333264384028097
2018-03-17T05:00:00.0;-0.09309264269066213
2018-03-17T06:00:00.0;-0.10837809393473714
2018-03-17T07:00:00.0;-0.12052132031580695
2018-03-17T08:00:00.0;-0.12328752053120068
2018-03-17T09:00:00.0;-0.11714901772714711
2018-03-17T10:00:00.0;-0.10886078656096916
2018-03-17T11:00:00.0;-0.1032791093302142
2018-03-17T12:00:00.0;-0.10074162500219597
2018-03-17T13:00:00.0;-0.10328123212226303
2018-03-17T14:00:00.0;-0.1101125965458451
2018-03-17T15:00:00.0;-0.12254759769014244
2018-03-17T16:00:00.0;-0.14187856383786832
2018-03-17T17:00:00.0;-0.16490809540278858
2018-03-17T18:00:00.0;-0.17662215854936839
2018-03-17T19:00:00.0;-0.18227748720109518
2018-03-17T20:00:00.0;-0.17716232283746638
2018-03-17T21:00:00.0;-0.16715061637504688
2018-03-17T22:00:00.0;-0.14445654272780892
2018-03-17T23:00:00.0;-0.1104688728769294
2018-03-18T00:00:00.0;-0.07404684872934744
2018-03-18T01:00:00.0;-0.07239022021230057
2018-03-18T02:00:00.0;-0.0726176749179106
2018-03-18T03:00:00.0;-0.07541486264078523
2018-03-18T04:00:00.0;-0.08068595384745393
2018-03-18T05:00:00.0;-0.08862792342129515
2018-03-18T06:00:00.0;-0.09950163165958495
2018-03-18T07:00:00.0;-0.10587071890479088
2018-03-18T08:00:00.0;-0.10665525020469509
2018-03-18T09:00:00.0;-0.10072487637968243
2018-03-18T10:00:00.0;-0.09407156877330598
2018-03-18T11:00:00.0;-0.09018694854492067
2018-03-18T12:00:00.0;-0.08888649208587854
2018-03-18T13:00:00.0;-0.09214000552847601
2018-03-18T14:00:00.0;-0.1000491021923532
2018-03-18T15:00:00.0;-0.11368175568308786
2018-03-18T16:00:00.0;-0.13356777640502668
2018-03-18T17:00:00.0;-0.15450045387173347
2018-03-18T18:00:00.0;-0.16610147944868578
2018-03-18T19:00:00.0;-0.17179799450511038
2018-03-18T20:00:00.0;-0.16709995121682691
2018-03-18T21:00:00.0;-0.1571342379828282
2018-03-18T22:00:00.0;-0.13355349319463994
2018-03-18T23:00:00.0;-0.09367399294984899
2018-03-19T00:00:00.0;-0.0794475060157572
2018-03-19T01:00:00.0;-0.07611643392662189
2018-03-19T02:00:00.0;-0.07675832773939252
2018-03-19T03:00:00.0;-0.08054651229808937
2018-03-19T04:00:00.0;-0.0889410917246538
2018-03-19T05:00:00.0;-0.10213241836845198
2018-03-19T06:00:00.0;-0.11862960893272177
2018-03-19T07:00:00.0;-0.12699097168161796
2018-03-19T08:00:00.0;-0.1248668840207101
2018-03-19T09:00:00.0;-0.11552810463017153
2018-03-19T10:00:00.0;-0.10770156459928841
2018-03-19T11:00:00.0;-0.10554091704888366
2018-03-19T12:00:00.0;-0.10489711365515184
2018-03-19T13:00:00.0;-0.10793720239105593
2018-03-19T14:00:00.0;-0.11606787536902186
2018-03-19T15:00:00.0;-0.1292709903351515
2018-03-19T16:00:00.0;-0.14894053439929722
2018-03-19T17:00:00.0;-0.1638692604858836
2018-03-19T18:00:00.0;-0.17580339909244658
2018-03-19T19:00:00.0;-0.1792918657532268
2018-03-19T20:00:00.0;-0.17151033456039347
2018-03-19T21:00:00.0;-0.15774727906257527
2018-03-19T22:00:00.0;-0.13454707710272545
2018-03-19T23:00:00.0;-0.09280275664569115
2018-03-20T00:00:00.0;-0.07784933534039948
2018-03-20T01:00:00.0;-0.07514374628117089
2018-03-20T02:00:00.0;-0.07598737569145714
2018-03-20T03:00:00.0;-0.08005089447661616
2018-03-20T04:00:00.0;-0.08889680539897055
2018-03-20T05:00:00.0;-0.101586912832432
2018-03-20T06:00:00.0;-0.11765803087384352
2018-03-20T07:00:00.0;-0.12481601088136313
2018-03-20T08:00:00.0;-0.1210813874858625
2018-03-20T09:00:00.0;-0.11149659405543262
2018-03-20T10:00:00.0;-0.10437998800825835
2018-03-20T11:00:00.0;-0.10225246540065576
2018-03-20T12:00:00.0;-0.10249058572507429
2018-03-20T13:00:00.0;-0.10592793480302506
2018-03-20T14:00:00.0;-0.11417974589123085
2018-03-20T15:00:00.0;-0.12780072091104216
2018-03-20T16:00:00.0;-0.14746087776598932
2018-03-20T17:00:00.0;-0.16145722736976223
2018-03-20T18:00:00.0;-0.17208980712603705
2018-03-20T19:00:00.0;-0.1754332130835322
2018-03-20T20:00:00.0;-0.16795064663246945
2018-03-20T21:00:00.0;-0.1520765256640309
2018-03-20T22:00:00.0;-0.12963439058647466
2018-03-20T23:00:00.0;-0.08635093469249851
2018-03-21T00:00:00.0;-0.07648434300931052
2018-03-21T01:00:00.0;-0.07451013018780019
2018-03-21T02:00:00.0;-0.07539863967034525
2018-03-21T03:00:00.0;-0.07944100903107645
2018-03-21T04:00:00.0;-0.0883963258729538
2018-03-21T05:00:00.0;-0.10051572172459834
2018-03-21T06:00:00.0;-0.11722330322069331
2018-03-21T07:00:00.0;-0.1245822586072137
2018-03-21T08:00:00.0;-0.12094960069587377
2018-03-21T09:00:00.0;-0.11154905936355537
2018-03-21T10:00:00.0;-0.1047373675853109
2018-03-21T11:00:00.0;-0.1017900744227859
2018-03-21T12:00:00.0;-0.104352859998768
2018-03-21T13:00:00.0;-0.10924040422454717
2018-03-21T14:00:00.0;-0.11733012848389202
2018-03-21T15:00:00.0;-0.13110845349952102
2018-03-21T16:00:00.0;-0.14889884925092542
2018-03-21T17:00:00.0;-0.16432598003714777
2018-03-21T18:00:00.0;-0.17365417872353928
2018-03-21T19:00:00.0;-0.17766358475925825
2018-03-21T20:00:00.0;-0.1699051955241101
2018-03-21T21:00:00.0;-0.15010749104714555
2018-03-21T22:00:00.0;-0.12723156500005725
2018-03-21T23:00:00.0;-0.08764895686253549
2018-03-22T00:00:00.0;-0.0805055691015139
2018-03-22T01:00:00.0;-0.0783609428317598
2018-03-22T02:00:00.0;-0.07784884351280212
2018-03-22T03:00:00.0;-0.080645526817803
2018-03-22T04:00:00.0;-0.08843138878417774
2018-03-22T05:00:00.0;-0.10087662595760152
2018-03-22T06:00:00.0;-0.12067369989457206
2018-03-22T07:00:00.0;-0.13532394658894584
2018-03-22T08:00:00.0;-0.13388569225514801
2018-03-22T09:00:00.0;-0.12560290824034925
2018-03-22T10:00:00.0;-0.11680545264669222
2018-03-22T11:00:00.0;-0.11138167012819163
2018-03-22T12:00:00.0;-0.1111915498152736
2018-03-22T13:00:00.0;-0.11413023841281969
2018-03-22T14:00:00.0;-0.12074696079561768
2018-03-22T15:00:00.0;-0.13275996858066724
2018-03-22T16:00:00.0;-0.1505849796613078
2018-03-22T17:00:00.0;-0.16959953321048948
2018-03-22T18:00:00.0;-0.17904021065078013
2018-03-22T19:00:00.0;-0.18324460954675778
2018-03-22T20:00:00.0;-0.17709251928311714
2018-03-22T21:00:00.0;-0.15879834833127088
2018-03-22T22:00:00.0;-0.13979713242855293
2018-03-22T23:00:00.0;-0.10721645023049028
2018-03-23T00:00:00.0;-0.07833653845703047
2018-03-23T01:00:00.0;-0.07541070940589485
2018-03-23T02:00:00.0;-0.07569187039105547
2018-03-23T03:00:00.0;-0.07878491074302388
2018-03-23T04:00:00.0;-0.08565439416346872
2018-03-23T05:00:00.0;-0.09734927603758663
2018-03-23T06:00:00.0;-0.11636277197454793
2018-03-23T07:00:00.0;-0.12773758037484673
2018-03-23T08:00:00.0;-0.12840970925883222
2018-03-23T09:00:00.0;-0.12027756970841383
2018-03-23T10:00:00.0;-0.11092089400059539
2018-03-23T11:00:00.0;-0.10638500872306977
2018-03-23T12:00:00.0;-0.10953610023692974
2018-03-23T13:00:00.0;-0.11403428573331646
2018-03-23T14:00:00.0;-0.12202020427656363
2018-03-23T15:00:00.0;-0.13522788432714292
2018-03-23T16:00:00.0;-0.1493077402321517
2018-03-23T17:00:00.0;-0.1691547121232333
2018-03-23T18:00:00.0;-0.1804122646448447
2018-03-23T19:00:00.0;-0.18608013621820327
2018-03-23T20:00:00.0;-0.17959313197429147
2018-03-23T21:00:00.0;-0.16130108865636394
2018-03-23T22:00:00.0;-0.13750506767419815
2018-03-23T23:00:00.0;-0.10909767689708408
2018-03-24T00:00:00.0;-0.07479314464834418
2018-03-24T01:00:00.0;-0.07367188352697396
2018-03-24T02:00:00.0;-0.07506618015978452
2018-03-24T03:00:00.0;-0.07975948648247828
2018-03-24T04:00:00.0;-0.09000182130354362
2018-03-24T05:00:00.0;-0.10311190070069745
2018-03-24T06:00:00.0;-0.11818519318040047
2018-03-24T07:00:00.0;-0.12289895636871746
2018-03-24T08:00:00.0;-0.11646906118684779
2018-03-24T09:00:00.0;-0.10591540146682306
2018-03-24T10:00:00.0;-0.10008842639959331
2018-03-24T11:00:00.0;-0.09839010268684494
2018-03-24T12:00:00.0;-0.1007304338522927
2018-03-24T13:00:00.0;-0.10621319235165994
2018-03-24T14:00:00.0;-0.11462278099729516
2018-03-24T15:00:00.0;-0.12810131851977474
2018-03-24T16:00:00.0;-0.14841075744071586
2018-03-24T17:00:00.0;-0.16194706145033494
2018-03-24T18:00:00.0;-0.17145806641800768
2018-03-24T19:00:00.0;-0.17416265672661801
2018-03-24T20:00:00.0;-0.1645834036051242
2018-03-24T21:00:00.0;-0.14298795371715678
2018-03-24T22:00:00.0;-0.12049300682753834
2018-03-24T23:00:00.0;-0.07448988858688646
2018-03-25T00:00:00.0;-0.07386427268905678
2018-03-25T01:00:00.0;-0.07271153669469761
2018-03-25T02:00:00.0;-0.07383285069337191
2018-03-25T03:00:00.0;-0.07821677634141497
2018-03-25T04:00:00.0;-0.08727634381260826
2018-03-25T05:00:00.0;-0.09821085114260492
2018-03-25T06:00:00.0;-0.10869890324788095
2018-03-25T07:00:00.0;-0.11295858255471798
2018-03-25T08:00:00.0;-0.10854152565807727
2018-03-25T09:00:00.0;-0.1007887299616899
2018-03-25T10:00:00.0;-0.09677553360263448
2018-03-25T11:00:00.0;-0.09572711398358498
2018-03-25T12:00:00.0;-0.09827221232936094
2018-03-25T13:00:00.0;-0.10472366463907858
2018-03-25T14:00:00.0;-0.1121999444335066
2018-03-25T15:00:00.0;-0.12524190561681306
2018-03-25T16:00:00.0;-0.14572778482582288
2018-03-25T17:00:00.0;-0.16037527790350273
2018-03-25T18:00:00.0;-0.16970460980013932
2018-03-25T19:00:00.0;-0.1733425788513215
2018-03-25T20:00:00.0;-0.16340357433241623
2018-03-25T21:00:00.0;-0.14290382011131597
2018-03-25T22:00:00.0;-0.12038864469263179
2018-03-25T23:00:00.0;-0.07488388377276696
2018-03-26T00:00:00.0;-0.07522599168842284
2018-03-26T01:00:00.0;-0.07415056933593964
2018-03-26T02:00:00.0;-0.07580820575682905
2018-03-26T03:00:00.0;-0.08075311796247663
2018-03-26T04:00:00.0;-0.0917004111786027
2018-03-26T05:00:00.0;-0.1067877383346859
2018-03-26T06:00:00.0;-0.124402536048215
2018-03-26T07:00:00.0;-0.12927656678791907
2018-03-26T08:00:00.0;-0.12154801195379045
2018-03-26T09:00:00.0;-0.10901998675596104
2018-03-26T10:00:00.0;-0.10160708357677772
2018-03-26T11:00:00.0;-0.09989517295537943
2018-03-26T12:00:00.0;-0.10198560048442863
2018-03-26T13:00:00.0;-0.10697753772643398
2018-03-26T14:00:00.0;-0.11616186881839619
2018-03-26T15:00:00.0;-0.12938880368435063
2018-03-26T16:00:00.0;-0.14990634559744642
2018-03-26T17:00:00.0;-0.16309871139044593
2018-03-26T18:00:00.0;-0.17395561067220405
2018-03-26T19:00:00.0;-0.1758042387657179
2018-03-26T20:00:00.0;-0.16565595181180093
2018-03-26T21:00:00.0;-0.14322155418705723
2018-03-26T22:00:00.0;-0.12063679989084881
2018-03-26T23:00:00.0;-0.07433306761712767
2018-03-27T00:00:00.0;-0.07639632588172794
2018-03-27T01:00:00.0;-0.07483458370538747
2018-03-27T02:00:00.0;-0.07586145564040864
2018-03-27T03:00:00.0;-0.08009667001877564
2018-03-27T04:00:00.0;-0.08991551059578258
2018-03-27T05:00:00.0;-0.10267957693259624
2018-03-27T06:00:00.0;-0.12158893752202794
2018-03-27T07:00:00.0;-0.1287971710604021
2018-03-27T08:00:00.0;-0.12367549562079355
2018-03-27T09:00:00.0;-0.11288757990910585
2018-03-27T10:00:00.0;-0.10581675671845311
2018-03-27T11:00:00.0;-0.10224579643978919
2018-03-27T12:00:00.0;-0.1049471943934908
2018-03-27T13:00:00.0;-0.10960505994260379
2018-03-27T14:00:00.0;-0.11799889868028729
2018-03-27T15:00:00.0;-0.1323105346195197
2018-03-27T16:00:00.0;-0.15021110800013773
2018-03-27T17:00:00.0;-0.16493836788478777
2018-03-27T18:00:00.0;-0.17320485404579458
2018-03-27T19:00:00.0;-0.17679723035041883
2018-03-27T20:00:00.0;-0.16942636014289064
2018-03-27T21:00:00.0;-0.14832679184557143
2018-03-27T22:00:00.0;-0.12559333110682086
2018-03-27T23:00:00.0;-0.0848767002488247
2018-03-28T00:00:00.0;-0.07638380446855779
2018-03-28T01:00:00.0;-0.07486301866565229
2018-03-28T02:00:00.0;-0.07590078171085472
2018-03-28T03:00:00.0;-0.08017192421181729
2018-03-28T04:00:00.0;-0.09009807775536799
2018-03-28T05:00:00.0;-0.10290217662229663
2018-03-28T06:00:00.0;-0.1217359560354848
2018-03-28T07:00:00.0;-0.12883736455243736
2018-03-28T08:00:00.0;-0.12349470965266034
2018-03-28T09:00:00.0;-0.11264624306226734
2018-03-28T10:00:00.0;-0.10569011436530662
2018-03-28T11:00:00.0;-0.10217857307001434
2018-03-28T12:00:00.0;-0.10477695728237886
2018-03-28T13:00:00.0;-0.10940740446704708
2018-03-28T14:00:00.0;-0.11778192080023696
2018-03-28T15:00:00.0;-0.132099496113404
2018-03-28T16:00:00.0;-0.15023331459406328
2018-03-28T17:00:00.0;-0.1647311058235778
2018-03-28T18:00:00.0;-0.17288788056057003
2018-03-28T19:00:00.0;-0.17637798600076315
2018-03-28T20:00:00.0;-0.16896527226006483
2018-03-28T21:00:00.0;-0.14783818679449182
2018-03-28T22:00:00.0;-0.12523258267750587
2018-03-28T23:00:00.0;-0.0839391148894419
2018-03-29T00:00:00.0;-0.07651082423289728
2018-03-29T01:00:00.0;-0.0748907418744064
2018-03-29T02:00:00.0;-0.07610543914796188
2018-03-29T03:00:00.0;-0.08070634186547819
2018-03-29T04:00:00.0;-0.0911534699806546
2018-03-29T05:00:00.0;-0.10481659501446366
2018-03-29T06:00:00.0;-0.1225678781047986
2018-03-29T07:00:00.0;-0.12883441163151807
2018-03-29T08:00:00.0;-0.12212924706473327
2018-03-29T09:00:00.0;-0.11084646605430866
2018-03-29T10:00:00.0;-0.10411762810039832
2018-03-29T11:00:00.0;-0.10176185388164272
2018-03-29T12:00:00.0;-0.10351294696570726
2018-03-29T13:00:00.0;-0.10784776239807663
2018-03-29T14:00:00.0;-0.11634116579534046
2018-03-29T15:00:00.0;-0.13020965597675632
2018-03-29T16:00:00.0;-0.14997375139342944
2018-03-29T17:00:00.0;-0.1626858132060985
2018-03-29T18:00:00.0;-0.17163327837238193
2018-03-29T19:00:00.0;-0.1741931045389508
2018-03-29T20:00:00.0;-0.16587879332088026
2018-03-29T21:00:00.0;-0.14502108462712993
2018-03-29T22:00:00.0;-0.1232819161791777
2018-03-29T23:00:00.0;-0.07822093762113418
2018-03-30T00:00:00.0;-0.07443346101298576
2018-03-30T01:00:00.0;-0.07263605365282584
2018-03-30T02:00:00.0;-0.07324359224144715
2018-03-30T03:00:00.0;-0.0766460766909732
2018-03-30T04:00:00.0;-0.08328686104387552
2018-03-30T05:00:00.0;-0.09295897969498966
2018-03-30T06:00:00.0;-0.10643808008515324
2018-03-30T07:00:00.0;-0.11358228980971677
2018-03-30T08:00:00.0;-0.11260927905262272
2018-03-30T09:00:00.0;-0.10548266093760297
2018-03-30T10:00:00.0;-0.09841484735085991
2018-03-30T11:00:00.0;-0.09505632438675975
2018-03-30T12:00:00.0;-0.0973229348641334
2018-03-30T13:00:00.0;-0.10213435660600778
2018-03-30T14:00:00.0;-0.11021351104057506
2018-03-30T15:00:00.0;-0.12367510760465357
2018-03-30T16:00:00.0;-0.1407192054168764
2018-03-30T17:00:00.0;-0.1597024584493844
2018-03-30T18:00:00.0;-0.17051976725942136
2018-03-30T19:00:00.0;-0.17587939426788943
2018-03-30T20:00:00.0;-0.16950432262988316
2018-03-30T21:00:00.0;-0.15252687333245624
2018-03-30T22:00:00.0;-0.12939778763887044
2018-03-30T23:00:00.0;-0.09333338942965064
2018-03-31T00:00:00.0;-0.07310682974455393
2018-03-31T01:00:00.0;-0.072108818155942
2018-03-31T02:00:00.0;-0.07366217211522735
2018-03-31T03:00:00.0;-0.07824782272196922
2018-03-31T04:00:00.0;-0.08731892098840914
2018-03-31T05:00:00.0;-0.1002735924028851
2018-03-31T06:00:00.0;-0.11388748718975335
2018-03-31T07:00:00.0;-0.11750086603932157
2018-03-31T08:00:00.0;-0.11137613608316235
2018-03-31T09:00:00.0;-0.10080369421836857
2018-03-31T10:00:00.0;-0.09357866308886283
2018-03-31T11:00:00.0;-0.09224397526984188
2018-03-31T12:00:00.0;-0.09356253834834825
2018-03-31T13:00:00.0;-0.09825853534034078
2018-03-31T14:00:00.0;-0.107562238243912
2018-03-31T15:00:00.0;-0.12054313399410442
2018-03-31T16:00:00.0;-0.14137281531188126
2018-03-31T17:00:00.0;-0.15646764934849164
2018-03-31T18:00:00.0;-0.16886900241217837
2018-03-31T19:00:00.0;-0.17151626785059496
2018-03-31T20:00:00.0;-0.16244061161515425
2018-03-31T21:00:00.0;-0.14324878484813441
2018-03-31T22:00:00.0;-0.12075186550145896
2018-03-31T23:00:00.0;-0.07472234649572058
2018-04-01T00:00:00.0;-0.07358478144581343
2018-04-01T01:00:00.0;-0.07245149449001309
2018-04-01T02:00:00.0;-0.07357958272444323
2018-04-01T03:00:00.0;-0.07792300115235316
2018-04-01T04:00:00.0;-0.08679350908457849
2018-04-01T05:00:00.0;-0.09746714097964403
2018-04-01T06:00:00.0;-0.10822073889517086
2018-04-01T07:00:00.0;-0.11230207047668504
2018-04-01T08:00:00.0;-0.10780179374765692
2018-04-01T09:00:00.0;-0.09992529838386925
2018-04-01T10:00:00.0;-0.09565713256819044
2018-04-01T11:00:00.0;-0.09437348356158233
2018-04-01T12:00:00.0;-0.09669662850265294
2018-04-01T13:00:00.0;-0.10275239068299129
2018-04-01T14:00:00.0;-0.11043772570010045
2018-04-01T15:00:00.0;-0.12374829707109951
2018-04-01T16:00:00.0;-0.14414104136584083
2018-04-01T17:00:00.0;-0.15887289343394131
2018-04-01T18:00:00.0;-0.16817257019137055
2018-04-01T19:00:00.0;-0.17189299380125825
2018-04-01T20:00:00.0;-0.16268396265265525
2018-04-01T21:00:00.0;-0.14285912540050955
2018-04-01T22:00:00.0;-0.12041678620806776
2018-04-01T23:00:00.0;-0.07484821422609436
2018-04-02T00:00:00.0;-0.07151529175235033
2018-04-02T01:00:00.0;-0.07042130372140452
2018-04-02T02:00:00.0;-0.07134673357720628
2018-04-02T03:00:00.0;-0.0752868868181029
2018-04-02T04:00:00.0;-0.0821088320456073
2018-04-02T05:00:00.0;-0.09034975669106629
2018-04-02T06:00:00.0;-0.09476534714869113
2018-04-02T07:00:00.0;-0.09766623306066588
2018-04-02T08:00:00.0;-0.09569889992000864
2018-04-02T09:00:00.0;-0.09104478750362895
2018-04-02T10:00:00.0;-0.08799780743191438
2018-04-02T11:00:00.0;-0.0878247368110273
2018-04-02T12:00:00.0;-0.08979044057068494
2018-04-02T13:00:00.0;-0.09660719109519089
2018-04-02T14:00:00.0;-0.10374391594957637
2018-04-02T15:00:00.0;-0.11607523373215622
2018-04-02T16:00:00.0;-0.13707611207484796
2018-04-02T17:00:00.0;-0.15409815536555369
2018-04-02T18:00:00.0;-0.16520475564769876
2018-04-02T19:00:00.0;-0.16989870180775646
2018-04-02T20:00:00.0;-0.1602464985823231
2018-04-02T21:00:00.0;-0.14296761045666662
2018-04-02T22:00:00.0;-0.12046270573177559
2018-04-02T23:00:00.0;-0.07547354441880233
2018-04-03T00:00:00.0;-0.07551306248613576
2018-04-03T01:00:00.0;-0.07336178956070483
2018-04-03T02:00:00.0;-0.07365236017194882
2018-04-03T03:00:00.0;-0.07655690358596903
2018-04-03T04:00:00.0;-0.08234857824524024
2018-04-03T05:00:00.0;-0.09190604229999254
2018-04-03T06:00:00.0;-0.10739029175698481
2018-04-03T07:00:00.0;-0.1164360529195768
2018-04-03T08:00:00.0;-0.11724449262911092
2018-04-03T09:00:00.0;-0.1102020709933432
2018-04-03T10:00:00.0;-0.10171455590115847
2018-04-03T11:00:00.0;-0.09714203436859117
2018-04-03T12:00:00.0;-0.09896676926584837
2018-04-03T13:00:00.0;-0.10303319092209146
2018-04-03T14:00:00.0;-0.1112004170711956
2018-04-03T15:00:00.0;-0.12471950437520993
2018-04-03T16:00:00.0;-0.14049898976556213
2018-04-03T17:00:00.0;-0.1615758158085554
2018-04-03T18:00:00.0;-0.17300961131662262
2018-04-03T19:00:00.0;-0.17902752085572193
2018-04-03T20:00:00.0;-0.1738785266389171
2018-04-03T21:00:00.0;-0.158614335116301
2018-04-03T22:00:00.0;-0.13497214712897546
2018-04-03T23:00:00.0;-0.10317145351986959
2018-04-04T00:00:00.0;-0.07659487877558288
2018-04-04T01:00:00.0;-0.07510321067558527
2018-04-04T02:00:00.0;-0.07596091197408747
2018-04-04T03:00:00.0;-0.07997661178671601
2018-04-04T04:00:00.0;-0.08948553935400938
2018-04-04T05:00:00.0;-0.10181191149059829
2018-04-04T06:00:00.0;-0.11950031213598987
2018-04-04T07:00:00.0;-0.12643197495464353
2018-04-04T08:00:00.0;-0.12204389111184993
2018-04-04T09:00:00.0;-0.11172316947377542
2018-04-04T10:00:00.0;-0.10511372184490289
2018-04-04T11:00:00.0;-0.10146943286150689
2018-04-04T12:00:00.0;-0.10253160038163293
2018-04-04T13:00:00.0;-0.10674159752245678
2018-04-04T14:00:00.0;-0.11488241732177046
2018-04-04T15:00:00.0;-0.1291106350958698
2018-04-04T16:00:00.0;-0.14866228472495083
2018-04-04T17:00:00.0;-0.1640491034000543
2018-04-04T18:00:00.0;-0.17258404254775897
2018-04-04T19:00:00.0;-0.17615666471750083
2018-04-04T20:00:00.0;-0.16889483009732995
2018-04-04T21:00:00.0;-0.1506031759642754
2018-04-04T22:00:00.0;-0.1275075402087034
2018-04-04T23:00:00.0;-0.08447717142885199
2018-04-05T00:00:00.0;-0.07607089700592012
2018-04-05T01:00:00.0;-0.07440724608922872
2018-04-05T02:00:00.0;-0.07487594190055692
2018-04-05T03:00:00.0;-0.07822342621590865
2018-04-05T04:00:00.0;-0.08578888605659245
2018-04-05T05:00:00.0;-0.09635038739573694
2018-04-05T06:00:00.0;-0.1115413983988714
2018-04-05T07:00:00.0;-0.11887516763663317
2018-04-05T08:00:00.0;-0.11730279750560306
2018-04-05T09:00:00.0;-0.10893486238985446
2018-04-05T10:00:00.0;-0.10207906981882263
2018-04-05T11:00:00.0;-0.0980641518377944
2018-04-05T12:00:00.0;-0.09783670651133343
2018-04-05T13:00:00.0;-0.10153721307494756
2018-04-05T14:00:00.0;-0.10946045541179535
2018-04-05T15:00:00.0;-0.12331567251451103
2018-04-05T16:00:00.0;-0.1429643986568461
2018-04-05T17:00:00.0;-0.16132047341947045
2018-04-05T18:00:00.0;-0.17134904946398583
2018-04-05T19:00:00.0;-0.1759391834824373
2018-04-05T20:00:00.0;-0.16976031323818944
2018-04-05T21:00:00.0;-0.15555281383505482
2018-04-05T22:00:00.0;-0.1320140322984978
2018-04-05T23:00:00.0;-0.09118042139302204
2018-04-06T00:00:00.0;-0.07520037610203507
2018-04-06T01:00:00.0;-0.07217749749396633
2018-04-06T02:00:00.0;-0.07303912006681225
2018-04-06T03:00:00.0;-0.07701921638798193
2018-04-06T04:00:00.0;-0.08392484166285184
2018-04-06T05:00:00.0;-0.09361675989248625
2018-04-06T06:00:00.0;-0.10250960710768876
2018-04-06T07:00:00.0;-0.10751990423351075
2018-04-06T08:00:00.0;-0.10560393552457095
2018-04-06T09:00:00.0;-0.09962305909855258
2018-04-06T10:00:00.0;-0.09437775125463285
2018-04-06T11:00:00.0;-0.09416014763673453
2018-04-06T12:00:00.0;-0.09547015404344175
2018-04-06T13:00:00.0;-0.10004919525189257
2018-04-06T14:00:00.0;-0.10786074180880102
2018-04-06T15:00:00.0;-0.12100497334631305
2018-04-06T16:00:00.0;-0.14008992124994243
2018-04-06T17:00:00.0;-0.1544142715832984
2018-04-06T18:00:00.0;-0.16604559597577967
2018-04-06T19:00:00.0;-0.17053271308381102
2018-04-06T20:00:00.0;-0.16289914044239265
2018-04-06T21:00:00.0;-0.14817064711194874
2018-04-06T22:00:00.0;-0.12607696830990214
2018-04-06T23:00:00.0;-0.08330063591097488
2018-04-07T00:00:00.0;-0.07097294939267944
2018-04-07T01:00:00.0;-0.07004729003743167
2018-04-07T02:00:00.0;-0.07146933704964098
2018-04-07T03:00:00.0;-0.0756715990048237
2018-04-07T04:00:00.0;-0.0828270620431846
2018-04-07T05:00:00.0;-0.09343640776054664
2018-04-07T06:00:00.0;-0.10301213191623333
2018-04-07T07:00:00.0;-0.10536561263761329
2018-04-07T08:00:00.0;-0.1009029689417647
2018-04-07T09:00:00.0;-0.09240262634635588
2018-04-07T10:00:00.0;-0.08549410157632087
2018-04-07T11:00:00.0;-0.08445252594781033
2018-04-07T12:00:00.0;-0.08501461711247935
2018-04-07T13:00:00.0;-0.08938731173351476
2018-04-07T14:00:00.0;-0.09875889810390268
2018-04-07T15:00:00.0;-0.11161466067754855
2018-04-07T16:00:00.0;-0.13268584339267225
2018-04-07T17:00:00.0;-0.1496446729430266
2018-04-07T18:00:00.0;-0.16331778275444359
2018-04-07T19:00:00.0;-0.16685438308010403
2018-04-07T20:00:00.0;-0.15906680179420482
2018-04-07T21:00:00.0;-0.143231363915374
2018-04-07T22:00:00.0;-0.12084921560391117
2018-04-07T23:00:00.0;-0.07510060889637366
2018-04-08T00:00:00.0;-0.07466340570759215
2018-04-08T01:00:00.0;-0.07352318315517727
2018-04-08T02:00:00.0;-0.07478960613989337
2018-04-08T03:00:00.0;-0.07935657601030724
2018-04-08T04:00:00.0;-0.08937872376685553
2018-04-08T05:00:00.0;-0.10138511488938226
2018-04-08T06:00:00.0;-0.1165164703471664
2018-04-08T07:00:00.0;-0.12119492456888468
2018-04-08T08:00:00.0;-0.11496704644059087
2018-04-08T09:00:00.0;-0.10487563673313284
2018-04-08T10:00:00.0;-0.09956874183695
2018-04-08T11:00:00.0;-0.09733723282803995
2018-04-08T12:00:00.0;-0.09968029835493931
2018-04-08T13:00:00.0;-0.10486192102459896
2018-04-08T14:00:00.0;-0.11310443744454445
2018-04-08T15:00:00.0;-0.1273094092333538
2018-04-08T16:00:00.0;-0.14721729449612592
2018-04-08T17:00:00.0;-0.1605400090567402
2018-04-08T18:00:00.0;-0.16863573080646893
2018-04-08T19:00:00.0;-0.17180178951001918
2018-04-08T20:00:00.0;-0.1635803642436066
2018-04-08T21:00:00.0;-0.14274573142535923
2018-04-08T22:00:00.0;-0.12041387045968235
2018-04-08T23:00:00.0;-0.07440721743640812
2018-04-09T00:00:00.0;-0.07495063022062451
2018-04-09T01:00:00.0;-0.0735550160748649
2018-04-09T02:00:00.0;-0.07458858359215217
2018-04-09T03:00:00.0;-0.0787984920080724
2018-04-09T04:00:00.0;-0.0878932514137296
2018-04-09T05:00:00.0;-0.09943392876199715
2018-04-09T06:00:00.0;-0.11398447964783424
2018-04-09T07:00:00.0;-0.11977127313181599
2018-04-09T08:00:00.0;-0.11539012139482949
2018-04-09T09:00:00.0;-0.10633996312986886
2018-04-09T10:00:00.0;-0.10060790407286109
2018-04-09T11:00:00.0;-0.09816218049801193
2018-04-09T12:00:00.0;-0.10071560479194917
2018-04-09T13:00:00.0;-0.10612846536312898
2018-04-09T14:00:00.0;-0.11412721160278401
2018-04-09T15:00:00.0;-0.12784068893327338
2018-04-09T16:00:00.0;-0.1467948416681193
2018-04-09T17:00:00.0;-0.16195161974510155
2018-04-09T18:00:00.0;-0.1709689424423432
2018-04-09T19:00:00.0;-0.17479220816850058
2018-04-09T20:00:00.0;-0.16651732645192985
2018-04-09T21:00:00.0;-0.1462718601840375
2018-04-09T22:00:00.0;-0.12358566032742337
2018-04-09T23:00:00.0;-0.08116134344032874
2018-04-10T00:00:00.0;-0.07408951185706585
2018-04-10T01:00:00.0;-0.07233970757049162
2018-04-10T02:00:00.0;-0.07298358276308509
2018-04-10T03:00:00.0;-0.07637373492675552
2018-04-10T04:00:00.0;-0.0828998335705178
2018-04-10T05:00:00.0;-0.09233075454315436
2018-04-10T06:00:00.0;-0.10645109169212548
2018-04-10T07:00:00.0;-0.113292231578322
2018-04-10T08:00:00.0;-0.11195761331396376
2018-04-10T09:00:00.0;-0.10445732744589416
2018-04-10T10:00:00.0;-0.09702630608247102
2018-04-10T11:00:00.0;-0.0933181014548997
2018-04-10T12:00:00.0;-0.0952684416337262
2018-04-10T13:00:00.0;-0.09947973215169305
2018-04-10T14:00:00.0;-0.10789139009538273
2018-04-10T15:00:00.0;-0.12180490819377954
2018-04-10T16:00:00.0;-0.13877865871177408
2018-04-10T17:00:00.0;-0.15764444852730722
2018-04-10T18:00:00.0;-0.16827908303406525
2018-04-10T19:00:00.0;-0.17366443845620327
2018-04-10T20:00:00.0;-0.16833139324032162
2018-04-10T21:00:00.0;-0.15216043731260626
2018-04-10T22:00:00.0;-0.12916566301845028
2018-04-10T23:00:00.0;-0.09268693286621452
2018-04-11T00:00:00.0;-0.0754685992483432
2018-04-11T01:00:00.0;-0.07372430790499938
2018-04-11T02:00:00.0;-0.07420393473012016
2018-04-11T03:00:00.0;-0.0775640754921565
2018-04-11T04:00:00.0;-0.08467793838426696
2018-04-11T05:00:00.0;-0.09485066318969616
2018-04-11T06:00:00.0;-0.10785683374762817
2018-04-11T07:00:00.0;-0.11519318152435985
2018-04-11T08:00:00.0;-0.1144395485467428
2018-04-11T09:00:00.0;-0.10732617323939195
2018-04-11T10:00:00.0;-0.10096973403365803
2018-04-11T11:00:00.0;-0.09776762111949715
2018-04-11T12:00:00.0;-0.09885114029570205
2018-04-11T13:00:00.0;-0.10374069728227861
2018-04-11T14:00:00.0;-0.11131775222599023
2018-04-11T15:00:00.0;-0.1244340461698496
2018-04-11T16:00:00.0;-0.14323746767658455
2018-04-11T17:00:00.0;-0.1621294526733406
2018-04-11T18:00:00.0;-0.17284310898864394
2018-04-11T19:00:00.0;-0.17779788386851395
2018-04-11T20:00:00.0;-0.17035903522674173
2018-04-11T21:00:00.0;-0.15441802076066238
2018-04-11T22:00:00.0;-0.13092502967988365
2018-04-11T23:00:00.0;-0.09229628456885684
2018-04-12T00:00:00.0;-0.07609954801032254
2018-04-12T01:00:00.0;-0.07389961294595619
2018-04-12T02:00:00.0;-0.07423397907043551
2018-04-12T03:00:00.0;-0.07724745651455515
2018-04-12T04:00:00.0;-0.08354430457819838
2018-04-12T05:00:00.0;-0.09378072808688151
2018-04-12T06:00:00.0;-0.11055440701852969
2018-04-12T07:00:00.0;-0.12006535800138705
2018-04-12T08:00:00.0;-0.12044155322760966
2018-04-12T09:00:00.0;-0.11281385447806451
2018-04-12T10:00:00.0;-0.10412313774218704
2018-04-12T11:00:00.0;-0.09944588920742539
2018-04-12T12:00:00.0;-0.10170564252400209
2018-04-12T13:00:00.0;-0.10591756869047618
2018-04-12T14:00:00.0;-0.11409622081837392
2018-04-12T15:00:00.0;-0.12764187845205704
2018-04-12T16:00:00.0;-0.14305510908232774
2018-04-12T17:00:00.0;-0.1636625045776693
2018-04-12T18:00:00.0;-0.17477322236540094
2018-04-12T19:00:00.0;-0.18059542269849857
2018-04-12T20:00:00.0;-0.17510238980921677
2018-04-12T21:00:00.0;-0.15860076376352222
2018-04-12T22:00:00.0;-0.1349404334672052
2018-04-12T23:00:00.0;-0.10363580481372837
2018-04-13T00:00:00.0;-0.07557713479088991
2018-04-13T01:00:00.0;-0.07442253164018525
2018-04-13T02:00:00.0;-0.075785605963094
2018-04-13T03:00:00.0;-0.08053355866140319
2018-04-13T04:00:00.0;-0.09147859957338586
2018-04-13T05:00:00.0;-0.10457330476434748
2018-04-13T06:00:00.0;-0.12273864540581762
2018-04-13T07:00:00.0;-0.12793431891827806
2018-04-13T08:00:00.0;-0.12049873983599993
2018-04-13T09:00:00.0;-0.10886716096292616
2018-04-13T10:00:00.0;-0.10293287349008697
2018-04-13T11:00:00.0;-0.10013009271124813
2018-04-13T12:00:00.0;-0.1025944910171392
2018-04-13T13:00:00.0;-0.10733540363900798
2018-04-13T14:00:00.0;-0.11587962699589324
2018-04-13T15:00:00.0;-0.13060117416050962
2018-04-13T16:00:00.0;-0.150203734610261
2018-04-13T17:00:00.0;-0.16246802078239786
2018-04-13T18:00:00.0;-0.16970844771293292
2018-04-13T19:00:00.0;-0.17243437444740714
2018-04-13T20:00:00.0;-0.16457454386065587
2018-04-13T21:00:00.0;-0.14268536549720032
2018-04-13T22:00:00.0;-0.12039820495699127
2018-04-13T23:00:00.0;-0.07410588435242284
2018-04-14T00:00:00.0;-0.07312494844948307
2018-04-14T01:00:00.0;-0.07203665236427062
2018-04-14T02:00:00.0;-0.07320958232421787
2018-04-14T03:00:00.0;-0.07750210883954178
2018-04-14T04:00:00.0;-0.0861405496384644
2018-04-14T05:00:00.0;-0.0964782798453549
2018-04-14T06:00:00.0;-0.10862009754707981
2018-04-14T07:00:00.0;-0.11239024805125748
2018-04-14T08:00:00.0;-0.10738436790806773
2018-04-14T09:00:00.0;-0.0988123992891136
2018-04-14T10:00:00.0;-0.09374604125245349
2018-04-14T11:00:00.0;-0.09176499502302675
2018-04-14T12:00:00.0;-0.09357213663408352
2018-04-14T13:00:00.0;-0.0985594368601558
2018-04-14T14:00:00.0;-0.10683798614299182
2018-04-14T15:00:00.0;-0.12090759105640071
2018-04-14T16:00:00.0;-0.14101195433216052
2018-04-14T17:00:00.0;-0.1557015445378828
2018-04-14T18:00:00.0;-0.16477227478847087
2018-04-14T19:00:00.0;-0.16857135236781642
2018-04-14T20:00:00.0;-0.16119421719894214
2018-04-14T21:00:00.0;-0.14274350240647157
2018-04-14T22:00:00.0;-0.12048503231409889
2018-04-14T23:00:00.0;-0.07469031602608335
2018-04-15T00:00:00.0;-0.07571798993920699
2018-04-15T01:00:00.0;-0.07398157202598543
2018-04-15T02:00:00.0;-0.07529294933075495
2018-04-15T03:00:00.0;-0.0799739034155864
2018-04-15T04:00:00.0;-0.09020237636437776
2018-04-15T05:00:00.0;-0.10270637988740391
2018-04-15T06:00:00.0;-0.11908042063405574
2018-04-15T07:00:00.0;-0.12401431073419344
2018-04-15T08:00:00.0;-0.1173507522987816
2018-04-15T09:00:00.0;-0.10669126683602585
2018-04-15T10:00:00.0;-0.1008792405079851
2018-04-15T11:00:00.0;-0.09882686190522505
2018-04-15T12:00:00.0;-0.10084107207044284
2018-04-15T13:00:00.0;-0.10522965939055229
2018-04-15T14:00:00.0;-0.11374097237980584
2018-04-15T15:00:00.0;-0.12831365256264574
2018-04-15T16:00:00.0;-0.1479475847255931
2018-04-15T17:00:00.0;-0.15981790382553057
2018-04-15T18:00:00.0;-0.16792271011004928
2018-04-15T19:00:00.0;-0.1708509863117166
2018-04-15T20:00:00.0;-0.16328151784503492
2018-04-15T21:00:00.0;-0.14332048347001933
2018-04-15T22:00:00.0;-0.1212568093416015
2018-04-15T23:00:00.0;-0.07477300543140686
2018-04-16T00:00:00.0;-0.07616431507622555
2018-04-16T01:00:00.0;-0.07339595935360813
2018-04-16T02:00:00.0;-0.0745439465839248
2018-04-16T03:00:00.0;-0.07897114997261359
2018-04-16T04:00:00.0;-0.08776305764027433
2018-04-16T05:00:00.0;-0.09925598794482181
2018-04-16T06:00:00.0;-0.11355494930420833
2018-04-16T07:00:00.0;-0.11865347250536577
2018-04-16T08:00:00.0;-0.11371167425390974
2018-04-16T09:00:00.0;-0.1045757503056069
2018-04-16T10:00:00.0;-0.09841110055047093
2018-04-16T11:00:00.0;-0.09712554988794628
2018-04-16T12:00:00.0;-0.09842993289981487
2018-04-16T13:00:00.0;-0.10200481913249798
2018-04-16T14:00:00.0;-0.11056157542703064
2018-04-16T15:00:00.0;-0.12497448123052397
2018-04-16T16:00:00.0;-0.14404720330007595
2018-04-16T17:00:00.0;-0.15594588288941075
2018-04-16T18:00:00.0;-0.16559941992166738
2018-04-16T19:00:00.0;-0.16909366220665922
2018-04-16T20:00:00.0;-0.16251374875493269
2018-04-16T21:00:00.0;-0.14599650497249464
2018-04-16T22:00:00.0;-0.12416958849245911
2018-04-16T23:00:00.0;-0.07901300402217354
2018-04-17T00:00:00.0;-0.07582895560682658
2018-04-17T01:00:00.0;-0.0724251001226306
2018-04-17T02:00:00.0;-0.07326087733269357
2018-04-17T03:00:00.0;-0.07712385771768764
2018-04-17T04:00:00.0;-0.08380649330715441
2018-04-17T05:00:00.0;-0.09361573997925077
2018-04-17T06:00:00.0;-0.10554351977640773
2018-04-17T07:00:00.0;-0.11123887533821962
2018-04-17T08:00:00.0;-0.10910716538941301
2018-04-17T09:00:00.0;-0.10206208677516865
2018-04-17T10:00:00.0;-0.09529044363674645
2018-04-17T11:00:00.0;-0.09406596446420488
2018-04-17T12:00:00.0;-0.09490081233509468
2018-04-17T13:00:00.0;-0.09798919314405888
2018-04-17T14:00:00.0;-0.10649992796764561
2018-04-17T15:00:00.0;-0.12054393229869075
2018-04-17T16:00:00.0;-0.138525601258063
2018-04-17T17:00:00.0;-0.15266762133325373
2018-04-17T18:00:00.0;-0.16414352216086117
2018-04-17T19:00:00.0;-0.1687760470130338
2018-04-17T20:00:00.0;-0.16341022949856138
2018-04-17T21:00:00.0;-0.1502740877984105
2018-04-17T22:00:00.0;-0.12830889668763432
2018-04-17T23:00:00.0;-0.08697999211280508
2018-04-18T00:00:00.0;-0.07495444674834995
2018-04-18T01:00:00.0;-0.07327420094520123
2018-04-18T02:00:00.0;-0.0745659905716603
2018-04-18T03:00:00.0;-0.07913152348575284
2018-04-18T04:00:00.0;-0.0887437974803716
2018-04-18T05:00:00.0;-0.10059286148718198
2018-04-18T06:00:00.0;-0.11581402817656884
2018-04-18T07:00:00.0;-0.12030111760901577
2018-04-18T08:00:00.0;-0.1140862349162177
2018-04-18T09:00:00.0;-0.10394898772619106
2018-04-18T10:00:00.0;-0.09807818192383426
2018-04-18T11:00:00.0;-0.09609212048393977
2018-04-18T12:00:00.0;-0.09781033633484434
2018-04-18T13:00:00.0;-0.10202756909322787
2018-04-18T14:00:00.0;-0.11065238940603656
2018-04-18T15:00:00.0;-0.12517078112059155
2018-04-18T16:00:00.0;-0.14490989257161507
2018-04-18T17:00:00.0;-0.15745506511396892
2018-04-18T18:00:00.0;-0.16612960253836917
2018-04-18T19:00:00.0;-0.16929570185818102
2018-04-18T20:00:00.0;-0.1621642130106472
2018-04-18T21:00:00.0;-0.14330960257881944
2018-04-18T22:00:00.0;-0.12127319820417613
2018-04-18T23:00:00.0;-0.0748681937512254
2018-04-19T00:00:00.0;-0.07564150537368444
2018-04-19T01:00:00.0;-0.07336902758529998
2018-04-19T02:00:00.0;-0.07459848423431358
2018-04-19T03:00:00.0;-0.07912999069110216
2018-04-19T04:00:00.0;-0.0884069311877014
2018-04-19T05:00:00.0;-0.10006467818205247
2018-04-19T06:00:00.0;-0.1146700630745117
2018-04-19T07:00:00.0;-0.11930964711253965
2018-04-19T08:00:00.0;-0.11359667758716406
2018-04-19T09:00:00.0;-0.10396070913793463
2018-04-19T10:00:00.0;-0.09810021612602539
2018-04-19T11:00:00.0;-0.0965817798720099
2018-04-19T12:00:00.0;-0.09793929180385674
2018-04-19T13:00:00.0;-0.10175693831786711
2018-04-19T14:00:00.0;-0.11032516326442697
2018-04-19T15:00:00.0;-0.12485120051252739
2018-04-19T16:00:00.0;-0.14448262228500391
2018-04-19T17:00:00.0;-0.1563502118825809
2018-04-19T18:00:00.0;-0.16540224252945945
2018-04-19T19:00:00.0;-0.16865800165623485
2018-04-19T20:00:00.0;-0.1618223591602983
2018-04-19T21:00:00.0;-0.1443788138701899
2018-04-19T22:00:00.0;-0.12250913330765048
2018-04-19T23:00:00.0;-0.07604228975583043
2018-04-20T00:00:00.0;-0.0765530626584735
2018-04-20T01:00:00.0;-0.07382511550262634
2018-04-20T02:00:00.0;-0.07510390761921644
2018-04-20T03:00:00.0;-0.07978703114445473
2018-04-20T04:00:00.0;-0.08939177992650847
2018-04-20T05:00:00.0;-0.1015972328682106
2018-04-20T06:00:00.0;-0.11665207842024812
2018-04-20T07:00:00.0;-0.12148929603907464
2018-04-20T08:00:00.0;-0.11544451681277547
2018-04-20T09:00:00.0;-0.10555752087280851
2018-04-20T10:00:00.0;-0.09965009858568881
2018-04-20T11:00:00.0;-0.09858632565523545
2018-04-20T12:00:00.0;-0.0999682967273491
2018-04-20T13:00:00.0;-0.1036061443902092
2018-04-20T14:00:00.0;-0.11218563168858586
2018-04-20T15:00:00.0;-0.12674139020113004
2018-04-20T16:00:00.0;-0.14627399608662284
2018-04-20T17:00:00.0;-0.15684765068624268
2018-04-20T18:00:00.0;-0.16591764003366444
2018-04-20T19:00:00.0;-0.1689108670394684
2018-04-20T20:00:00.0;-0.16185999125994532
2018-04-20T21:00:00.0;-0.14436453041784672
2018-04-20T22:00:00.0;-0.12268470556688825
2018-04-20T23:00:00.0;-0.07572899879432031
2018-04-21T00:00:00.0;-0.07635171921865895
2018-04-21T01:00:00.0;-0.07241689550382273
2018-04-21T02:00:00.0;-0.07353387785956271
2018-04-21T03:00:00.0;-0.07797847108023767
2018-04-21T04:00:00.0;-0.08558381013366766
2018-04-21T05:00:00.0;-0.09596373391710668
2018-04-21T06:00:00.0;-0.10558539792403895
2018-04-21T07:00:00.0;-0.10959689086201475
2018-04-21T08:00:00.0;-0.1058369405798084
2018-04-21T09:00:00.0;-0.0988385215556703
2018-04-21T10:00:00.0;-0.09354534273279204
2018-04-21T11:00:00.0;-0.09437451383467445
2018-04-21T12:00:00.0;-0.09475923681640785
2018-04-21T13:00:00.0;-0.09792342873920509
2018-04-21T14:00:00.0;-0.10625785253262374
2018-04-21T15:00:00.0;-0.1202047804119665
2018-04-21T16:00:00.0;-0.13997629956007684
2018-04-21T17:00:00.0;-0.15031179542419665
2018-04-21T18:00:00.0;-0.16166143481287915
2018-04-21T19:00:00.0;-0.16531767425702512
2018-04-21T20:00:00.0;-0.15864080680053794
2018-04-21T21:00:00.0;-0.14572519794307365
2018-04-21T22:00:00.0;-0.12448378442337327
2018-04-21T23:00:00.0;-0.07728981347954983
2018-04-22T00:00:00.0;-0.06987441642970654
2018-04-22T01:00:00.0;-0.06886615047312211
2018-04-22T02:00:00.0;-0.06974214639933321
2018-04-22T03:00:00.0;-0.07334670423830841
2018-04-22T04:00:00.0;-0.07877608246740467
2018-04-22T05:00:00.0;-0.08525320986376934
2018-04-22T06:00:00.0;-0.09042581307292255
2018-04-22T07:00:00.0;-0.09249858710669483
2018-04-22T08:00:00.0;-0.09054333773823217
2018-04-22T09:00:00.0;-0.08569528816068916
2018-04-22T10:00:00.0;-0.08129507101279598
2018-04-22T11:00:00.0;-0.07986539609375166
2018-04-22T12:00:00.0;-0.08044481751421757
2018-04-22T13:00:00.0;-0.08508269785331965
2018-04-22T14:00:00.0;-0.0932485975623623
2018-04-22T15:00:00.0;-0.1068657288859061
2018-04-22T16:00:00.0;-0.12739615870802812
2018-04-22T17:00:00.0;-0.14535944594742767
2018-04-22T18:00:00.0;-0.15657699888818455
2018-04-22T19:00:00.0;-0.16188244261501328
2018-04-22T20:00:00.0;-0.1562963023884061
2018-04-22T21:00:00.0;-0.14320192972464255
2018-04-22T22:00:00.0;-0.12123087943422119
2018-04-22T23:00:00.0;-0.07633707768257261
2018-04-23T00:00:00.0;-0.07336208369829304
2018-04-23T01:00:00.0;-0.0712170529018132
2018-04-23T02:00:00.0;-0.07191621264999434
2018-04-23T03:00:00.0;-0.0753545224733554
2018-04-23T04:00:00.0;-0.08115630503771745
2018-04-23T05:00:00.0;-0.08954352220799999
2018-04-23T06:00:00.0;-0.10072607699225451
2018-04-23T07:00:00.0;-0.10616118143356966
2018-04-23T08:00:00.0;-0.10498022190867831
2018-04-23T09:00:00.0;-0.09853823634779006
2018-04-23T10:00:00.0;-0.09171064065223979
2018-04-23T11:00:00.0;-0.08907837992919343
2018-04-23T12:00:00.0;-0.09023093268939193
2018-04-23T13:00:00.0;-0.09393556496050305
2018-04-23T14:00:00.0;-0.10243762569446917
2018-04-23T15:00:00.0;-0.1164084193695612
2018-04-23T16:00:00.0;-0.13416955647142617
2018-04-23T17:00:00.0;-0.15203964630179592
2018-04-23T18:00:00.0;-0.16338170215602252
2018-04-23T19:00:00.0;-0.1688222975294022
2018-04-23T20:00:00.0;-0.16405989299302318
2018-04-23T21:00:00.0;-0.1504311079747575
2018-04-23T22:00:00.0;-0.12792001044592669
2018-04-23T23:00:00.0;-0.08895329274814898
2018-04-24T00:00:00.0;-0.0769454718962372
2018-04-24T01:00:00.0;-0.07528990172155625
2018-04-24T02:00:00.0;-0.07542288237941176
2018-04-24T03:00:00.0;-0.07867887752044155
2018-04-24T04:00:00.0;-0.08628824353485574
2018-04-24T05:00:00.0;-0.09713270987808637
2018-04-24T06:00:00.0;-0.1128623958880053
2018-04-24T07:00:00.0;-0.12241121024377437
2018-04-24T08:00:00.0;-0.12001198578138965
2018-04-24T09:00:00.0;-0.11197387146609569
2018-04-24T10:00:00.0;-0.10479893164584095
2018-04-24T11:00:00.0;-0.10065147822641118
2018-04-24T12:00:00.0;-0.10039916436906265
2018-04-24T13:00:00.0;-0.10371273295390508
2018-04-24T14:00:00.0;-0.11111876754176074
2018-04-24T15:00:00.0;-0.1242003971723398
2018-04-24T16:00:00.0;-0.14358635094923006
2018-04-24T17:00:00.0;-0.1614154161100566
2018-04-24T18:00:00.0;-0.17097446269528827
2018-04-24T19:00:00.0;-0.17522092268242498
2018-04-24T20:00:00.0;-0.16930856095745123
2018-04-24T21:00:00.0;-0.1531434613209439
2018-04-24T22:00:00.0;-0.13250095528202904
2018-04-24T23:00:00.0;-0.09340312714951836
2018-04-25T00:00:00.0;-0.07495345361907911
2018-04-25T01:00:00.0;-0.07346769695289723
2018-04-25T02:00:00.0;-0.07392633358910701
2018-04-25T03:00:00.0;-0.07738320738865535
2018-04-25T04:00:00.0;-0.0846483195137493
2018-04-25T05:00:00.0;-0.09454536823096901
2018-04-25T06:00:00.0;-0.10835533742775079
2018-04-25T07:00:00.0;-0.11560567060878285
2018-04-25T08:00:00.0;-0.11294003963337779
2018-04-25T09:00:00.0;-0.10520120798033575
2018-04-25T10:00:00.0;-0.09853549869667187
2018-04-25T11:00:00.0;-0.09498355031829928
2018-04-25T12:00:00.0;-0.09529357308675881
2018-04-25T13:00:00.0;-0.09891974581087462
2018-04-25T14:00:00.0;-0.10680403050653506
2018-04-25T15:00:00.0;-0.12037755053337217
2018-04-25T16:00:00.0;-0.13968306112132536
2018-04-25T17:00:00.0;-0.15720845619431076
2018-04-25T18:00:00.0;-0.16700413338627876
2018-04-25T19:00:00.0;-0.17150029259411395
2018-04-25T20:00:00.0;-0.16588644687096366
2018-04-25T21:00:00.0;-0.15016080962453493
2018-04-25T22:00:00.0;-0.12881614071372025
2018-04-25T23:00:00.0;-0.08818336903734526
2018-04-26T00:00:00.0;-0.0741849841583169
2018-04-26T01:00:00.0;-0.07240577272319904
2018-04-26T02:00:00.0;-0.07264864062433758
2018-04-26T03:00:00.0;-0.07545017548909881
2018-04-26T04:00:00.0;-0.08068133406571745
2018-04-26T05:00:00.0;-0.08882385332478658
2018-04-26T06:00:00.0;-0.10054012824042828
2018-04-26T07:00:00.0;-0.10747306350607067
2018-04-26T08:00:00.0;-0.10837997456619027
2018-04-26T09:00:00.0;-0.10234453319331331
2018-04-26T10:00:00.0;-0.0952284629194644
2018-04-26T11:00:00.0;-0.09120500212319067
2018-04-26T12:00:00.0;-0.09073570986136209
2018-04-26T13:00:00.0;-0.09419470809061924
2018-04-26T14:00:00.0;-0.10219479026114778
2018-04-26T15:00:00.0;-0.115794437437433
2018-04-26T16:00:00.0;-0.1345491270273097
2018-04-26T17:00:00.0;-0.15565911048518158
2018-04-26T18:00:00.0;-0.1673259676338877
2018-04-26T19:00:00.0;-0.17319598682428305
2018-04-26T20:00:00.0;-0.16850723801788592
2018-04-26T21:00:00.0;-0.15734426103878088
2018-04-26T22:00:00.0;-0.13378079671049975
2018-04-26T23:00:00.0;-0.0961322257382793
2018-04-27T00:00:00.0;-0.07311776942139647
2018-04-27T01:00:00.0;-0.07204614888467135
2018-04-27T02:00:00.0;-0.07325598133065796
2018-04-27T03:00:00.0;-0.07756049831847206
2018-04-27T04:00:00.0;-0.08629579401481703
2018-04-27T05:00:00.0;-0.09667309421368477
2018-04-27T06:00:00.0;-0.11018362685325452
2018-04-27T07:00:00.0;-0.11392791678092237
2018-04-27T08:00:00.0;-0.10841136102564233
2018-04-27T09:00:00.0;-0.09917540418760828
2018-04-27T10:00:00.0;-0.09361513013577692
2018-04-27T11:00:00.0;-0.0911438837041851
2018-04-27T12:00:00.0;-0.09273792828148193
2018-04-27T13:00:00.0;-0.09710439017429434
2018-04-27T14:00:00.0;-0.10572305907078386
2018-04-27T15:00:00.0;-0.12030927420981595
2018-04-27T16:00:00.0;-0.14018489527001737
2018-04-27T17:00:00.0;-0.15459374933634654
2018-04-27T18:00:00.0;-0.16327937208887688
2018-04-27T19:00:00.0;-0.16703645803989473
2018-04-27T20:00:00.0;-0.1606762519045942
2018-04-27T21:00:00.0;-0.1426620369505919
2018-04-27T22:00:00.0;-0.12050906199256013
2018-04-27T23:00:00.0;-0.0745408493374415
2018-04-28T00:00:00.0;-0.07291680432324414
2018-04-28T01:00:00.0;-0.07135606396157963
2018-04-28T02:00:00.0;-0.07250370725128802
2018-04-28T03:00:00.0;-0.0766934124527456
2018-04-28T04:00:00.0;-0.08452831265893529
2018-04-28T05:00:00.0;-0.09404567474775767
2018-04-28T06:00:00.0;-0.10548284491181302
2018-04-28T07:00:00.0;-0.10881020886561654
2018-04-28T08:00:00.0;-0.10417991237164924
2018-04-28T09:00:00.0;-0.09605553076484609
2018-04-28T10:00:00.0;-0.09061995765317786
2018-04-28T11:00:00.0;-0.08881116936401036
2018-04-28T12:00:00.0;-0.08989128609275229
2018-04-28T13:00:00.0;-0.09387018432182008
2018-04-28T14:00:00.0;-0.10249021809897306
2018-04-28T15:00:00.0;-0.11695875621164133
2018-04-28T16:00:00.0;-0.13688482214227768
2018-04-28T17:00:00.0;-0.15121959561357967
2018-04-28T18:00:00.0;-0.16081960179042787
2018-04-28T19:00:00.0;-0.16488258679264498
2018-04-28T20:00:00.0;-0.1590245489246812
2018-04-28T21:00:00.0;-0.14320168685270207
2018-04-28T22:00:00.0;-0.1212644610513648
2018-04-28T23:00:00.0;-0.07516382517095975
2018-04-29T00:00:00.0;-0.0709574239647005
2018-04-29T01:00:00.0;-0.06987632947928318
2018-04-29T02:00:00.0;-0.070752681920437
2018-04-29T03:00:00.0;-0.07458639733358428
2018-04-29T04:00:00.0;-0.0808703631260282
2018-04-29T05:00:00.0;-0.08846651319135548
2018-04-29T06:00:00.0;-0.0913559706560968
2018-04-29T07:00:00.0;-0.09393556872880811
2018-04-29T08:00:00.0;-0.09258186955107899
2018-04-29T09:00:00.0;-0.08870551612149398
2018-04-29T10:00:00.0;-0.0859194417446962
2018-04-29T11:00:00.0;-0.08598310024633019
2018-04-29T12:00:00.0;-0.08782420414722739
2018-04-29T13:00:00.0;-0.09476502834878023
2018-04-29T14:00:00.0;-0.10179991320124093
2018-04-29T15:00:00.0;-0.11393244710945143
2018-04-29T16:00:00.0;-0.13506875573017754
2018-04-29T17:00:00.0;-0.15267157947321627
2018-04-29T18:00:00.0;-0.16422075911890585
2018-04-29T19:00:00.0;-0.1691691631273346
2018-04-29T20:00:00.0;-0.15952594277400928
2018-04-29T21:00:00.0;-0.1429872032110586
2018-04-29T22:00:00.0;-0.12047865220765361
2018-04-29T23:00:00.0;-0.07562257802246856
2018-04-30T00:00:00.0;-0.07608565406143092
2018-04-30T01:00:00.0;-0.07455759885779079
2018-04-30T02:00:00.0;-0.07528291988106332
2018-04-30T03:00:00.0;-0.07904475484238134
2018-04-30T04:00:00.0;-0.08768019640907145
2018-04-30T05:00:00.0;-0.09910896159160237
2018-04-30T06:00:00.0;-0.1154082958580995
2018-04-30T07:00:00.0;-0.12224035338625246
2018-04-30T08:00:00.0;-0.11892941521488933
2018-04-30T09:00:00.0;-0.10951211302363034
2018-04-30T10:00:00.0;-0.10288802148200475
2018-04-30T11:00:00.0;-0.09918774601781791
2018-04-30T12:00:00.0;-0.0997578334418653
2018-04-30T13:00:00.0;-0.10376892907631356
2018-04-30T14:00:00.0;-0.11185922992176596
2018-04-30T15:00:00.0;-0.12596221846615444
2018-04-30T16:00:00.0;-0.14558139365133788
2018-04-30T17:00:00.0;-0.16212185288582426
2018-04-30T18:00:00.0;-0.17129092974711618
2018-04-30T19:00:00.0;-0.1753023976812399
2018-04-30T20:00:00.0;-0.1685667032206274
2018-04-30T21:00:00.0;-0.15199774487961445
2018-04-30T22:00:00.0;-0.128796654317916
2018-04-30T23:00:00.0;-0.08643435122590194
2018-05-01T00:00:00.0;-0.07568552517783368
2018-05-01T01:00:00.0;-0.07270718606704568
2018-05-01T02:00:00.0;-0.07349223579719497
2018-05-01T03:00:00.0;-0.07725282891244768
2018-05-01T04:00:00.0;-0.08410218625587347
2018-05-01T05:00:00.0;-0.0941182064414604
2018-05-01T06:00:00.0;-0.10725040817457697
2018-05-01T07:00:00.0;-0.1135357838776868
2018-05-01T08:00:00.0;-0.11150939179593795
2018-05-01T09:00:00.0;-0.10409147769799836
2018-05-01T10:00:00.0;-0.09703525242867933
2018-05-01T11:00:00.0;-0.09504731866497008
2018-05-01T12:00:00.0;-0.09630920606866136
2018-05-01T13:00:00.0;-0.0997494136398445
2018-05-01T14:00:00.0;-0.10821732626859122
2018-05-01T15:00:00.0;-0.12222210874653418
2018-05-01T16:00:00.0;-0.13980480966662065
2018-05-01T17:00:00.0;-0.15511517988760712
2018-05-01T18:00:00.0;-0.16623688110098708
2018-05-01T19:00:00.0;-0.17099697411449813
2018-05-01T20:00:00.0;-0.16548361873019565
2018-05-01T21:00:00.0;-0.15108161599294945
2018-05-01T22:00:00.0;-0.1287905033997716
2018-05-01T23:00:00.0;-0.0890428793426046
2018-05-02T00:00:00.0;-0.07453802738945949
2018-05-02T01:00:00.0;-0.07196458948817094
2018-05-02T02:00:00.0;-0.07257195543464294
2018-05-02T03:00:00.0;-0.07593881003330347
2018-05-02T04:00:00.0;-0.08175204104539191
2018-05-02T05:00:00.0;-0.09066203528206503
2018-05-02T06:00:00.0;-0.10295930763401834
2018-05-02T07:00:00.0;-0.10948016495797526
2018-05-02T08:00:00.0;-0.10883148029442927
2018-05-02T09:00:00.0;-0.102283574364839
2018-05-02T10:00:00.0;-0.09494064927493104
2018-05-02T11:00:00.0;-0.09220998578539726
2018-05-02T12:00:00.0;-0.09350870873228506
2018-05-02T13:00:00.0;-0.09711153047441139
2018-05-02T14:00:00.0;-0.10554341725710287
2018-05-02T15:00:00.0;-0.11938185505209459
2018-05-02T16:00:00.0;-0.1364481441761643
2018-05-02T17:00:00.0;-0.15433649370238856
2018-05-02T18:00:00.0;-0.16593695842755238
2018-05-02T19:00:00.0;-0.17144061745173778
2018-05-02T20:00:00.0;-0.1665486883014579
2018-05-02T21:00:00.0;-0.15284037073631193
2018-05-02T22:00:00.0;-0.13019302505212424
2018-05-02T23:00:00.0;-0.09303300094466571
2018-05-03T00:00:00.0;-0.07806526553455058
2018-05-03T01:00:00.0;-0.07368709102820294
2018-05-03T02:00:00.0;-0.0749094786702553
2018-05-03T03:00:00.0;-0.07961527635988203
2018-05-03T04:00:00.0;-0.08827696103286575
2018-05-03T05:00:00.0;-0.10011061249063528
2018-05-03T06:00:00.0;-0.11288076007001596
2018-05-03T07:00:00.0;-0.1176403417013122
2018-05-03T08:00:00.0;-0.11265005223967763
2018-05-03T09:00:00.0;-0.10408812438718346
2018-05-03T10:00:00.0;-0.09813270155330611
2018-05-03T11:00:00.0;-0.09880703264970139
2018-05-03T12:00:00.0;-0.099241869935362
2018-05-03T13:00:00.0;-0.10181053484515788
2018-05-03T14:00:00.0;-0.11041152616796411
2018-05-03T15:00:00.0;-0.12482262904930538
2018-05-03T16:00:00.0;-0.14422720391664653
2018-05-03T17:00:00.0;-0.15261055138757607
2018-05-03T18:00:00.0;-0.16328668234917537
2018-05-03T19:00:00.0;-0.16634817852008227
2018-05-03T20:00:00.0;-0.15983284200579556
2018-05-03T21:00:00.0;-0.14611251285036497
2018-05-03T22:00:00.0;-0.12503597456439094
2018-05-03T23:00:00.0;-0.0773257993414649
2018-05-04T00:00:00.0;-0.07925370576668256
2018-05-04T01:00:00.0;-0.0739712516276012
2018-05-04T02:00:00.0;-0.07518629322806104
2018-05-04T03:00:00.0;-0.07997128611345725
2018-05-04T04:00:00.0;-0.08845694672700366
2018-05-04T05:00:00.0;-0.10049991184245564
2018-05-04T06:00:00.0;-0.11273815589268729
2018-05-04T07:00:00.0;-0.11767489006027923
2018-05-04T08:00:00.0;-0.11296472534127996
2018-05-04T09:00:00.0;-0.10475718885639958
2018-05-04T10:00:00.0;-0.09871936513323719
2018-05-04T11:00:00.0;-0.10028288596260844
2018-05-04T12:00:00.0;-0.10033730111526931
2018-05-04T13:00:00.0;-0.10238472776042482
2018-05-04T14:00:00.0;-0.11098610091910847
2018-05-04T15:00:00.0;-0.12533946473829297
2018-05-04T16:00:00.0;-0.1446336318959455
2018-05-04T17:00:00.0;-0.1515096270019976
2018-05-04T18:00:00.0;-0.1628355156935461
2018-05-04T19:00:00.0;-0.16577823610814724
2018-05-04T20:00:00.0;-0.15932590691295015
2018-05-04T21:00:00.0;-0.1470606119475203
2018-05-04T22:00:00.0;-0.1262898214599191
2018-05-04T23:00:00.0;-0.07812301706465614
2018-05-05T00:00:00.0;-0.07384085942414396
2018-05-05T01:00:00.0;-0.07087773207793645
2018-05-05T02:00:00.0;-0.0719567567813481
2018-05-05T03:00:00.0;-0.07609978870399138
2018-05-05T04:00:00.0;-0.08279739645778747
2018-05-05T05:00:00.0;-0.0915887915070278
2018-05-05T06:00:00.0;-0.10045886510320279
2018-05-05T07:00:00.0;-0.10349731973648034
2018-05-05T08:00:00.0;-0.10002531670130278
2018-05-05T09:00:00.0;-0.09335183372353448
2018-05-05T10:00:00.0;-0.08789404976453476
2018-05-05T11:00:00.0;-0.08759260829159062
2018-05-05T12:00:00.0;-0.08771193714003378
2018-05-05T13:00:00.0;-0.09067138502629632
2018-05-05T14:00:00.0;-0.09934671538891976
2018-05-05T15:00:00.0;-0.11370667881551615
2018-05-05T16:00:00.0;-0.13354856190482087
2018-05-05T17:00:00.0;-0.14630919061767214
2018-05-05T18:00:00.0;-0.15748259320642477
2018-05-05T19:00:00.0;-0.16175645927743024
2018-05-05T20:00:00.0;-0.15665714930518324
2018-05-05T21:00:00.0;-0.14469296056738526
2018-05-05T22:00:00.0;-0.12330121410262171
2018-05-05T23:00:00.0;-0.07658951988150123
2018-05-06T00:00:00.0;-0.07021388001618901
2018-05-06T01:00:00.0;-0.0688048611714481
2018-05-06T02:00:00.0;-0.06979274519701512
2018-05-06T03:00:00.0;-0.07350561911308107
2018-05-06T04:00:00.0;-0.07900510844779642
2018-05-06T05:00:00.0;-0.08561772787191133
2018-05-06T06:00:00.0;-0.09223089556197547
2018-05-06T07:00:00.0;-0.09399737232154315
2018-05-06T08:00:00.0;-0.09135502278967082
2018-05-06T09:00:00.0;-0.0857094611916894
2018-05-06T10:00:00.0;-0.08064034377655215
2018-05-06T11:00:00.0;-0.07908924926728371
2018-05-06T12:00:00.0;-0.07925207475741913
2018-05-06T13:00:00.0;-0.08282263961463956
2018-05-06T14:00:00.0;-0.09154752639153835
2018-05-06T15:00:00.0;-0.10591191200909836
2018-05-06T16:00:00.0;-0.12612080245087476
2018-05-06T17:00:00.0;-0.14282454049374455
2018-05-06T18:00:00.0;-0.15389576690385834
2018-05-06T19:00:00.0;-0.15906159213631724
2018-05-06T20:00:00.0;-0.1548688981198274
2018-05-06T21:00:00.0;-0.14310647126812712
2018-05-06T22:00:00.0;-0.12129864158209887
2018-05-06T23:00:00.0;-0.07556197127703607
2018-05-07T00:00:00.0;-0.07589653443548304
2018-05-07T01:00:00.0;-0.07295659619186322
2018-05-07T02:00:00.0;-0.07417242636963943
2018-05-07T03:00:00.0;-0.07870057391909333
2018-05-07T04:00:00.0;-0.08737842109564721
2018-05-07T05:00:00.0;-0.09855939021879355
2018-05-07T06:00:00.0;-0.11161807433239344
2018-05-07T07:00:00.0;-0.11592581645899479
2018-05-07T08:00:00.0;-0.11072047230500334
2018-05-07T09:00:00.0;-0.10188266161690376
2018-05-07T10:00:00.0;-0.09610172513965962
2018-05-07T11:00:00.0;-0.0954107820046837
2018-05-07T12:00:00.0;-0.09634338578216528
2018-05-07T13:00:00.0;-0.09969102196122157
2018-05-07T14:00:00.0;-0.10830023296267702
2018-05-07T15:00:00.0;-0.12278650184767306
2018-05-07T16:00:00.0;-0.14239783838775377
2018-05-07T17:00:00.0;-0.1534163632552379
2018-05-07T18:00:00.0;-0.16323741149731658
2018-05-07T19:00:00.0;-0.1666087327038201
2018-05-07T20:00:00.0;-0.16017159598141306
2018-05-07T21:00:00.0;-0.14461212911873894
2018-05-07T22:00:00.0;-0.12306853393045142
2018-05-07T23:00:00.0;-0.07611806221877236
2018-05-08T00:00:00.0;-0.076345158442792
2018-05-08T01:00:00.0;-0.07230897499194841
2018-05-08T02:00:00.0;-0.07345092906010489
2018-05-08T03:00:00.0;-0.0778909696372149
2018-05-08T04:00:00.0;-0.08541583512910214
2018-05-08T05:00:00.0;-0.09571159649701765
2018-05-08T06:00:00.0;-0.10613998256484825
2018-05-08T07:00:00.0;-0.11005669223698464
2018-05-08T08:00:00.0;-0.10601184325468417
2018-05-08T09:00:00.0;-0.0986286174818502
2018-05-08T10:00:00.0;-0.0929024732332273
2018-05-08T11:00:00.0;-0.09346387230072119
2018-05-08T12:00:00.0;-0.09355316828025269
2018-05-08T13:00:00.0;-0.09609066184626396
2018-05-08T14:00:00.0;-0.10473177528464316
2018-05-08T15:00:00.0;-0.11908868534720163
2018-05-08T16:00:00.0;-0.1386771630406511
2018-05-08T17:00:00.0;-0.148715216377439
2018-05-08T18:00:00.0;-0.15995916794789616
2018-05-08T19:00:00.0;-0.16361716825252787
2018-05-08T20:00:00.0;-0.1578918725238375
2018-05-08T21:00:00.0;-0.14578837444994375
2018-05-08T22:00:00.0;-0.12468391850588287
2018-05-08T23:00:00.0;-0.07729900528859543
2018-05-09T00:00:00.0;-0.07751969154172596
2018-05-09T01:00:00.0;-0.07391276764675302
2018-05-09T02:00:00.0;-0.07517207110334734
2018-05-09T03:00:00.0;-0.07989718151080616
2018-05-09T04:00:00.0;-0.08915225516991072
2018-05-09T05:00:00.0;-0.10134469751111358
2018-05-09T06:00:00.0;-0.11550516712375188
2018-05-09T07:00:00.0;-0.12039944485386847
2018-05-09T08:00:00.0;-0.11478297131368773
2018-05-09T09:00:00.0;-0.10543525230398354
2018-05-09T10:00:00.0;-0.09947713401976714
2018-05-09T11:00:00.0;-0.09931081439044102
2018-05-09T12:00:00.0;-0.10025038171621534
2018-05-09T13:00:00.0;-0.10334769766228924
2018-05-09T14:00:00.0;-0.11193353144213233
2018-05-09T15:00:00.0;-0.12642188418313116
2018-05-09T16:00:00.0;-0.1458682656186943
2018-05-09T17:00:00.0;-0.15513769974081568
2018-05-09T18:00:00.0;-0.16495999263603842
2018-05-09T19:00:00.0;-0.1679196194239469
2018-05-09T20:00:00.0;-0.16105076170213412
2018-05-09T21:00:00.0;-0.14529120894942402
2018-05-09T22:00:00.0;-0.12392159290254569
2018-05-09T23:00:00.0;-0.0765446743669618
2018-05-10T00:00:00.0;-0.07364321221756716
2018-05-10T01:00:00.0;-0.07171026559349866
2018-05-10T02:00:00.0;-0.07287337966339925
2018-05-10T03:00:00.0;-0.07714076762652884
2018-05-10T04:00:00.0;-0.08513396038581723
2018-05-10T05:00:00.0;-0.09501430506618899
2018-05-10T06:00:00.0;-0.1068043315484478
2018-05-10T07:00:00.0;-0.1103469944096089
2018-05-10T08:00:00.0;-0.10559913588203618
2018-05-10T09:00:00.0;-0.09732737037583089
2018-05-10T10:00:00.0;-0.0917831801205102
2018-05-10T11:00:00.0;-0.09026550414326781
2018-05-10T12:00:00.0;-0.09126357432100463
2018-05-10T13:00:00.0;-0.0950245778822634
2018-05-10T14:00:00.0;-0.10366283176369419
2018-05-10T15:00:00.0;-0.11815775778223696
2018-05-10T16:00:00.0;-0.1379960698802278
2018-05-10T17:00:00.0;-0.15148692472944186
2018-05-10T18:00:00.0;-0.1611797925857547
2018-05-10T19:00:00.0;-0.16508704419281825
2018-05-10T20:00:00.0;-0.15917535442712136
2018-05-10T21:00:00.0;-0.14358153380234662
2018-05-10T22:00:00.0;-0.12176165376579359
2018-05-10T23:00:00.0;-0.075431330831361
2018-05-11T00:00:00.0;-0.07531637893734382
2018-05-11T01:00:00.0;-0.07175610963375695
2018-05-11T02:00:00.0;-0.07287551776324844
2018-05-11T03:00:00.0;-0.0771990318518039
2018-05-11T04:00:00.0;-0.08443457148444264
2018-05-11T05:00:00.0;-0.0941571604731194
2018-05-11T06:00:00.0;-0.10405833820887554
2018-05-11T07:00:00.0;-0.1076355453243892
2018-05-11T08:00:00.0;-0.10377698617232593
2018-05-11T09:00:00.0;-0.0966239185457637
2018-05-11T10:00:00.0;-0.09100402451859327
2018-05-11T11:00:00.0;-0.09116834489444448
2018-05-11T12:00:00.0;-0.09130250968603618
2018-05-11T13:00:00.0;-0.0940418621571772
2018-05-11T14:00:00.0;-0.10269555555864976
2018-05-11T15:00:00.0;-0.11705872086496581
2018-05-11T16:00:00.0;-0.13675042391231776
2018-05-11T17:00:00.0;-0.14792605586741475
2018-05-11T18:00:00.0;-0.15908627434062433
2018-05-11T19:00:00.0;-0.1629818625070752
2018-05-11T20:00:00.0;-0.15748173539978905
2018-05-11T21:00:00.0;-0.14530032523100522
2018-05-11T22:00:00.0;-0.12406279801411461
2018-05-11T23:00:00.0;-0.07696663109764867
2018-05-12T00:00:00.0;-0.07057060033049846
2018-05-12T01:00:00.0;-0.06957472374023145
2018-05-12T02:00:00.0;-0.07060121297740606
2018-05-12T03:00:00.0;-0.07443639608801239
2018-05-12T04:00:00.0;-0.08081985895005227
2018-05-12T05:00:00.0;-0.0883339233322655
2018-05-12T06:00:00.0;-0.09621443845366766
2018-05-12T07:00:00.0;-0.09846917952319227
2018-05-12T08:00:00.0;-0.09524695898044719
2018-05-12T09:00:00.0;-0.08889531966449726
2018-05-12T10:00:00.0;-0.08402531052121065
2018-05-12T11:00:00.0;-0.08217531777740959
2018-05-12T12:00:00.0;-0.0829932225447672
2018-05-12T13:00:00.0;-0.0873314412538022
2018-05-12T14:00:00.0;-0.09582296044581493
2018-05-12T15:00:00.0;-0.10997984321206308
2018-05-12T16:00:00.0;-0.13026470449513872
2018-05-12T17:00:00.0;-0.14705695496863042
2018-05-12T18:00:00.0;-0.1574367979584854
2018-05-12T19:00:00.0;-0.16229722082930276
2018-05-12T20:00:00.0;-0.15692042365876868
2018-05-12T21:00:00.0;-0.14268068582481183
2018-05-12T22:00:00.0;-0.1206080500501522
2018-05-12T23:00:00.0;-0.07507799582377811
2018-05-13T00:00:00.0;-0.0703828152434271
2018-05-13T01:00:00.0;-0.06940347609344398
2018-05-13T02:00:00.0;-0.0704428948559955
2018-05-13T03:00:00.0;-0.07425428611140605
2018-05-13T04:00:00.0;-0.08053221943910022
2018-05-13T05:00:00.0;-0.08788761072254202
2018-05-13T06:00:00.0;-0.09622173210156576
2018-05-13T07:00:00.0;-0.0983520009291958
2018-05-13T08:00:00.0;-0.09496950826632856
2018-05-13T09:00:00.0;-0.08839761939267221
2018-05-13T10:00:00.0;-0.08325326953864018
2018-05-13T11:00:00.0;-0.08115070815864373
2018-05-13T12:00:00.0;-0.08177686988459332
2018-05-13T13:00:00.0;-0.08572692126818261
2018-05-13T14:00:00.0;-0.09442837783912564
2018-05-13T15:00:00.0;-0.10886409606811098
2018-05-13T16:00:00.0;-0.1290433760586416
2018-05-13T17:00:00.0;-0.14583711160493099
2018-05-13T18:00:00.0;-0.15612987431331263
2018-05-13T19:00:00.0;-0.16103366796478832
2018-05-13T20:00:00.0;-0.1563411295171584
2018-05-13T21:00:00.0;-0.1426360942798509
2018-05-13T22:00:00.0;-0.12063234132158833
2018-05-13T23:00:00.0;-0.07502455514130595
2018-05-14T00:00:00.0;-0.0768095386369224
2018-05-14T01:00:00.0;-0.07271834523562518
2018-05-14T02:00:00.0;-0.07384706304883686
2018-05-14T03:00:00.0;-0.07829745785362446
2018-05-14T04:00:00.0;-0.08603652605506021
2018-05-14T05:00:00.0;-0.0967138377078683
2018-05-14T06:00:00.0;-0.10795217695249888
2018-05-14T07:00:00.0;-0.11231727205745073
2018-05-14T08:00:00.0;-0.10823963248372491
2018-05-14T09:00:00.0;-0.10057849300416882
2018-05-14T10:00:00.0;-0.09466405656503465
2018-05-14T11:00:00.0;-0.09508213829515172
2018-05-14T12:00:00.0;-0.09534082942741684
2018-05-14T13:00:00.0;-0.09793210741648956
2018-05-14T14:00:00.0;-0.10654689715352189
2018-05-14T15:00:00.0;-0.1208806319808389
2018-05-14T16:00:00.0;-0.14022745945548504
2018-05-14T17:00:00.0;-0.15022371611512533
2018-05-14T18:00:00.0;-0.16135904796433564
2018-05-14T19:00:00.0;-0.16495876658566952
2018-05-14T20:00:00.0;-0.15905630079692584
2018-05-14T21:00:00.0;-0.14643307423206264
2018-05-14T22:00:00.0;-0.12524769980244194
2018-05-14T23:00:00.0;-0.07845711268543132
2018-05-15T00:00:00.0;-0.07742623614180005
2018-05-15T01:00:00.0;-0.07360739324536629
2018-05-15T02:00:00.0;-0.07484061585935503
2018-05-15T03:00:00.0;-0.0795152562292277
2018-05-15T04:00:00.0;-0.0883767999147699
2018-05-15T05:00:00.0;-0.1001912689780877
2018-05-15T06:00:00.0;-0.11348267503268783
2018-05-15T07:00:00.0;-0.1181913404190802
2018-05-15T08:00:00.0;-0.11294829418356392
2018-05-15T09:00:00.0;-0.10406791373990461
2018-05-15T10:00:00.0;-0.0981484806614004
2018-05-15T11:00:00.0;-0.0982559274599626
2018-05-15T12:00:00.0;-0.09896307217231483
2018-05-15T13:00:00.0;-0.10187140332257037
2018-05-15T14:00:00.0;-0.11046911414548148
2018-05-15T15:00:00.0;-0.12492167898340321
2018-05-15T16:00:00.0;-0.14438379829370568
2018-05-15T17:00:00.0;-0.15361749776517614
2018-05-15T18:00:00.0;-0.16383022056898125
2018-05-15T19:00:00.0;-0.1669234819995896
2018-05-15T20:00:00.0;-0.1603076410503173
2018-05-15T21:00:00.0;-0.14552347456054004
2018-05-15T22:00:00.0;-0.12425118802167615
2018-05-15T23:00:00.0;-0.07681192060659908
2018-05-16T00:00:00.0;-0.07604595138407966
2018-05-16T01:00:00.0;-0.07383103046152038
2018-05-16T02:00:00.0;-0.0749135443928416
2018-05-16T03:00:00.0;-0.07928971597353736
2018-05-16T04:00:00.0;-0.08847511663127285
2018-05-16T05:00:00.0;-0.10025993186213492
2018-05-16T06:00:00.0;-0.11562006688942739
2018-05-16T07:00:00.0;-0.12124793791409136
2018-05-16T08:00:00.0;-0.11591472537128607
2018-05-16T09:00:00.0;-0.10630782518354857
2018-05-16T10:00:00.0;-0.10010342336159726
2018-05-16T11:00:00.0;-0.09812148720326151
2018-05-16T12:00:00.0;-0.09954518850475776
2018-05-16T13:00:00.0;-0.10337765250069332
2018-05-16T14:00:00.0;-0.11179207276998482
2018-05-16T15:00:00.0;-0.12611387804479784
2018-05-16T16:00:00.0;-0.14536746469368658
2018-05-16T17:00:00.0;-0.15801301400690576
2018-05-16T18:00:00.0;-0.16702915943457758
2018-05-16T19:00:00.0;-0.1704084518340156
2018-05-16T20:00:00.0;-0.1636100547902676
2018-05-16T21:00:00.0;-0.14572187329377365
2018-05-16T22:00:00.0;-0.1240249819170015
2018-05-16T23:00:00.0;-0.07925037620467325
2018-05-17T00:00:00.0;-0.0746346532435554
2018-05-17T01:00:00.0;-0.07257170700512754
2018-05-17T02:00:00.0;-0.07290880597483348
2018-05-17T03:00:00.0;-0.07592744725815835
2018-05-17T04:00:00.0;-0.08155821437623013
2018-05-17T05:00:00.0;-0.0899610516718638
2018-05-17T06:00:00.0;-0.10099284152021183
2018-05-17T07:00:00.0;-0.10720724624054913
2018-05-17T08:00:00.0;-0.10738074604995862
2018-05-17T09:00:00.0;-0.10119502816309461
2018-05-17T10:00:00.0;-0.09460867596274634
2018-05-17T11:00:00.0;-0.09133123022364417
2018-05-17T12:00:00.0;-0.09018067386686975
2018-05-17T13:00:00.0;-0.09329873957532056
2018-05-17T14:00:00.0;-0.10128434374109874
2018-05-17T15:00:00.0;-0.11499679293941176
2018-05-17T16:00:00.0;-0.13481613896496278
2018-05-17T17:00:00.0;-0.15418003058314006
2018-05-17T18:00:00.0;-0.16575090415799507
2018-05-17T19:00:00.0;-0.1711397146101124
2018-05-17T20:00:00.0;-0.1662446041159539
2018-05-17T21:00:00.0;-0.15602361813531201
2018-05-17T22:00:00.0;-0.13275532581621757
2018-05-17T23:00:00.0;-0.09195509934128165
2018-05-18T00:00:00.0;-0.0763163486183201
2018-05-18T01:00:00.0;-0.0730349096085621
2018-05-18T02:00:00.0;-0.07424606643581437
2018-05-18T03:00:00.0;-0.07879874026883803
2018-05-18T04:00:00.0;-0.08738264737946533
2018-05-18T05:00:00.0;-0.09860937149339281
2018-05-18T06:00:00.0;-0.11140914600987092
2018-05-18T07:00:00.0;-0.11576608212304865
2018-05-18T08:00:00.0;-0.1106905223519886
2018-05-18T09:00:00.0;-0.1020165074950983
2018-05-18T10:00:00.0;-0.09620897389597219
2018-05-18T11:00:00.0;-0.09585893034325131
2018-05-18T12:00:00.0;-0.09663669811916298
2018-05-18T13:00:00.0;-0.09978227850187123
2018-05-18T14:00:00.0;-0.10839255269608883
2018-05-18T15:00:00.0;-0.12285528125582929
2018-05-18T16:00:00.0;-0.14242816657508767
2018-05-18T17:00:00.0;-0.15290219496174073
2018-05-18T18:00:00.0;-0.16298719142354876
2018-05-18T19:00:00.0;-0.16632624568765098
2018-05-18T20:00:00.0;-0.15993147838884403
2018-05-18T21:00:00.0;-0.14497096395320144
2018-05-18T22:00:00.0;-0.12354483613891
2018-05-18T23:00:00.0;-0.07642540067641078
2018-05-19T00:00:00.0;-0.07620496274198985
2018-05-19T01:00:00.0;-0.07446312454116769
2018-05-19T02:00:00.0;-0.07581200210871543
2018-05-19T03:00:00.0;-0.08058467157490161
2018-05-19T04:00:00.0;-0.09127908269089026
2018-05-19T05:00:00.0;-0.10434446967054216
2018-05-19T06:00:00.0;-0.1218763311016471
2018-05-19T07:00:00.0;-0.1270991552552648
2018-05-19T08:00:00.0;-0.11996458886126492
2018-05-19T09:00:00.0;-0.10871185677525604
2018-05-19T10:00:00.0;-0.10274650112995094
2018-05-19T11:00:00.0;-0.10054645752456519
2018-05-19T12:00:00.0;-0.10270837041852451
2018-05-19T13:00:00.0;-0.10708493144572313
2018-05-19T14:00:00.0;-0.11563396417540568
2018-05-19T15:00:00.0;-0.13030940322864262
2018-05-19T16:00:00.0;-0.1498563679574179
2018-05-19T17:00:00.0;-0.16126465467167161
2018-05-19T18:00:00.0;-0.16901919102224594
2018-05-19T19:00:00.0;-0.17173046903006037
2018-05-19T20:00:00.0;-0.16400375063603265
2018-05-19T21:00:00.0;-0.14330495636548185
2018-05-19T22:00:00.0;-0.12122628328439744
2018-05-19T23:00:00.0;-0.07465471283379081
2018-05-20T00:00:00.0;-0.07006825646513724
2018-05-20T01:00:00.0;-0.06872163521719737
2018-05-20T02:00:00.0;-0.06970585993631125
2018-05-20T03:00:00.0;-0.07340146296953355
2018-05-20T04:00:00.0;-0.07885284774143156
2018-05-20T05:00:00.0;-0.08537798912727033
2018-05-20T06:00:00.0;-0.09190054184121503
2018-05-20T07:00:00.0;-0.09361594857418627
2018-05-20T08:00:00.0;-0.0910069097054594
2018-05-20T09:00:00.0;-0.08540261924378449
2018-05-20T10:00:00.0;-0.08034910682551272
2018-05-20T11:00:00.0;-0.07874783863388671
2018-05-20T12:00:00.0;-0.0789124105181175
2018-05-20T13:00:00.0;-0.08250751177695732
2018-05-20T14:00:00.0;-0.0912343882483684
2018-05-20T15:00:00.0;-0.10559895141729529
2018-05-20T16:00:00.0;-0.1258225772374452
2018-05-20T17:00:00.0;-0.1426846314763108
2018-05-20T18:00:00.0;-0.1537517555036171
2018-05-20T19:00:00.0;-0.1589533929770276
2018-05-20T20:00:00.0;-0.15479709967310534
2018-05-20T21:00:00.0;-0.14304277357936804
2018-05-20T22:00:00.0;-0.12121823811439855
2018-05-20T23:00:00.0;-0.07552071510769243
2018-05-21T00:00:00.0;-0.06911093820143525
2018-05-21T01:00:00.0;-0.06817451405827228
2018-05-21T02:00:00.0;-0.06913468277219474
2018-05-21T03:00:00.0;-0.07271674832156177
2018-05-21T04:00:00.0;-0.07785189731827229
2018-05-21T05:00:00.0;-0.08380196466485224
2018-05-21T06:00:00.0;-0.08972882134626968
2018-05-21T07:00:00.0;-0.09110849756837655
2018-05-21T08:00:00.0;-0.08871844049191363
2018-05-21T09:00:00.0;-0.08338546337388811
2018-05-21T10:00:00.0;-0.0784345370304403
2018-05-21T11:00:00.0;-0.07650343082750934
2018-05-21T12:00:00.0;-0.07667948337507402
2018-05-21T13:00:00.0;-0.0804358850913339
2018-05-21T14:00:00.0;-0.08917584166470675
2018-05-21T15:00:00.0;-0.10354157204295548
2018-05-21T16:00:00.0;-0.12386206713141815
2018-05-21T17:00:00.0;-0.14176488012648766
2018-05-21T18:00:00.0;-0.15280503539799908
2018-05-21T19:00:00.0;-0.15824209984788007
2018-05-21T20:00:00.0;-0.15432510208853864
2018-05-21T21:00:00.0;-0.1426240297679153
2018-05-21T22:00:00.0;-0.12068967176961051
2018-05-21T23:00:00.0;-0.07524950015573034
2018-05-22T00:00:00.0;-0.07573115947474121
2018-05-22T01:00:00.0;-0.07325280714554173
2018-05-22T02:00:00.0;-0.07450128412708143
2018-05-22T03:00:00.0;-0.07907089546003755
2018-05-22T04:00:00.0;-0.0882564959572912
2018-05-22T05:00:00.0;-0.09983719628881846
2018-05-22T06:00:00.0;-0.11405047203383854
2018-05-22T07:00:00.0;-0.11853722607362666
2018-05-22T08:00:00.0;-0.11282377904241828
2018-05-22T09:00:00.0;-0.10334919755937914
2018-05-22T10:00:00.0;-0.09754152258927336
2018-05-22T11:00:00.0;-0.09631913237708055
2018-05-22T12:00:00.0;-0.0976158803641331
2018-05-22T13:00:00.0;-0.10130886228047471
2018-05-22T14:00:00.0;-0.10990389497673123
2018-05-22T15:00:00.0;-0.12444603929500228
2018-05-22T16:00:00.0;-0.14406436927693753
2018-05-22T17:00:00.0;-0.15547565281671408
2018-05-22T18:00:00.0;-0.16468251119969862
2018-05-22T19:00:00.0;-0.16792291180232152
2018-05-22T20:00:00.0;-0.16117097986536136
2018-05-22T21:00:00.0;-0.1441162209925249
2018-05-22T22:00:00.0;-0.12238609766187071
2018-05-22T23:00:00.0;-0.07561572780541395
2018-05-23T00:00:00.0;-0.0755513192660329
2018-05-23T01:00:00.0;-0.07365329159405486
2018-05-23T02:00:00.0;-0.07440273434780804
2018-05-23T03:00:00.0;-0.0781613505637787
2018-05-23T04:00:00.0;-0.08604869099138808
2018-05-23T05:00:00.0;-0.09705287483568936
2018-05-23T06:00:00.0;-0.11164259598729692
2018-05-23T07:00:00.0;-0.11891929559565949
2018-05-23T08:00:00.0;-0.116708230671962
2018-05-23T09:00:00.0;-0.10865874566442431
2018-05-23T10:00:00.0;-0.1019946693225194
2018-05-23T11:00:00.0;-0.09911399305622204
2018-05-23T12:00:00.0;-0.10172575053519556
2018-05-23T13:00:00.0;-0.10692856814845424
2018-05-23T14:00:00.0;-0.11483918149558074
2018-05-23T15:00:00.0;-0.12822037009842813
2018-05-23T16:00:00.0;-0.1457361176897177
2018-05-23T17:00:00.0;-0.16287057373473837
2018-05-23T18:00:00.0;-0.17301984867093334
2018-05-23T19:00:00.0;-0.17766042318212114
2018-05-23T20:00:00.0;-0.16999299570296134
2018-05-23T21:00:00.0;-0.1511072570246587
2018-05-23T22:00:00.0;-0.12807583550953733
2018-05-23T23:00:00.0;-0.09022403964643361
2018-05-24T00:00:00.0;-0.076238078655973
2018-05-24T01:00:00.0;-0.07353108969037513
2018-05-24T02:00:00.0;-0.07385376805433103
2018-05-24T03:00:00.0;-0.07689582414407506
2018-05-24T04:00:00.0;-0.08276215724718095
2018-05-24T05:00:00.0;-0.09239907142408582
2018-05-24T06:00:00.0;-0.10674548882551464
2018-05-24T07:00:00.0;-0.11521894954911953
2018-05-24T08:00:00.0;-0.11579422836824284
2018-05-24T09:00:00.0;-0.10896990636296014
2018-05-24T10:00:00.0;-0.10093624651591904
2018-05-24T11:00:00.0;-0.09727844077374297
2018-05-24T12:00:00.0;-0.0981402958359457
2018-05-24T13:00:00.0;-0.10165427288480848
2018-05-24T14:00:00.0;-0.10977212821382824
2018-05-24T15:00:00.0;-0.12332996651758056
2018-05-24T16:00:00.0;-0.1401370182559766
2018-05-24T17:00:00.0;-0.15951422754096814
2018-05-24T18:00:00.0;-0.17124357511039517
2018-05-24T19:00:00.0;-0.1768989297656996
2018-05-24T20:00:00.0;-0.17171055409957875
2018-05-24T21:00:00.0;-0.1583517505968953
2018-05-24T22:00:00.0;-0.1350123381056324
2018-05-24T23:00:00.0;-0.10032593042965779
2018-05-25T00:00:00.0;-0.07494838304992883
2018-05-25T01:00:00.0;-0.0732373676943045
2018-05-25T02:00:00.0;-0.07416642946808975
2018-05-25T03:00:00.0;-0.0781157633131486
2018-05-25T04:00:00.0;-0.08636864764343524
2018-05-25T05:00:00.0;-0.09731128828036083
2018-05-25T06:00:00.0;-0.11293771175958102
2018-05-25T07:00:00.0;-0.1191660172245747
2018-05-25T08:00:00.0;-0.11545830456715
2018-05-25T09:00:00.0;-0.10638437856356746
2018-05-25T10:00:00.0;-0.09953042177043642
2018-05-25T11:00:00.0;-0.09637668115306333
2018-05-25T12:00:00.0;-0.09845061642645472
2018-05-25T13:00:00.0;-0.10275961464795107
2018-05-25T14:00:00.0;-0.11122396101803518
2018-05-25T15:00:00.0;-0.12544696000005898
2018-05-25T16:00:00.0;-0.14344272729472793
2018-05-25T17:00:00.0;-0.1593440751539691
2018-05-25T18:00:00.0;-0.16876567683503982
2018-05-25T19:00:00.0;-0.17306335102909018
2018-05-25T20:00:00.0;-0.16673407853214545
2018-05-25T21:00:00.0;-0.14859482508963134
2018-05-25T22:00:00.0;-0.1259484662387843
2018-05-25T23:00:00.0;-0.08546081294051923
2018-05-26T00:00:00.0;-0.07305694726872251
2018-05-26T01:00:00.0;-0.07046641350117948
2018-05-26T02:00:00.0;-0.071529196275497
2018-05-26T03:00:00.0;-0.07558499321224128
2018-05-26T04:00:00.0;-0.08207646856056008
2018-05-26T05:00:00.0;-0.09044383204964146
2018-05-26T06:00:00.0;-0.09894422167117577
2018-05-26T07:00:00.0;-0.10173001996103911
2018-05-26T08:00:00.0;-0.09838605681327597
2018-05-26T09:00:00.0;-0.09187053196899124
2018-05-26T10:00:00.0;-0.0864925760445038
2018-05-26T11:00:00.0;-0.08587647856335666
2018-05-26T12:00:00.0;-0.08603922413089188
2018-05-26T13:00:00.0;-0.08916057408060468
2018-05-26T14:00:00.0;-0.09784507133832739
2018-05-26T15:00:00.0;-0.11221121965934595
2018-05-26T16:00:00.0;-0.1321315105011725
2018-05-26T17:00:00.0;-0.1457643806367746
2018-05-26T18:00:00.0;-0.15685844987677852
2018-05-26T19:00:00.0;-0.16130898185264797
2018-05-26T20:00:00.0;-0.15637217258957678
2018-05-26T21:00:00.0;-0.144310283400005
2018-05-26T22:00:00.0;-0.12281286977628468
2018-05-26T23:00:00.0;-0.07632465131471698
2018-05-27T00:00:00.0;-0.07070845744233305
2018-05-27T01:00:00.0;-0.06930464373552882
2018-05-27T02:00:00.0;-0.070325406738479
2018-05-27T03:00:00.0;-0.07413087764956723
2018-05-27T04:00:00.0;-0.080106257019632
2018-05-27T05:00:00.0;-0.08729330940702403
2018-05-27T06:00:00.0;-0.09491301661657392
2018-05-27T07:00:00.0;-0.09698464600661084
2018-05-27T08:00:00.0;-0.09392579226672139
2018-05-27T09:00:00.0;-0.08776016665517462
2018-05-27T10:00:00.0;-0.08261334412291817
2018-05-27T11:00:00.0;-0.08096899302739972
2018-05-27T12:00:00.0;-0.08132713873256235
2018-05-27T13:00:00.0;-0.0849907944406438
2018-05-27T14:00:00.0;-0.09369978921005456
2018-05-27T15:00:00.0;-0.10809450953149485
2018-05-27T16:00:00.0;-0.1282479418127188
2018-05-27T17:00:00.0;-0.14453234107906412
2018-05-27T18:00:00.0;-0.15527878623606817
2018-05-27T19:00:00.0;-0.16022763129540132
2018-05-27T20:00:00.0;-0.15571340871494405
2018-05-27T21:00:00.0;-0.14308742932216284
2018-05-27T22:00:00.0;-0.12124322652739919
2018-05-27T23:00:00.0;-0.07544897862303387
2018-05-28T00:00:00.0;-0.07889263349443386
2018-05-28T01:00:00.0;-0.0745366830957925
2018-05-28T02:00:00.0;-0.07580721985433725
2018-05-28T03:00:00.0;-0.08066712518369643
2018-05-28T04:00:00.0;-0.09012771475071621
2018-05-28T05:00:00.0;-0.10292730144805916
2018-05-28T06:00:00.0;-0.11715827472409729
2018-05-28T07:00:00.0;-0.12244335024450627
2018-05-28T08:00:00.0;-0.11683785523073693
2018-05-28T09:00:00.0;-0.10751456715446324
2018-05-28T10:00:00.0;-0.10153121205259891
2018-05-28T11:00:00.0;-0.10212427638524348
2018-05-28T12:00:00.0;-0.10294465086656128
2018-05-28T13:00:00.0;-0.10580632903475491
2018-05-28T14:00:00.0;-0.11430989183582617
2018-05-28T15:00:00.0;-0.12867488439100752
2018-05-28T16:00:00.0;-0.14802966829636038
2018-05-28T17:00:00.0;-0.15577650004504526
2018-05-28T18:00:00.0;-0.16595054575080745
2018-05-28T19:00:00.0;-0.1686537279166323
2018-05-28T20:00:00.0;-0.16138938444486098
2018-05-28T21:00:00.0;-0.14607690655793215
2018-05-28T22:00:00.0;-0.1249120900134428
2018-05-28T23:00:00.0;-0.0771466874715873
2018-05-29T00:00:00.0;-0.07787269476782134
2018-05-29T01:00:00.0;-0.07479112350401393
2018-05-29T02:00:00.0;-0.07517445398769744
2018-05-29T03:00:00.0;-0.07838939821761792
2018-05-29T04:00:00.0;-0.0851242455061681
2018-05-29T05:00:00.0;-0.09638804726129198
2018-05-29T06:00:00.0;-0.11436718224007532
2018-05-29T07:00:00.0;-0.12468323190742704
2018-05-29T08:00:00.0;-0.12481211066058631
2018-05-29T09:00:00.0;-0.11678451821463938
2018-05-29T10:00:00.0;-0.1076994301308495
2018-05-29T11:00:00.0;-0.10366455304836732
2018-05-29T12:00:00.0;-0.10625089207159423
2018-05-29T13:00:00.0;-0.11020955357608618
2018-05-29T14:00:00.0;-0.11841878475037025
2018-05-29T15:00:00.0;-0.13193969819092355
2018-05-29T16:00:00.0;-0.1466216668778188
2018-05-29T17:00:00.0;-0.16536003763489626
2018-05-29T18:00:00.0;-0.17667407825403927
2018-05-29T19:00:00.0;-0.1821878993427567
2018-05-29T20:00:00.0;-0.17634356963358952
2018-05-29T21:00:00.0;-0.15945011424910904
2018-05-29T22:00:00.0;-0.13604416644403927
2018-05-29T23:00:00.0;-0.10530930035827954
2018-05-30T00:00:00.0;-0.07941385100764696
2018-05-30T01:00:00.0;-0.0746705987120824
2018-05-30T02:00:00.0;-0.07594691531510396
2018-05-30T03:00:00.0;-0.08084591452858228
2018-05-30T04:00:00.0;-0.09025933296181406
2018-05-30T05:00:00.0;-0.10317487177991633
2018-05-30T06:00:00.0;-0.11746896082271444
2018-05-30T07:00:00.0;-0.12283055448103801
2018-05-30T08:00:00.0;-0.11723449251573982
2018-05-30T09:00:00.0;-0.10791808232709876
2018-05-30T10:00:00.0;-0.1017939343026291
2018-05-30T11:00:00.0;-0.10267453761616491
2018-05-30T12:00:00.0;-0.10329041885100543
2018-05-30T13:00:00.0;-0.10580474428537605
2018-05-30T14:00:00.0;-0.11437835817603974
2018-05-30T15:00:00.0;-0.1288181342943948
2018-05-30T16:00:00.0;-0.14808094401486185
2018-05-30T17:00:00.0;-0.1551141362291053
2018-05-30T18:00:00.0;-0.1654963346363585
2018-05-30T19:00:00.0;-0.1681327416114273
2018-05-30T20:00:00.0;-0.16108637227242037
2018-05-30T21:00:00.0;-0.1464717441188044
2018-05-30T22:00:00.0;-0.1254586702356367
2018-05-30T23:00:00.0;-0.07745982730923694
2018-05-31T00:00:00.0;-0.07856261854521601
2018-05-31T01:00:00.0;-0.07461556134874112
2018-05-31T02:00:00.0;-0.0759111264401476
2018-05-31T03:00:00.0;-0.08077661374141112
2018-05-31T04:00:00.0;-0.090529845363955
2018-05-31T05:00:00.0;-0.10348513490224029
2018-05-31T06:00:00.0;-0.11863811859474815
2018-05-31T07:00:00.0;-0.12396290040503534
2018-05-31T08:00:00.0;-0.11795871425313932
2018-05-31T09:00:00.0;-0.10812864951491616
2018-05-31T10:00:00.0;-0.10204662487298312
2018-05-31T11:00:00.0;-0.10211001473264476
2018-05-31T12:00:00.0;-0.10313601692753013
2018-05-31T13:00:00.0;-0.1061443437910795
2018-05-31T14:00:00.0;-0.11471143695541708
2018-05-31T15:00:00.0;-0.12921372816428187
2018-05-31T16:00:00.0;-0.14855191662885264
2018-05-31T17:00:00.0;-0.15674570471191146
2018-05-31T18:00:00.0;-0.1664308544662459
2018-05-31T19:00:00.0;-0.16908712272917908
2018-05-31T20:00:00.0;-0.16186027493362504
2018-05-31T21:00:00.0;-0.14563167979929936
2018-05-31T22:00:00.0;-0.12433593087290411
2018-05-31T23:00:00.0;-0.07671570526301613
2018-06-01T00:00:00.0;-0.07766254319331087
2018-06-01T01:00:00.0;-0.07455736599510544
2018-06-01T02:00:00.0;-0.07587328403440963
2018-06-01T03:00:00.0;-0.08070333654258079
2018-06-01T04:00:00.0;-0.0908158795042137
2018-06-01T05:00:00.0;-0.10381320062028328
2018-06-01T06:00:00.0;-0.11987436150081712
2018-06-01T07:00:00.0;-0.12516021923508752
2018-06-01T08:00:00.0;-0.11872449112833702
2018-06-01T09:00:00.0;-0.10835129884284848
2018-06-01T10:00:00.0;-0.10231381458210792
2018-06-01T11:00:00.0;-0.1015131000759929
2018-06-01T12:00:00.0;-0.102972755572095
2018-06-01T13:00:00.0;-0.10650342918560253
2018-06-01T14:00:00.0;-0.11506362747068954
2018-06-01T15:00:00.0;-0.12963202082505904
2018-06-01T16:00:00.0;-0.14904991319264066
2018-06-01T17:00:00.0;-0.15847089100488396
2018-06-01T18:00:00.0;-0.16741899613361855
2018-06-01T19:00:00.0;-0.17009626530576605
2018-06-01T20:00:00.0;-0.16267858337563962
2018-06-01T21:00:00.0;-0.14474341340748187
2018-06-01T22:00:00.0;-0.1231487698192439
2018-06-01T23:00:00.0;-0.07592888621866267
2018-06-02T00:00:00.0;-0.07517814857540986
2018-06-02T01:00:00.0;-0.07297542044785196
2018-06-02T02:00:00.0;-0.0742136431227353
2018-06-02T03:00:00.0;-0.07872371195665818
2018-06-02T04:00:00.0;-0.08778228813268041
2018-06-02T05:00:00.0;-0.09908017677086
2018-06-02T06:00:00.0;-0.1130737833148502
2018-06-02T07:00:00.0;-0.11739005189954396
2018-06-02T08:00:00.0;-0.11174907681533239
2018-06-02T09:00:00.0;-0.10236356958965671
2018-06-02T10:00:00.0;-0.09661075532012012
2018-06-02T11:00:00.0;-0.09515087429053355
2018-06-02T12:00:00.0;-0.09649009448968592
2018-06-02T13:00:00.0;-0.10030767294239412
2018-06-02T14:00:00.0;-0.10890863485189241
2018-06-02T15:00:00.0;-0.12345696302541641
2018-06-02T16:00:00.0;-0.1431302872146349
2018-06-02T17:00:00.0;-0.15516385836443047
2018-06-02T18:00:00.0;-0.16429481730926632
2018-06-02T19:00:00.0;-0.16765423531281173
2018-06-02T20:00:00.0;-0.16100529276334674
2018-06-02T21:00:00.0;-0.1438324091544728
2018-06-02T22:00:00.0;-0.12202226325472422
2018-06-02T23:00:00.0;-0.0754139804373556
2018-06-03T00:00:00.0;-0.07857538235394439
2018-06-03T01:00:00.0;-0.07423935740316988
2018-06-03T02:00:00.0;-0.07549912145868415
2018-06-03T03:00:00.0;-0.0803061749922859
2018-06-03T04:00:00.0;-0.089511641768096
2018-06-03T05:00:00.0;-0.10198475491033891
2018-06-03T06:00:00.0;-0.11591144138384411
2018-06-03T07:00:00.0;-0.1210080741961504
2018-06-03T08:00:00.0;-0.11553680293715966
2018-06-03T09:00:00.0;-0.10637411654132467
2018-06-03T10:00:00.0;-0.1003343618889743
2018-06-03T11:00:00.0;-0.10086784230149952
2018-06-03T12:00:00.0;-0.10153822866112433
2018-06-03T13:00:00.0;-0.10423279537467578
2018-06-03T14:00:00.0;-0.11281584799319255
2018-06-03T15:00:00.0;-0.1272634795289404
2018-06-03T16:00:00.0;-0.14660993684070073
2018-06-03T17:00:00.0;-0.15458081797217463
2018-06-03T18:00:00.0;-0.16486458505269475
2018-06-03T19:00:00.0;-0.16768613100790364
2018-06-03T20:00:00.0;-0.1608056390958206
2018-06-03T21:00:00.0;-0.14605299980572425
2018-06-03T22:00:00.0;-0.12492317266835946
2018-06-03T23:00:00.0;-0.07716637970315934
2018-06-04T00:00:00.0;-0.07844617812305517
2018-06-04T01:00:00.0;-0.07435157244673744
2018-06-04T02:00:00.0;-0.07560481803072167
2018-06-04T03:00:00.0;-0.08041818823695913
2018-06-04T04:00:00.0;-0.08980614762082194
2018-06-04T05:00:00.0;-0.10240785624580973
2018-06-04T06:00:00.0;-0.11617096513941436
2018-06-04T07:00:00.0;-0.12135257753627289
2018-06-04T08:00:00.0;-0.11590793411866185
2018-06-04T09:00:00.0;-0.10679487623350638
2018-06-04T10:00:00.0;-0.10101290914017738
2018-06-04T11:00:00.0;-0.10150920861209399
2018-06-04T12:00:00.0;-0.10247198750739708
2018-06-04T13:00:00.0;-0.10566271783544864
2018-06-04T14:00:00.0;-0.1140598701610003
2018-06-04T15:00:00.0;-0.12828137751131238
2018-06-04T16:00:00.0;-0.14774713187575741
2018-06-04T17:00:00.0;-0.15610734519289177
2018-06-04T18:00:00.0;-0.16625670576593812
2018-06-04T19:00:00.0;-0.16905545244142334
2018-06-04T20:00:00.0;-0.16152890383677307
2018-06-04T21:00:00.0;-0.1458226838758345
2018-06-04T22:00:00.0;-0.12454288335941725
2018-06-04T23:00:00.0;-0.07697856779956144
2018-06-05T00:00:00.0;-0.07931851248941978
2018-06-05T01:00:00.0;-0.07448413297532962
2018-06-05T02:00:00.0;-0.07574562280360726
2018-06-05T03:00:00.0;-0.08061268438110664
2018-06-05T04:00:00.0;-0.08980464866123954
2018-06-05T05:00:00.0;-0.10249433999466108
2018-06-05T06:00:00.0;-0.11630434917754172
2018-06-05T07:00:00.0;-0.12155245134856148
2018-06-05T08:00:00.0;-0.11616260134359672
2018-06-05T09:00:00.0;-0.10710412955395868
2018-06-05T10:00:00.0;-0.10100521562199528
2018-06-05T11:00:00.0;-0.10201323561860216
2018-06-05T12:00:00.0;-0.10250793015507942
2018-06-05T13:00:00.0;-0.1049310810979309
2018-06-05T14:00:00.0;-0.11351154997747864
2018-06-05T15:00:00.0;-0.12793263694504511
2018-06-05T16:00:00.0;-0.14720838393738636
2018-06-05T17:00:00.0;-0.15427328799121093
2018-06-05T18:00:00.0;-0.16485868686452687
2018-06-05T19:00:00.0;-0.16757649922369955
2018-06-05T20:00:00.0;-0.16067425509184008
2018-06-05T21:00:00.0;-0.14657311476559456
2018-06-05T22:00:00.0;-0.1256057006714965
2018-06-05T23:00:00.0;-0.07758666927975102
2018-06-06T00:00:00.0;-0.07900132363154949
2018-06-06T01:00:00.0;-0.07383729658070824
2018-06-06T02:00:00.0;-0.07504351441102185
2018-06-06T03:00:00.0;-0.07979894756369019
2018-06-06T04:00:00.0;-0.0882089688275683
2018-06-06T05:00:00.0;-0.10010824496081171
2018-06-06T06:00:00.0;-0.11210939086300592
2018-06-06T07:00:00.0;-0.11696674582641241
2018-06-06T08:00:00.0;-0.1123425889712067
2018-06-06T09:00:00.0;-0.1042447562546297
2018-06-06T10:00:00.0;-0.09827679458950069
2018-06-06T11:00:00.0;-0.09977957314404005
2018-06-06T12:00:00.0;-0.09986619077558206
2018-06-06T13:00:00.0;-0.10201812592732976
2018-06-06T14:00:00.0;-0.11059267631134671
2018-06-06T15:00:00.0;-0.12490587039711823
2018-06-06T16:00:00.0;-0.14424371317738338
2018-06-06T17:00:00.0;-0.15142415943550785
2018-06-06T18:00:00.0;-0.16275335472264438
2018-06-06T19:00:00.0;-0.1657581272595087
2018-06-06T20:00:00.0;-0.1592750962461763
2018-06-06T21:00:00.0;-0.1469436957647096
2018-06-06T22:00:00.0;-0.12613035590205002
2018-06-06T23:00:00.0;-0.07805042440568102
2018-06-07T00:00:00.0;-0.07994030950467089
2018-06-07T01:00:00.0;-0.07470463746044272
2018-06-07T02:00:00.0;-0.07596904952420813
2018-06-07T03:00:00.0;-0.08088877472232127
2018-06-07T04:00:00.0;-0.09009203018737479
2018-06-07T05:00:00.0;-0.10298298452905404
2018-06-07T06:00:00.0;-0.11674587627106219
2018-06-07T07:00:00.0;-0.12213023681275222
2018-06-07T08:00:00.0;-0.11678658585779286
2018-06-07T09:00:00.0;-0.10778785364091317
2018-06-07T10:00:00.0;-0.10163765372857676
2018-06-07T11:00:00.0;-0.10302367593255958
2018-06-07T12:00:00.0;-0.10338591122019714
2018-06-07T13:00:00.0;-0.10559471347328492
2018-06-07T14:00:00.0;-0.11417236021270925
2018-06-07T15:00:00.0;-0.12857347286127946
2018-06-07T16:00:00.0;-0.14778966337714636
2018-06-07T17:00:00.0;-0.15410506628739187
2018-06-07T18:00:00.0;-0.16491836571858887
2018-06-07T19:00:00.0;-0.16754248915864284
2018-06-07T20:00:00.0;-0.1606077396428598
2018-06-07T21:00:00.0;-0.14699129549703432
2018-06-07T22:00:00.0;-0.12615304657058737
2018-06-07T23:00:00.0;-0.07792004163534126
2018-06-08T00:00:00.0;-0.07675738148003766
2018-06-08T01:00:00.0;-0.07448085480108829
2018-06-08T02:00:00.0;-0.07581408803584228
2018-06-08T03:00:00.0;-0.08060517175703605
2018-06-08T04:00:00.0;-0.09105017786274704
2018-06-08T05:00:00.0;-0.1040645881368568
2018-06-08T06:00:00.0;-0.1209333386494333
2018-06-08T07:00:00.0;-0.12617036425377814
2018-06-08T08:00:00.0;-0.11934381483648315
2018-06-08T09:00:00.0;-0.10847964134422676
2018-06-08T10:00:00.0;-0.10250758972829344
2018-06-08T11:00:00.0;-0.10087609034136752
2018-06-08T12:00:00.0;-0.10276348088719864
2018-06-08T13:00:00.0;-0.10682750663068644
2018-06-08T14:00:00.0;-0.11536891474429944
2018-06-08T15:00:00.0;-0.12998349110867607
2018-06-08T16:00:00.0;-0.14948976151558957
2018-06-08T17:00:00.0;-0.16014540167453697
2018-06-08T18:00:00.0;-0.16839154216362912
2018-06-08T19:00:00.0;-0.17109973317204993
2018-06-08T20:00:00.0;-0.16347085051187743
2018-06-08T21:00:00.0;-0.1438715830192633
2018-06-08T22:00:00.0;-0.12198018619958026
2018-06-08T23:00:00.0;-0.07516319583369585
2018-06-09T00:00:00.0;-0.0751065642070967
2018-06-09T01:00:00.0;-0.07243742764641811
2018-06-09T02:00:00.0;-0.07362703137849255
2018-06-09T03:00:00.0;-0.07805090783444137
2018-06-09T04:00:00.0;-0.08637037305356828
2018-06-09T05:00:00.0;-0.09699033678647392
2018-06-09T06:00:00.0;-0.10933960930581237
2018-06-09T07:00:00.0;-0.11332925032283034
2018-06-09T08:00:00.0;-0.10839918508279539
2018-06-09T09:00:00.0;-0.09990369336575518
2018-06-09T10:00:00.0;-0.09421511223005281
2018-06-09T11:00:00.0;-0.09333418663753214
2018-06-09T12:00:00.0;-0.094213523412956
2018-06-09T13:00:00.0;-0.09763926279143752
2018-06-09T14:00:00.0;-0.10626211506810056
2018-06-09T15:00:00.0;-0.120739702197831
2018-06-09T16:00:00.0;-0.1404326618188312
2018-06-09T17:00:00.0;-0.15227311641529087
2018-06-09T18:00:00.0;-0.1621775054105009
2018-06-09T19:00:00.0;-0.1657728250651345
2018-06-09T20:00:00.0;-0.1595948492980161
2018-06-09T21:00:00.0;-0.14433996497362467
2018-06-09T22:00:00.0;-0.12273477271882285
2018-06-09T23:00:00.0;-0.0759731658998689
2018-06-10T00:00:00.0;-0.07448109179041973
2018-06-10T01:00:00.0;-0.07155136133751508
2018-06-10T02:00:00.0;-0.07267545899953025
2018-06-10T03:00:00.0;-0.07694252532617549
2018-06-10T04:00:00.0;-0.08429454539548129
2018-06-10T05:00:00.0;-0.09386359748980869
2018-06-10T06:00:00.0;-0.1041224382229949
2018-06-10T07:00:00.0;-0.1075720849936372
2018-06-10T08:00:00.0;-0.10352366725247114
2018-06-10T09:00:00.0;-0.09613031530597442
2018-06-10T10:00:00.0;-0.09056890830729662
2018-06-10T11:00:00.0;-0.09011437329251774
2018-06-10T12:00:00.0;-0.09051125481937924
2018-06-10T13:00:00.0;-0.0936128706354987
2018-06-10T14:00:00.0;-0.10226650719282153
2018-06-10T15:00:00.0;-0.1166695375825116
2018-06-10T16:00:00.0;-0.13643896528265426
2018-06-10T17:00:00.0;-0.14867128906652463
2018-06-10T18:00:00.0;-0.1593826733295319
2018-06-10T19:00:00.0;-0.16336395029507078
2018-06-10T20:00:00.0;-0.15782412173091231
2018-06-10T21:00:00.0;-0.1446394108350766
2018-06-10T22:00:00.0;-0.12318914701328605
2018-06-10T23:00:00.0;-0.07641217329760397
2018-06-11T00:00:00.0;-0.07532363121068507
2018-06-11T01:00:00.0;-0.07324582530457695
2018-06-11T02:00:00.0;-0.07446914436939821
2018-06-11T03:00:00.0;-0.07901278307193035
2018-06-11T04:00:00.0;-0.08831475559636345
2018-06-11T05:00:00.0;-0.09988449988642825
2018-06-11T06:00:00.0;-0.11338428286569338
2018-06-11T07:00:00.0;-0.11789550170010199
2018-06-11T08:00:00.0;-0.11240699027014647
2018-06-11T09:00:00.0;-0.10324187184628876
2018-06-11T10:00:00.0;-0.09791360276276459
2018-06-11T11:00:00.0;-0.09668247058728002
2018-06-11T12:00:00.0;-0.09839957570196864
2018-06-11T13:00:00.0;-0.10290736868314641
2018-06-11T14:00:00.0;-0.11118544725970726
2018-06-11T15:00:00.0;-0.12532028178990748
2018-06-11T16:00:00.0;-0.1451671765179776
2018-06-11T17:00:00.0;-0.1574013034170554
2018-06-11T18:00:00.0;-0.16652182329521814
2018-06-11T19:00:00.0;-0.16981045685559804
2018-06-11T20:00:00.0;-0.1620689310185773
2018-06-11T21:00:00.0;-0.14374160105691852
2018-06-11T22:00:00.0;-0.12177147851326933
2018-06-11T23:00:00.0;-0.07535123158007222
2018-06-12T00:00:00.0;-0.07551184813954932
2018-06-12T01:00:00.0;-0.07358984664383078
2018-06-12T02:00:00.0;-0.074632946294432
2018-06-12T03:00:00.0;-0.07887146682557501
2018-06-12T04:00:00.0;-0.08778433019391291
2018-06-12T05:00:00.0;-0.09933020032616119
2018-06-12T06:00:00.0;-0.11407408382485867
2018-06-12T07:00:00.0;-0.11986942810195474
2018-06-12T08:00:00.0;-0.11547830172333062
2018-06-12T09:00:00.0;-0.10639309329135502
2018-06-12T10:00:00.0;-0.10033397132810108
2018-06-12T11:00:00.0;-0.09816482186624922
2018-06-12T12:00:00.0;-0.10031504088246584
2018-06-12T13:00:00.0;-0.10503979805858821
2018-06-12T14:00:00.0;-0.11324376187887694
2018-06-12T15:00:00.0;-0.12719759974522815
2018-06-12T16:00:00.0;-0.1459735743061403
2018-06-12T17:00:00.0;-0.16020847208329786
2018-06-12T18:00:00.0;-0.16951163858951848
2018-06-12T19:00:00.0;-0.17329489716052862
2018-06-12T20:00:00.0;-0.1657111408354562
2018-06-12T21:00:00.0;-0.14681014890664934
2018-06-12T22:00:00.0;-0.1243711710073504
2018-06-12T23:00:00.0;-0.08160826548721276
2018-06-13T00:00:00.0;-0.07591788312461457
2018-06-13T01:00:00.0;-0.07310935587140308
2018-06-13T02:00:00.0;-0.07433896173722038
2018-06-13T03:00:00.0;-0.07889161299918844
2018-06-13T04:00:00.0;-0.08777882262802067
2018-06-13T05:00:00.0;-0.09915215204805124
2018-06-13T06:00:00.0;-0.11267648970252093
2018-06-13T07:00:00.0;-0.11707697979448958
2018-06-13T08:00:00.0;-0.11167036000875004
2018-06-13T09:00:00.0;-0.10258056786054566
2018-06-13T10:00:00.0;-0.09678134970132013
2018-06-13T11:00:00.0;-0.0959270779870104
2018-06-13T12:00:00.0;-0.0969897087223449
2018-06-13T13:00:00.0;-0.10044795787245593
2018-06-13T14:00:00.0;-0.10905096385819348
2018-06-13T15:00:00.0;-0.12355723468423824
2018-06-13T16:00:00.0;-0.14316290694754658
2018-06-13T17:00:00.0;-0.15423483554718603
2018-06-13T18:00:00.0;-0.16383721384426086
2018-06-13T19:00:00.0;-0.16714155743451137
2018-06-13T20:00:00.0;-0.1605709697681629
2018-06-13T21:00:00.0;-0.1444690928541546
2018-06-13T22:00:00.0;-0.12286767035688863
2018-06-13T23:00:00.0;-0.07596025616702169
2018-06-14T00:00:00.0;-0.07622361101688757
2018-06-14T01:00:00.0;-0.07378565008938381
2018-06-14T02:00:00.0;-0.07396438465363693
2018-06-14T03:00:00.0;-0.07669912579253714
2018-06-14T04:00:00.0;-0.08220008535001794
2018-06-14T05:00:00.0;-0.09206048152344429
2018-06-14T06:00:00.0;-0.10904631167357393
2018-06-14T07:00:00.0;-0.11955591173902017
2018-06-14T08:00:00.0;-0.12127238410773655
2018-06-14T09:00:00.0;-0.1142539914083025
2018-06-14T10:00:00.0;-0.10485353272169864
2018-06-14T11:00:00.0;-0.09980179636746436
2018-06-14T12:00:00.0;-0.1025192207683528
2018-06-14T13:00:00.0;-0.10676605092281773
2018-06-14T14:00:00.0;-0.11494356105642489
2018-06-14T15:00:00.0;-0.12828125044000588
2018-06-14T16:00:00.0;-0.142350687131454
2018-06-14T17:00:00.0;-0.16441946767527785
2018-06-14T18:00:00.0;-0.1762058808385103
2018-06-14T19:00:00.0;-0.18263990470796798
2018-06-14T20:00:00.0;-0.1775518630174013
2018-06-14T21:00:00.0;-0.16123985171959646
2018-06-14T22:00:00.0;-0.13737560301307675
2018-06-14T23:00:00.0;-0.10979734554980211
2018-06-15T00:00:00.0;-0.07962327160169286
2018-06-15T01:00:00.0;-0.0746841390290162
2018-06-15T02:00:00.0;-0.07595572011025027
2018-06-15T03:00:00.0;-0.08086296393947504
2018-06-15T04:00:00.0;-0.09019278137872315
2018-06-15T05:00:00.0;-0.10309854070673091
2018-06-15T06:00:00.0;-0.11718132410071555
2018-06-15T07:00:00.0;-0.12255197422648362
2018-06-15T08:00:00.0;-0.11705631915750812
2018-06-15T09:00:00.0;-0.10786627849265222
2018-06-15T10:00:00.0;-0.10173176725462647
2018-06-15T11:00:00.0;-0.10281342179039116
2018-06-15T12:00:00.0;-0.10332840488180563
2018-06-15T13:00:00.0;-0.10572119586193011
2018-06-15T14:00:00.0;-0.11429641398462334
2018-06-15T15:00:00.0;-0.1287208101122365
2018-06-15T16:00:00.0;-0.14796507512010704
2018-06-15T17:00:00.0;-0.1547127370156401
2018-06-15T18:00:00.0;-0.1652664236466345
2018-06-15T19:00:00.0;-0.1678979443387117
2018-06-15T20:00:00.0;-0.16089597639092362
2018-06-15T21:00:00.0;-0.1466784171212943
2018-06-15T22:00:00.0;-0.1257348870796592
2018-06-15T23:00:00.0;-0.07764289655041363
2018-06-16T00:00:00.0;-0.07195476229817374
2018-06-16T01:00:00.0;-0.07082505208446348
2018-06-16T02:00:00.0;-0.07194065241677455
2018-06-16T03:00:00.0;-0.0760157496435568
2018-06-16T04:00:00.0;-0.08354016817822853
2018-06-16T05:00:00.0;-0.09248906939568548
2018-06-16T06:00:00.0;-0.10307201793143055
2018-06-16T07:00:00.0;-0.10608148414813659
2018-06-16T08:00:00.0;-0.10176411481005382
2018-06-16T09:00:00.0;-0.0940364046665499
2018-06-16T10:00:00.0;-0.08882467241877942
2018-06-16T11:00:00.0;-0.08676970666698483
2018-06-16T12:00:00.0;-0.08793367132035203
2018-06-16T13:00:00.0;-0.09223976959507624
2018-06-16T14:00:00.0;-0.1007887957080357
2018-06-16T15:00:00.0;-0.11514400898779376
2018-06-16T16:00:00.0;-0.1352183412458575
2018-06-16T17:00:00.0;-0.15067761074879524
2018-06-16T18:00:00.0;-0.16029509850084683
2018-06-16T19:00:00.0;-0.16459898997765923
2018-06-16T20:00:00.0;-0.158728453590644
2018-06-16T21:00:00.0;-0.142773418093207
2018-06-16T22:00:00.0;-0.12069209910012495
2018-06-16T23:00:00.0;-0.07489979334744973
2018-06-17T00:00:00.0;-0.06973647243671946
2018-06-17T01:00:00.0;-0.06877894184608778
2018-06-17T02:00:00.0;-0.06977808729827087
2018-06-17T03:00:00.0;-0.07347293975661165
2018-06-17T04:00:00.0;-0.07917013264512567
2018-06-17T05:00:00.0;-0.08581136604404253
2018-06-17T06:00:00.0;-0.0929221630215955
2018-06-17T07:00:00.0;-0.09467099550331268
2018-06-17T08:00:00.0;-0.09179283901541763
2018-06-17T09:00:00.0;-0.08585054064065374
2018-06-17T10:00:00.0;-0.08080448479664525
2018-06-17T11:00:00.0;-0.07878905355321884
2018-06-17T12:00:00.0;-0.07918647867957815
2018-06-17T13:00:00.0;-0.08303812112475019
2018-06-17T14:00:00.0;-0.09175914263696283
2018-06-17T15:00:00.0;-0.10615929442171887
2018-06-17T16:00:00.0;-0.1264103371375236
2018-06-17T17:00:00.0;-0.1437676839508094
2018-06-17T18:00:00.0;-0.15444025680672638
2018-06-17T19:00:00.0;-0.15961504815152996
2018-06-17T20:00:00.0;-0.1553166241730152
2018-06-17T21:00:00.0;-0.1426299633330309
2018-06-17T22:00:00.0;-0.12066147552360713
2018-06-17T23:00:00.0;-0.0751388677573669
2018-06-18T00:00:00.0;-0.07559121889549276
2018-06-18T01:00:00.0;-0.07367944607139619
2018-06-18T02:00:00.0;-0.07418814706110662
2018-06-18T03:00:00.0;-0.07748349051369789
2018-06-18T04:00:00.0;-0.08443008703733057
2018-06-18T05:00:00.0;-0.09475686826538114
2018-06-18T06:00:00.0;-0.11070551652542326
2018-06-18T07:00:00.0;-0.118846866333649
2018-06-18T08:00:00.0;-0.11786170462735145
2018-06-18T09:00:00.0;-0.10981959813396007
2018-06-18T10:00:00.0;-0.10198942247473261
2018-06-18T11:00:00.0;-0.09780658936075488
2018-06-18T12:00:00.0;-0.09951418549716559
2018-06-18T13:00:00.0;-0.10366314023933323
2018-06-18T14:00:00.0;-0.11187170168545561
2018-06-18T15:00:00.0;-0.12565098855400406
2018-06-18T16:00:00.0;-0.14257882103625985
2018-06-18T17:00:00.0;-0.16171807911875316
2018-06-18T18:00:00.0;-0.1722168050649012
2018-06-18T19:00:00.0;-0.17746344717376947
2018-06-18T20:00:00.0;-0.17169549410672438
2018-06-18T21:00:00.0;-0.15532897076888902
2018-06-18T22:00:00.0;-0.13194809713254094
2018-06-18T23:00:00.0;-0.09644045165497961
2018-06-19T00:00:00.0;-0.07527026137767219
2018-06-19T01:00:00.0;-0.07410529239436273
2018-06-19T02:00:00.0;-0.07542913183388614
2018-06-19T03:00:00.0;-0.08008677334140657
2018-06-19T04:00:00.0;-0.09065713138449354
2018-06-19T05:00:00.0;-0.10334791175998016
2018-06-19T06:00:00.0;-0.12089296776959829
2018-06-19T07:00:00.0;-0.12598855350378482
2018-06-19T08:00:00.0;-0.11895102800408278
2018-06-19T09:00:00.0;-0.10770448073575949
2018-06-19T10:00:00.0;-0.10176154647499909
2018-06-19T11:00:00.0;-0.09896462719077691
2018-06-19T12:00:00.0;-0.1013208231181095
2018-06-19T13:00:00.0;-0.10600528103501382
2018-06-19T14:00:00.0;-0.11455309186106974
2018-06-19T15:00:00.0;-0.12923443923581696
2018-06-19T16:00:00.0;-0.1487813718234373
2018-06-19T17:00:00.0;-0.1614835442477537
2018-06-19T18:00:00.0;-0.16898520391742622
2018-06-19T19:00:00.0;-0.1719051515135871
2018-06-19T20:00:00.0;-0.16428443988460567
2018-06-19T21:00:00.0;-0.14298710136756013
2018-06-19T22:00:00.0;-0.1206913606711499
2018-06-19T23:00:00.0;-0.07474824916928445
2018-06-20T00:00:00.0;-0.07599027657772572
2018-06-20T01:00:00.0;-0.07354031166325033
2018-06-20T02:00:00.0;-0.07422272955405952
2018-06-20T03:00:00.0;-0.07782124847923502
2018-06-20T04:00:00.0;-0.08506366235844476
2018-06-20T05:00:00.0;-0.09574013868476475
2018-06-20T06:00:00.0;-0.11144101078863199
2018-06-20T07:00:00.0;-0.11912105036983113
2018-06-20T08:00:00.0;-0.11733462266693606
2018-06-20T09:00:00.0;-0.10915053685608786
2018-06-20T10:00:00.0;-0.10143936132259081
2018-06-20T11:00:00.0;-0.09818050915752281
2018-06-20T12:00:00.0;-0.10023556078087022
2018-06-20T13:00:00.0;-0.1042272708054737
2018-06-20T14:00:00.0;-0.11260091653016335
2018-06-20T15:00:00.0;-0.12650599670526722
2018-06-20T16:00:00.0;-0.14318528872553388
2018-06-20T17:00:00.0;-0.16024675550237977
2018-06-20T18:00:00.0;-0.17081010402395772
2018-06-20T19:00:00.0;-0.1757397300125206
2018-06-20T20:00:00.0;-0.16986382850149873
2018-06-20T21:00:00.0;-0.15317847761519499
2018-06-20T22:00:00.0;-0.1303151018123656
2018-06-20T23:00:00.0;-0.09371276030296052
2018-06-21T00:00:00.0;-0.07447621991626996
2018-06-21T01:00:00.0;-0.07181468002376894
2018-06-21T02:00:00.0;-0.07250044448267738
2018-06-21T03:00:00.0;-0.07599887525474276
2018-06-21T04:00:00.0;-0.08196886125749116
2018-06-21T05:00:00.0;-0.09089569059492696
2018-06-21T06:00:00.0;-0.10270213108609255
2018-06-21T07:00:00.0;-0.10869852206344288
2018-06-21T08:00:00.0;-0.10758654345163994
2018-06-21T09:00:00.0;-0.10100075788576192
2018-06-21T10:00:00.0;-0.09393848455640076
2018-06-21T11:00:00.0;-0.09161163873187433
2018-06-21T12:00:00.0;-0.09275527230742174
2018-06-21T13:00:00.0;-0.09625514647075832
2018-06-21T14:00:00.0;-0.1047299828194946
2018-06-21T15:00:00.0;-0.11865157159751336
2018-06-21T16:00:00.0;-0.1361136434552204
2018-06-21T17:00:00.0;-0.15312816822189007
2018-06-21T18:00:00.0;-0.16466349676981
2018-06-21T19:00:00.0;-0.16996407507029496
2018-06-21T20:00:00.0;-0.1650275801154702
2018-06-21T21:00:00.0;-0.1515467120238939
2018-06-21T22:00:00.0;-0.12910917874216682
2018-06-21T23:00:00.0;-0.09048535745856867
2018-06-22T00:00:00.0;-0.0772541378766663
2018-06-22T01:00:00.0;-0.07512953011665156
2018-06-22T02:00:00.0;-0.0748808769848809
2018-06-22T03:00:00.0;-0.07716806151368524
2018-06-22T04:00:00.0;-0.08252748616404096
2018-06-22T05:00:00.0;-0.09176376736688925
2018-06-22T06:00:00.0;-0.10585187408789731
2018-06-22T07:00:00.0;-0.11546301439208918
2018-06-22T08:00:00.0;-0.11831035108304526
2018-06-22T09:00:00.0;-0.11199179680700355
2018-06-22T10:00:00.0;-0.10423230445146807
2018-06-22T11:00:00.0;-0.09907831673808805
2018-06-22T12:00:00.0;-0.0968184443240708
2018-06-22T13:00:00.0;-0.09974518764121514
2018-06-22T14:00:00.0;-0.10711440256380095
2018-06-22T15:00:00.0;-0.12027071242306613
2018-06-22T16:00:00.0;-0.13987441746836124
2018-06-22T17:00:00.0;-0.16277586065372857
2018-06-22T18:00:00.0;-0.1747413323107955
2018-06-22T19:00:00.0;-0.18060643492769693
2018-06-22T20:00:00.0;-0.1754008786214258
2018-06-22T21:00:00.0;-0.16656277868871328
2018-06-22T22:00:00.0;-0.14191223361674316
2018-06-22T23:00:00.0;-0.10564598382149595
2018-06-23T00:00:00.0;-0.07056449644303167
2018-06-23T01:00:00.0;-0.06957902710147916
2018-06-23T02:00:00.0;-0.070629766332463
2018-06-23T03:00:00.0;-0.07447391560456745
2018-06-23T04:00:00.0;-0.08091508989132261
2018-06-23T05:00:00.0;-0.08847122458804456
2018-06-23T06:00:00.0;-0.09714921154808541
2018-06-23T07:00:00.0;-0.09938669873132962
2018-06-23T08:00:00.0;-0.09586244166678262
2018-06-23T09:00:00.0;-0.08911358051787022
2018-06-23T10:00:00.0;-0.08394160109409642
2018-06-23T11:00:00.0;-0.08181454820963904
2018-06-23T12:00:00.0;-0.08250500575411678
2018-06-23T13:00:00.0;-0.08648271901279452
2018-06-23T14:00:00.0;-0.09517867605320487
2018-06-23T15:00:00.0;-0.10962439169252138
2018-06-23T16:00:00.0;-0.12978349982087703
2018-06-23T17:00:00.0;-0.14641880926566747
2018-06-23T18:00:00.0;-0.15660481072829827
2018-06-23T19:00:00.0;-0.16143242934463325
2018-06-23T20:00:00.0;-0.15662910883400633
2018-06-23T21:00:00.0;-0.1426378176343331
2018-06-23T22:00:00.0;-0.12062415195718701
2018-06-23T23:00:00.0;-0.07499242288424304
2018-06-24T00:00:00.0;-0.07023515629427296
2018-06-24T01:00:00.0;-0.06913953710650912
2018-06-24T02:00:00.0;-0.0701583336068456
2018-06-24T03:00:00.0;-0.07392414581064781
2018-06-24T04:00:00.0;-0.0798948708021447
2018-06-24T05:00:00.0;-0.08693222197720003
2018-06-24T06:00:00.0;-0.09459660469570606
2018-06-24T07:00:00.0;-0.0965661771454666
2018-06-24T08:00:00.0;-0.0934683324718222
2018-06-24T09:00:00.0;-0.08725244427650693
2018-06-24T10:00:00.0;-0.08214434824180995
2018-06-24T11:00:00.0;-0.08020894408138937
2018-06-24T12:00:00.0;-0.0806704529232349
2018-06-24T13:00:00.0;-0.08449949155310904
2018-06-24T14:00:00.0;-0.09321051931655791
2018-06-24T15:00:00.0;-0.10762083381751113
2018-06-24T16:00:00.0;-0.12781953121378847
2018-06-24T17:00:00.0;-0.14467592995451053
2018-06-24T18:00:00.0;-0.15524463052501716
2018-06-24T19:00:00.0;-0.16026358774196214
2018-06-24T20:00:00.0;-0.15577161248759724
2018-06-24T21:00:00.0;-0.14276614966529932
2018-06-24T22:00:00.0;-0.12082245460807939
2018-06-24T23:00:00.0;-0.0751920300514189
2018-06-25T00:00:00.0;-0.0774439294259219
2018-06-25T01:00:00.0;-0.07344072671183996
2018-06-25T02:00:00.0;-0.07459351249962602
2018-06-25T03:00:00.0;-0.07916054834641627
2018-06-25T04:00:00.0;-0.0875671618437023
2018-06-25T05:00:00.0;-0.09904377094056814
2018-06-25T06:00:00.0;-0.11112869235677354
2018-06-25T07:00:00.0;-0.11597357502126701
2018-06-25T08:00:00.0;-0.11154539753131615
2018-06-25T09:00:00.0;-0.10343958689099057
2018-06-25T10:00:00.0;-0.09768026568337129
2018-06-25T11:00:00.0;-0.09811010144467619
2018-06-25T12:00:00.0;-0.09882270770615224
2018-06-25T13:00:00.0;-0.10193861030726176
2018-06-25T14:00:00.0;-0.11034030800852328
2018-06-25T15:00:00.0;-0.12445598853766678
2018-06-25T16:00:00.0;-0.14382534488442336
2018-06-25T17:00:00.0;-0.15352248075108393
2018-06-25T18:00:00.0;-0.16429175056071016
2018-06-25T19:00:00.0;-0.16761830873942213
2018-06-25T20:00:00.0;-0.1607053236485452
2018-06-25T21:00:00.0;-0.14641247989492995
2018-06-25T22:00:00.0;-0.12508013960842054
2018-06-25T23:00:00.0;-0.07841158151587578
2018-06-26T00:00:00.0;-0.07806474426193835
2018-06-26T01:00:00.0;-0.07368728619020877
2018-06-26T02:00:00.0;-0.07490970717639227
2018-06-26T03:00:00.0;-0.07961552011987146
2018-06-26T04:00:00.0;-0.08827774229857074
2018-06-26T05:00:00.0;-0.10011171042907083
2018-06-26T06:00:00.0;-0.11288312054632113
2018-06-26T07:00:00.0;-0.11764281846178493
2018-06-26T08:00:00.0;-0.11265195929859063
2018-06-26T09:00:00.0;-0.10408931645859994
2018-06-26T10:00:00.0;-0.0981338933777163
2018-06-26T11:00:00.0;-0.09880744611629241
2018-06-26T12:00:00.0;-0.09924274668347756
2018-06-26T13:00:00.0;-0.10181190007016389
2018-06-26T14:00:00.0;-0.11041287777144052
2018-06-26T15:00:00.0;-0.12482405154607062
2018-06-26T16:00:00.0;-0.14422866686791358
2018-06-26T17:00:00.0;-0.1526128498034798
2018-06-26T18:00:00.0;-0.16328819688058924
2018-06-26T19:00:00.0;-0.16634960470586885
2018-06-26T20:00:00.0;-0.15983394906794826
2018-06-26T21:00:00.0;-0.14611175031210982
2018-06-26T22:00:00.0;-0.12503494077783833
2018-06-26T23:00:00.0;-0.07732507686367315
2018-06-27T00:00:00.0;-0.07900280467054614
2018-06-27T01:00:00.0;-0.07411955925644806
2018-06-27T02:00:00.0;-0.07534846232656763
2018-06-27T03:00:00.0;-0.08014668029339742
2018-06-27T04:00:00.0;-0.08895433313693925
2018-06-27T05:00:00.0;-0.10120811903533357
2018-06-27T06:00:00.0;-0.11398935234997412
2018-06-27T07:00:00.0;-0.11902116438060079
2018-06-27T08:00:00.0;-0.11405115729449679
2018-06-27T09:00:00.0;-0.10552333420301874
2018-06-27T10:00:00.0;-0.09957238118928295
2018-06-27T11:00:00.0;-0.10077721966659646
2018-06-27T12:00:00.0;-0.10114662843742069
2018-06-27T13:00:00.0;-0.10358694653560367
2018-06-27T14:00:00.0;-0.11211627014384373
2018-06-27T15:00:00.0;-0.12642265762786167
2018-06-27T16:00:00.0;-0.14577390431388948
2018-06-27T17:00:00.0;-0.15313348849123704
2018-06-27T18:00:00.0;-0.1640533067411256
2018-06-27T19:00:00.0;-0.1669391634094002
2018-06-27T20:00:00.0;-0.16010486331776935
2018-06-27T21:00:00.0;-0.1466444465925684
2018-06-27T22:00:00.0;-0.12570032339887827
2018-06-27T23:00:00.0;-0.07773497426895189
2018-06-28T00:00:00.0;-0.0791118635672288
2018-06-28T01:00:00.0;-0.07392410796045462
2018-06-28T02:00:00.0;-0.07511139444512598
2018-06-28T03:00:00.0;-0.07983700578550758
2018-06-28T04:00:00.0;-0.08822039171026887
2018-06-28T05:00:00.0;-0.10016359443096245
2018-06-28T06:00:00.0;-0.11246378483121774
2018-06-28T07:00:00.0;-0.11751245772442981
2018-06-28T08:00:00.0;-0.112982839622077
2018-06-28T09:00:00.0;-0.10483133114922448
2018-06-28T10:00:00.0;-0.09871788478444582
2018-06-28T11:00:00.0;-0.10009986523854696
2018-06-28T12:00:00.0;-0.10021698222727009
2018-06-28T13:00:00.0;-0.1023265830050461
2018-06-28T14:00:00.0;-0.11091855543554166
2018-06-28T15:00:00.0;-0.1252462240726886
2018-06-28T16:00:00.0;-0.14441786517537328
2018-06-28T17:00:00.0;-0.1517403608563089
2018-06-28T18:00:00.0;-0.1630825903816593
2018-06-28T19:00:00.0;-0.16613012230535545
2018-06-28T20:00:00.0;-0.15973226148692354
2018-06-28T21:00:00.0;-0.147387289815382
2018-06-28T22:00:00.0;-0.12653409842103291
2018-06-28T23:00:00.0;-0.0788936249834372
2018-06-29T00:00:00.0;-0.07876622845348921
2018-06-29T01:00:00.0;-0.07369265133065016
2018-06-29T02:00:00.0;-0.07489544334053862
2018-06-29T03:00:00.0;-0.07962262165195763
2018-06-29T04:00:00.0;-0.08794725142354781
2018-06-29T05:00:00.0;-0.09969738231847519
2018-06-29T06:00:00.0;-0.11163229119541414
2018-06-29T07:00:00.0;-0.1163980675806273
2018-06-29T08:00:00.0;-0.11179941087289097
2018-06-29T09:00:00.0;-0.10373003021853267
2018-06-29T10:00:00.0;-0.0977444444877103
2018-06-29T11:00:00.0;-0.09914000806228293
2018-06-29T12:00:00.0;-0.09920026929887209
2018-06-29T13:00:00.0;-0.10132983196564271
2018-06-29T14:00:00.0;-0.10993786566053716
2018-06-29T15:00:00.0;-0.12429182383594123
2018-06-29T16:00:00.0;-0.14363531792324566
2018-06-29T17:00:00.0;-0.1510412791872553
2018-06-29T18:00:00.0;-0.1623534350826026
2018-06-29T19:00:00.0;-0.16541603758270718
2018-06-29T20:00:00.0;-0.159085560391754
2018-06-29T21:00:00.0;-0.14684738285134288
2018-06-29T22:00:00.0;-0.12602066948468646
2018-06-29T23:00:00.0;-0.07798491133629672
2018-06-30T00:00:00.0;-0.07294697666403871
2018-06-30T01:00:00.0;-0.0703668652218496
2018-06-30T02:00:00.0;-0.07142342796132206
2018-06-30T03:00:00.0;-0.07546044582020824
2018-06-30T04:00:00.0;-0.08186277276898185
2018-06-30T05:00:00.0;-0.09011720034463643
2018-06-30T06:00:00.0;-0.09843105096468216
2018-06-30T07:00:00.0;-0.1011560218516636
2018-06-30T08:00:00.0;-0.09788849005275468
2018-06-30T09:00:00.0;-0.09146834217750166
2018-06-30T10:00:00.0;-0.0861063465547209
2018-06-30T11:00:00.0;-0.0854969233758885
2018-06-30T12:00:00.0;-0.08562697213579462
2018-06-30T13:00:00.0;-0.08873703210536506
2018-06-30T14:00:00.0;-0.09742457583326879
2018-06-30T15:00:00.0;-0.11178562912551358
2018-06-30T16:00:00.0;-0.13171796256159632
2018-06-30T17:00:00.0;-0.14545038544664035
2018-06-30T18:00:00.0;-0.15659860633064485
2018-06-30T19:00:00.0;-0.16109229910245607
2018-06-30T20:00:00.0;-0.1562164280532728
2018-06-30T21:00:00.0;-0.1443019642935746
2018-06-30T22:00:00.0;-0.12280767254900005
2018-06-30T23:00:00.0;-0.0763362766508705
2018-07-01T00:00:00.0;-0.06911093820143525
2018-07-01T01:00:00.0;-0.06817451405827228
2018-07-01T02:00:00.0;-0.06913468277219474
2018-07-01T03:00:00.0;-0.07271674832156177
2018-07-01T04:00:00.0;-0.07785189731827229
2018-07-01T05:00:00.0;-0.08380196466485224
2018-07-01T06:00:00.0;-0.08972882134626968
2018-07-01T07:00:00.0;-0.09110849756837655
2018-07-01T08:00:00.0;-0.08871844049191363
2018-07-01T09:00:00.0;-0.08338546337388811
2018-07-01T10:00:00.0;-0.0784345370304403
2018-07-01T11:00:00.0;-0.07650343082750934
2018-07-01T12:00:00.0;-0.07667948337507402
2018-07-01T13:00:00.0;-0.0804358850913339
2018-07-01T14:00:00.0;-0.08917584166470675
2018-07-01T15:00:00.0;-0.10354157204295548
2018-07-01T16:00:00.0;-0.12386206713141815
2018-07-01T17:00:00.0;-0.14176488012648766
2018-07-01T18:00:00.0;-0.15280503539799908
2018-07-01T19:00:00.0;-0.15824209984788007
2018-07-01T20:00:00.0;-0.15432510208853864
2018-07-01T21:00:00.0;-0.1426240297679153
2018-07-01T22:00:00.0;-0.12068967176961051
2018-07-01T23:00:00.0;-0.07524950015573034
2018-07-02T00:00:00.0;-0.07703042204394304
2018-07-02T01:00:00.0;-0.07270061299766357
2018-07-02T02:00:00.0;-0.07385978673598807
2018-07-02T03:00:00.0;-0.07838109924533035
2018-07-02T04:00:00.0;-0.08613233132222328
2018-07-02T05:00:00.0;-0.09683973981107334
2018-07-02T06:00:00.0;-0.10769453454979096
2018-07-02T07:00:00.0;-0.11185156544801735
2018-07-02T08:00:00.0;-0.10764996582463641
2018-07-02T09:00:00.0;-0.10007252965599264
2018-07-02T10:00:00.0;-0.0942729526674678
2018-07-02T11:00:00.0;-0.09507045501638167
2018-07-02T12:00:00.0;-0.09515153295495639
2018-07-02T13:00:00.0;-0.09757356509449121
2018-07-02T14:00:00.0;-0.10620531558836846
2018-07-02T15:00:00.0;-0.1205613901439764
2018-07-02T16:00:00.0;-0.14008052727832263
2018-07-02T17:00:00.0;-0.14937358898563105
2018-07-02T18:00:00.0;-0.1606368452193494
2018-07-02T19:00:00.0;-0.16412632315914039
2018-07-02T20:00:00.0;-0.1582297358831805
2018-07-02T21:00:00.0;-0.14608811791361295
2018-07-02T22:00:00.0;-0.1250622746812639
2018-07-02T23:00:00.0;-0.07749314525407446
2018-07-03T00:00:00.0;-0.07865499070126024
2018-07-03T01:00:00.0;-0.07362907735507343
2018-07-03T02:00:00.0;-0.07482907412324702
2018-07-03T03:00:00.0;-0.07954305969096036
2018-07-03T04:00:00.0;-0.08783094373425927
2018-07-03T05:00:00.0;-0.0995142526057093
2018-07-03T06:00:00.0;-0.11137994324020731
2018-07-03T07:00:00.0;-0.1161067086624009
2018-07-03T08:00:00.0;-0.11153349703732321
2018-07-03T09:00:00.0;-0.10349564224812553
2018-07-03T10:00:00.0;-0.09752197673736593
2018-07-03T11:00:00.0;-0.09887921404117948
2018-07-03T12:00:00.0;-0.09894080929930754
2018-07-03T13:00:00.0;-0.10108911463609424
2018-07-03T14:00:00.0;-0.10969866820290204
2018-07-03T15:00:00.0;-0.12405276200482267
2018-07-03T16:00:00.0;-0.14340751203497887
2018-07-03T17:00:00.0;-0.15093440660721252
2018-07-03T18:00:00.0;-0.16224342880722697
2018-07-03T19:00:00.0;-0.1653333872752156
2018-07-03T20:00:00.0;-0.15903071556913287
2018-07-03T21:00:00.0;-0.14679872597085503
2018-07-03T22:00:00.0;-0.12595925152753734
2018-07-03T23:00:00.0;-0.07795339690397983
2018-07-04T00:00:00.0;-0.07896673803527361
2018-07-04T01:00:00.0;-0.0746416901351646
2018-07-04T02:00:00.0;-0.07592811707729483
2018-07-04T03:00:00.0;-0.08080951403599367
2018-07-04T04:00:00.0;-0.0904014205930114
2018-07-04T05:00:00.0;-0.10333783862265626
2018-07-04T06:00:00.0;-0.11808306522979325
2018-07-04T07:00:00.0;-0.12342532332994614
2018-07-04T08:00:00.0;-0.11761489263904028
2018-07-04T09:00:00.0;-0.10802868351465271
2018-07-04T10:00:00.0;-0.10192666095132745
2018-07-04T11:00:00.0;-0.10237801990148254
2018-07-04T12:00:00.0;-0.10320931867450599
2018-07-04T13:00:00.0;-0.10598312017106298
2018-07-04T14:00:00.0;-0.11455330902631229
2018-07-04T15:00:00.0;-0.12902592142520128
2018-07-04T16:00:00.0;-0.14832832410742375
2018-07-04T17:00:00.0;-0.15597112355768397
2018-07-04T18:00:00.0;-0.1659871946039043
2018-07-04T19:00:00.0;-0.16863403379325548
2018-07-04T20:00:00.0;-0.16149286748313013
2018-07-04T21:00:00.0;-0.1460304972544566
2018-07-04T22:00:00.0;-0.12486894726826027
2018-07-04T23:00:00.0;-0.07706897447575338
2018-07-05T00:00:00.0;-0.07950282697489351
2018-07-05T01:00:00.0;-0.07467635155029537
2018-07-05T02:00:00.0;-0.07595065618485042
2018-07-05T03:00:00.0;-0.08085315826615297
2018-07-05T04:00:00.0;-0.09023105736884154
2018-07-05T05:00:00.0;-0.10314244120116364
2018-07-05T06:00:00.0;-0.11734675337854172
2018-07-05T07:00:00.0;-0.12271219483394745
2018-07-05T08:00:00.0;-0.11715879247793572
2018-07-05T09:00:00.0;-0.10789607257061821
2018-07-05T10:00:00.0;-0.10176752155534369
2018-07-05T11:00:00.0;-0.10273354496352402
2018-07-05T12:00:00.0;-0.10330655787423619
2018-07-05T13:00:00.0;-0.1057692472903365
2018-07-05T14:00:00.0;-0.11434354276676861
2018-07-05T15:00:00.0;-0.128776784429624
2018-07-05T16:00:00.0;-0.1480317151076879
2018-07-05T17:00:00.0;-0.1549435948196857
2018-07-05T18:00:00.0;-0.1653986529695458
2018-07-05T19:00:00.0;-0.16803298392263885
2018-07-05T20:00:00.0;-0.16100547928387207
2018-07-05T21:00:00.0;-0.1465595527241809
2018-07-05T22:00:00.0;-0.1255760257468206
2018-07-05T23:00:00.0;-0.07753760744772331
2018-07-06T00:00:00.0;-0.07847014333694506
2018-07-06T01:00:00.0;-0.07453333780118089
2018-07-06T02:00:00.0;-0.0757675777583309
2018-07-06T03:00:00.0;-0.080519225998075
2018-07-06T04:00:00.0;-0.08998557792092018
2018-07-06T05:00:00.0;-0.1027289393590718
2018-07-06T06:00:00.0;-0.11781411529429073
2018-07-06T07:00:00.0;-0.1233784003084406
2018-07-06T08:00:00.0;-0.11783784454512186
2018-07-06T09:00:00.0;-0.10823975565234098
2018-07-06T10:00:00.0;-0.1019924119881071
2018-07-06T11:00:00.0;-0.10187176489270112
2018-07-06T12:00:00.0;-0.10293234875503353
2018-07-06T13:00:00.0;-0.10595438746392026
2018-07-06T14:00:00.0;-0.1145036269736698
2018-07-06T15:00:00.0;-0.12893880252685022
2018-07-06T16:00:00.0;-0.14800774707284678
2018-07-06T17:00:00.0;-0.1568483003358643
2018-07-06T18:00:00.0;-0.16672708712148787
2018-07-06T19:00:00.0;-0.16959317997147721
2018-07-06T20:00:00.0;-0.16251874914028627
2018-07-06T21:00:00.0;-0.1464967911766387
2018-07-06T22:00:00.0;-0.12509710927579887
2018-07-06T23:00:00.0;-0.07846984606577756
2018-07-07T00:00:00.0;-0.07812733496712822
2018-07-07T01:00:00.0;-0.07332751451258111
2018-07-07T02:00:00.0;-0.07451425206533928
2018-07-07T03:00:00.0;-0.07916565791775136
2018-07-07T04:00:00.0;-0.08727923877845968
2018-07-07T05:00:00.0;-0.09864557770807242
2018-07-07T06:00:00.0;-0.11018293194778862
2018-07-07T07:00:00.0;-0.11472464905752695
2018-07-07T08:00:00.0;-0.11027213605770243
2018-07-07T09:00:00.0;-0.10238382405584229
2018-07-07T10:00:00.0;-0.09646670205070185
2018-07-07T11:00:00.0;-0.0976421388764521
2018-07-07T12:00:00.0;-0.09771006205923119
2018-07-07T13:00:00.0;-0.09994727315965252
2018-07-07T14:00:00.0;-0.1085640362314545
2018-07-07T15:00:00.0;-0.12291877337709366
2018-07-07T16:00:00.0;-0.14232691591716476
2018-07-07T17:00:00.0;-0.1504274570460153
2018-07-07T18:00:00.0;-0.16172161457753112
2018-07-07T19:00:00.0;-0.1649413359455021
2018-07-07T20:00:00.0;-0.15877055942103016
2018-07-07T21:00:00.0;-0.14656792229602394
2018-07-07T22:00:00.0;-0.12566791574792097
2018-07-07T23:00:00.0;-0.07780390834828078
2018-07-08T00:00:00.0;-0.07804079704898473
2018-07-08T01:00:00.0;-0.07327805684749641
2018-07-08T02:00:00.0;-0.07446261982917718
2018-07-08T03:00:00.0;-0.07910376232628036
2018-07-08T04:00:00.0;-0.08718875667959101
2018-07-08T05:00:00.0;-0.09850311111039835
2018-07-08T06:00:00.0;-0.1099866167018062
2018-07-08T07:00:00.0;-0.11449798505442889
2018-07-08T08:00:00.0;-0.11006526717304342
2018-07-08T09:00:00.0;-0.10220148086218303
2018-07-08T10:00:00.0;-0.096293632246763
2018-07-08T11:00:00.0;-0.09743925297487344
2018-07-08T12:00:00.0;-0.09750821396581048
2018-07-08T13:00:00.0;-0.099760006012099
2018-07-08T14:00:00.0;-0.10837795147520782
2018-07-08T15:00:00.0;-0.1227327941321159
2018-07-08T16:00:00.0;-0.14214969328441274
2018-07-08T17:00:00.0;-0.15034431503354018
2018-07-08T18:00:00.0;-0.16163603469243842
2018-07-08T19:00:00.0;-0.16487703776074986
2018-07-08T20:00:00.0;-0.15872789264041406
2018-07-08T21:00:00.0;-0.14653006945329383
2018-07-08T22:00:00.0;-0.12562013536723357
2018-07-08T23:00:00.0;-0.07777939155151413
2018-07-09T00:00:00.0;-0.07538683910661707
2018-07-09T01:00:00.0;-0.07312741176765901
2018-07-09T02:00:00.0;-0.07395730148922873
2018-07-09T03:00:00.0;-0.0779448992186339
2018-07-09T04:00:00.0;-0.08575581778942552
2018-07-09T05:00:00.0;-0.09641634906964501
2018-07-09T06:00:00.0;-0.10693048146064733
2018-07-09T07:00:00.0;-0.11294072935499917
2018-07-09T08:00:00.0;-0.11084128976779105
2018-07-09T09:00:00.0;-0.10419568428081036
2018-07-09T10:00:00.0;-0.09910853907941804
2018-07-09T11:00:00.0;-0.0981309982912473
2018-07-09T12:00:00.0;-0.10053150914925553
2018-07-09T13:00:00.0;-0.10642054374542072
2018-07-09T14:00:00.0;-0.11381807690178697
2018-07-09T15:00:00.0;-0.12650748500397108
2018-07-09T16:00:00.0;-0.1453922577139086
2018-07-09T17:00:00.0;-0.161014647701708
2018-07-09T18:00:00.0;-0.17184683532055067
2018-07-09T19:00:00.0;-0.17620430654894634
2018-07-09T20:00:00.0;-0.16690682525232664
2018-07-09T21:00:00.0;-0.1485656496735678
2018-07-09T22:00:00.0;-0.1258820985712365
2018-07-09T23:00:00.0;-0.08484308455102844
2018-07-10T00:00:00.0;-0.07889376575353238
2018-07-10T01:00:00.0;-0.07530758610113641
2018-07-10T02:00:00.0;-0.07568355584403248
2018-07-10T03:00:00.0;-0.07942730200102409
2018-07-10T04:00:00.0;-0.08707486715859683
2018-07-10T05:00:00.0;-0.09852424167241706
2018-07-10T06:00:00.0;-0.11302207011738308
2018-07-10T07:00:00.0;-0.12196730620662682
2018-07-10T08:00:00.0;-0.11910337433357776
2018-07-10T09:00:00.0;-0.1114243212338738
2018-07-10T10:00:00.0;-0.1043039500075866
2018-07-10T11:00:00.0;-0.10257100342672629
2018-07-10T12:00:00.0;-0.10227267041228737
2018-07-10T13:00:00.0;-0.10471434455927538
2018-07-10T14:00:00.0;-0.11239752369286252
2018-07-10T15:00:00.0;-0.12563599994732663
2018-07-10T16:00:00.0;-0.14450729175245794
2018-07-10T17:00:00.0;-0.15777787511895758
2018-07-10T18:00:00.0;-0.16842276817969176
2018-07-10T19:00:00.0;-0.1721942526046926
2018-07-10T20:00:00.0;-0.1662644997289442
2018-07-10T21:00:00.0;-0.15196015129327634
2018-07-10T22:00:00.0;-0.13209398558689517
2018-07-10T23:00:00.0;-0.09096752099044943
2018-07-11T00:00:00.0;-0.0774510303379243
2018-07-11T01:00:00.0;-0.07412923508239122
2018-07-11T02:00:00.0;-0.07527676160707067
2018-07-11T03:00:00.0;-0.0798560385700657
2018-07-11T04:00:00.0;-0.08901765530265437
2018-07-11T05:00:00.0;-0.10123653435671515
2018-07-11T06:00:00.0;-0.11497757086167266
2018-07-11T07:00:00.0;-0.12051779840823985
2018-07-11T08:00:00.0;-0.11573055489926831
2018-07-11T09:00:00.0;-0.10687593044796365
2018-07-11T10:00:00.0;-0.10112053810659219
2018-07-11T11:00:00.0;-0.10076658756586267
2018-07-11T12:00:00.0;-0.10227721155309726
2018-07-11T13:00:00.0;-0.1062651830026161
2018-07-11T14:00:00.0;-0.11445421514776545
2018-07-11T15:00:00.0;-0.12837799504308609
2018-07-11T16:00:00.0;-0.14757929040169926
2018-07-11T17:00:00.0;-0.15828508662977242
2018-07-11T18:00:00.0;-0.1682693181933344
2018-07-11T19:00:00.0;-0.1714757910397731
2018-07-11T20:00:00.0;-0.16356185290113845
2018-07-11T21:00:00.0;-0.14648822168167672
2018-07-11T22:00:00.0;-0.12471661717559646
2018-07-11T23:00:00.0;-0.07925283801335858
2018-07-12T00:00:00.0;-0.07860553501083772
2018-07-12T01:00:00.0;-0.07360081271656672
2018-07-12T02:00:00.0;-0.0747995667357083
2018-07-12T03:00:00.0;-0.0795076868824161
2018-07-12T04:00:00.0;-0.08777923397781462
2018-07-12T05:00:00.0;-0.09943283414659598
2018-07-12T06:00:00.0;-0.11126775073270526
2018-07-12T07:00:00.0;-0.11597717209614614
2018-07-12T08:00:00.0;-0.11141527321431904
2018-07-12T09:00:00.0;-0.10339143465069627
2018-07-12T10:00:00.0;-0.097423068803957
2018-07-12T11:00:00.0;-0.09876326645941622
2018-07-12T12:00:00.0;-0.09882545481615443
2018-07-12T13:00:00.0;-0.10098209304053937
2018-07-12T14:00:00.0;-0.10959232233400762
2018-07-12T15:00:00.0;-0.12394647643472863
2018-07-12T16:00:00.0;-0.14330623079492508
2018-07-12T17:00:00.0;-0.15088689164824096
2018-07-12T18:00:00.0;-0.16219452062461365
2018-07-12T19:00:00.0;-0.1652966414048728
2018-07-12T20:00:00.0;-0.1590063318638307
2018-07-12T21:00:00.0;-0.1467770933904575
2018-07-12T22:00:00.0;-0.12593194544291872
2018-07-12T23:00:00.0;-0.07793938576138414
2018-07-13T00:00:00.0;-0.08012219310608837
2018-07-13T01:00:00.0;-0.0745270927632752
2018-07-13T02:00:00.0;-0.07576956137003775
2018-07-13T03:00:00.0;-0.08066685546992454
2018-07-13T04:00:00.0;-0.08952503094950125
2018-07-13T05:00:00.0;-0.1021656925014661
2018-07-13T06:00:00.0;-0.11513581175626582
2018-07-13T07:00:00.0;-0.12041320824142608
2018-07-13T08:00:00.0;-0.11542126296130703
2018-07-13T09:00:00.0;-0.10686350414504475
2018-07-13T10:00:00.0;-0.1007258443867646
2018-07-13T11:00:00.0;-0.10251635903320415
2018-07-13T12:00:00.0;-0.10261549804492547
2018-07-13T13:00:00.0;-0.10456492825719137
2018-07-13T14:00:00.0;-0.11315193236010378
2018-07-13T15:00:00.0;-0.1275127136455079
2018-07-13T16:00:00.0;-0.14671751716844392
2018-07-13T17:00:00.0;-0.15268175173839996
2018-07-13T18:00:00.0;-0.16393930525764241
2018-07-13T19:00:00.0;-0.16664231959518527
2018-07-13T20:00:00.0;-0.15991867796079787
2018-07-13T21:00:00.0;-0.14737601100707617
2018-07-13T22:00:00.0;-0.12667934188835467
2018-07-13T23:00:00.0;-0.07829971811406639
2018-07-14T00:00:00.0;-0.07789308834072678
2018-07-14T01:00:00.0;-0.07319363919590696
2018-07-14T02:00:00.0;-0.0743744904741894
2018-07-14T03:00:00.0;-0.07899811478981103
2018-07-14T04:00:00.0;-0.0870343157797973
2018-07-14T05:00:00.0;-0.09825993959017007
2018-07-14T06:00:00.0;-0.10965153270605622
2018-07-14T07:00:00.0;-0.1141110997696376
2018-07-14T08:00:00.0;-0.10971216952073941
2018-07-14T09:00:00.0;-0.10189024530009823
2018-07-14T10:00:00.0;-0.09599822512666249
2018-07-14T11:00:00.0;-0.09709295374456098
2018-07-14T12:00:00.0;-0.09716368613589357
2018-07-14T13:00:00.0;-0.09944036591608452
2018-07-14T14:00:00.0;-0.10806032956378032
2018-07-14T15:00:00.0;-0.1224153523143811
2018-07-14T16:00:00.0;-0.14184719783826083
2018-07-14T17:00:00.0;-0.15020240268427032
2018-07-14T18:00:00.0;-0.161489961219086
2018-07-14T19:00:00.0;-0.16476728931732953
2018-07-14T20:00:00.0;-0.1586550661247602
2018-07-14T21:00:00.0;-0.1464654596888864
2018-07-14T22:00:00.0;-0.12553858061686732
2018-07-14T23:00:00.0;-0.077737544642567
2018-07-15T00:00:00.0;-0.07603528385163327
2018-07-15T01:00:00.0;-0.0721318772054917
2018-07-15T02:00:00.0;-0.0732660445792371
2018-07-15T03:00:00.0;-0.07766933417945172
2018-07-15T04:00:00.0;-0.08509183723320159
2018-07-15T05:00:00.0;-0.09520145273974784
2018-07-15T06:00:00.0;-0.1054370178079869
2018-07-15T07:00:00.0;-0.10924505478605884
2018-07-15T08:00:00.0;-0.10527108807553974
2018-07-15T09:00:00.0;-0.09797568378760478
2018-07-15T10:00:00.0;-0.09228274565151517
2018-07-15T11:00:00.0;-0.09273737936961889
2018-07-15T12:00:00.0;-0.0928303915279717
2018-07-15T13:00:00.0;-0.09542009647988452
2018-07-15T14:00:00.0;-0.10406544381977946
2018-07-15T15:00:00.0;-0.11842273169661884
2018-07-15T16:00:00.0;-0.13804256502805456
2018-07-15T17:00:00.0;-0.1484175018301452
2018-07-15T18:00:00.0;-0.15965272387721097
2018-07-15T19:00:00.0;-0.16338692959946358
2018-07-15T20:00:00.0;-0.1577390915061852
2018-07-15T21:00:00.0;-0.14565283115959393
2018-07-15T22:00:00.0;-0.12451282673191204
2018-07-15T23:00:00.0;-0.07721121565212659
2018-07-16T00:00:00.0;-0.07954801352325763
2018-07-16T01:00:00.0;-0.07440038175043369
2018-07-16T02:00:00.0;-0.07564739579996477
2018-07-16T03:00:00.0;-0.08050808121288287
2018-07-16T04:00:00.0;-0.08946652499055757
2018-07-16T05:00:00.0;-0.1020195700376983
2018-07-16T06:00:00.0;-0.11528071397032687
2018-07-16T07:00:00.0;-0.1204789376747994
2018-07-16T08:00:00.0;-0.11533687454343441
2018-07-16T09:00:00.0;-0.1065893889471156
2018-07-16T10:00:00.0;-0.10049033651600467
2018-07-16T11:00:00.0;-0.10183840603236413
2018-07-16T12:00:00.0;-0.10213114533861276
2018-07-16T13:00:00.0;-0.10434099980146719
2018-07-16T14:00:00.0;-0.11292737442738186
2018-07-16T15:00:00.0;-0.12731755877038572
2018-07-16T16:00:00.0;-0.1465754406641828
2018-07-16T17:00:00.0;-0.1532736985104799
2018-07-16T18:00:00.0;-0.16420082903018676
2018-07-16T19:00:00.0;-0.16695658313860534
2018-07-16T20:00:00.0;-0.16019285927003543
2018-07-16T21:00:00.0;-0.14690648244260082
2018-07-16T22:00:00.0;-0.12605755920781356
2018-07-16T23:00:00.0;-0.07790222204517401
2018-07-17T00:00:00.0;-0.07996962277928052
2018-07-17T01:00:00.0;-0.07456885408507773
2018-07-17T02:00:00.0;-0.07566749603724122
2018-07-17T03:00:00.0;-0.0803009635951269
2018-07-17T04:00:00.0;-0.08871524096725983
2018-07-17T05:00:00.0;-0.1011074035505911
2018-07-17T06:00:00.0;-0.11462559717941323
2018-07-17T07:00:00.0;-0.1207116134834119
2018-07-17T08:00:00.0;-0.11666044530445338
2018-07-17T09:00:00.0;-0.10833794477081685
2018-07-17T10:00:00.0;-0.10171884908862702
2018-07-17T11:00:00.0;-0.10279200307137451
2018-07-17T12:00:00.0;-0.10317671601025152
2018-07-17T13:00:00.0;-0.10531614830412804
2018-07-17T14:00:00.0;-0.11384474842632739
2018-07-17T15:00:00.0;-0.12805353174207693
2018-07-17T16:00:00.0;-0.1465148408471377
2018-07-17T17:00:00.0;-0.1542363348629391
2018-07-17T18:00:00.0;-0.1656953700995665
2018-07-17T19:00:00.0;-0.1688505139851385
2018-07-17T20:00:00.0;-0.16232485495559382
2018-07-17T21:00:00.0;-0.149533265056338
2018-07-17T22:00:00.0;-0.12847723158131225
2018-07-17T23:00:00.0;-0.08283011506018251
2018-07-18T00:00:00.0;-0.07935152263288218
2018-07-18T01:00:00.0;-0.07466174961606317
2018-07-18T02:00:00.0;-0.07593902169939329
2018-07-18T03:00:00.0;-0.0808348138027667
2018-07-18T04:00:00.0;-0.09026617740905583
2018-07-18T05:00:00.0;-0.10317847126816117
2018-07-18T06:00:00.0;-0.11751993980678156
2018-07-18T07:00:00.0;-0.1228759147969071
2018-07-18T08:00:00.0;-0.11725670293177273
2018-07-18T09:00:00.0;-0.10791111425532517
2018-07-18T10:00:00.0;-0.10179059892936237
2018-07-18T11:00:00.0;-0.10261721685538919
2018-07-18T12:00:00.0;-0.10325866081558488
2018-07-18T13:00:00.0;-0.10580524189083468
2018-07-18T14:00:00.0;-0.11437858106920024
2018-07-18T15:00:00.0;-0.12882224794748423
2018-07-18T16:00:00.0;-0.14809069713946954
2018-07-18T17:00:00.0;-0.15520624297220798
2018-07-18T18:00:00.0;-0.16554492047860456
2018-07-18T19:00:00.0;-0.16818489810956017
2018-07-18T20:00:00.0;-0.16112970642772093
2018-07-18T21:00:00.0;-0.1464154577958012
2018-07-18T22:00:00.0;-0.12538375270418045
2018-07-18T23:00:00.0;-0.07741095960389979
2018-07-19T00:00:00.0;-0.07949532824159852
2018-07-19T01:00:00.0;-0.07460179137265756
2018-07-19T02:00:00.0;-0.07586928840948705
2018-07-19T03:00:00.0;-0.08075991600372456
2018-07-19T04:00:00.0;-0.09003418973942984
2018-07-19T05:00:00.0;-0.10285130712905936
2018-07-19T06:00:00.0;-0.11682478387792801
2018-07-19T07:00:00.0;-0.12214496791827509
2018-07-19T08:00:00.0;-0.11669147032958418
2018-07-19T09:00:00.0;-0.10755383283408425
2018-07-19T10:00:00.0;-0.10143408182077517
2018-07-19T11:00:00.0;-0.10248285788194296
2018-07-19T12:00:00.0;-0.1029908236371514
2018-07-19T13:00:00.0;-0.10539767536599752
2018-07-19T14:00:00.0;-0.11397502976101379
2018-07-19T15:00:00.0;-0.12839826725896064
2018-07-19T16:00:00.0;-0.14765570862263747
2018-07-19T17:00:00.0;-0.15453743666046785
2018-07-19T18:00:00.0;-0.16510191182626088
2018-07-19T19:00:00.0;-0.16776894854228658
2018-07-19T20:00:00.0;-0.16080737125185873
2018-07-19T21:00:00.0;-0.14663245475701378
2018-07-19T22:00:00.0;-0.12567820369794974
2018-07-19T23:00:00.0;-0.07761740460383537
2018-07-20T00:00:00.0;-0.07851989732315963
2018-07-20T01:00:00.0;-0.07426247147503709
2018-07-20T02:00:00.0;-0.07552600520371607
2018-07-20T03:00:00.0;-0.08033504827836359
2018-07-20T04:00:00.0;-0.08960109705575246
2018-07-20T05:00:00.0;-0.10211090714442508
2018-07-20T06:00:00.0;-0.11617951337894819
2018-07-20T07:00:00.0;-0.12128994351181527
2018-07-20T08:00:00.0;-0.11575476183102712
2018-07-20T09:00:00.0;-0.10651187558720254
2018-07-20T10:00:00.0;-0.10047182829391439
2018-07-20T11:00:00.0;-0.10091961672230125
2018-07-20T12:00:00.0;-0.10164148507247844
2018-07-20T13:00:00.0;-0.10438994794444514
2018-07-20T14:00:00.0;-0.11297145219189692
2018-07-20T15:00:00.0;-0.1274269632426212
2018-07-20T16:00:00.0;-0.14677766823840346
2018-07-20T17:00:00.0;-0.15483875331430094
2018-07-20T18:00:00.0;-0.16503543101508433
2018-07-20T19:00:00.0;-0.16784654537595498
2018-07-20T20:00:00.0;-0.16092995196471532
2018-07-20T21:00:00.0;-0.1459692965924709
2018-07-20T22:00:00.0;-0.1248095935937573
2018-07-20T23:00:00.0;-0.07708674941040337
2018-07-21T00:00:00.0;-0.07510112642824192
2018-07-21T01:00:00.0;-0.0716075160771262
2018-07-21T02:00:00.0;-0.07271591146511709
2018-07-21T03:00:00.0;-0.07700875551320971
2018-07-21T04:00:00.0;-0.08412983236941315
2018-07-21T05:00:00.0;-0.09368562067253049
2018-07-21T06:00:00.0;-0.10326577813592006
2018-07-21T07:00:00.0;-0.10675466180100629
2018-07-21T08:00:00.0;-0.10302056151145604
2018-07-21T09:00:00.0;-0.0960252554670442
2018-07-21T10:00:00.0;-0.0904720673425601
2018-07-21T11:00:00.0;-0.09062911596308151
2018-07-21T12:00:00.0;-0.0907603460732032
2018-07-21T13:00:00.0;-0.09356484271077779
2018-07-21T14:00:00.0;-0.10219492441467645
2018-07-21T15:00:00.0;-0.11651587153877903
2018-07-21T16:00:00.0;-0.13624702482459775
2018-07-21T17:00:00.0;-0.14766538500149023
2018-07-21T18:00:00.0;-0.15888393581390559
2018-07-21T19:00:00.0;-0.16284785924331918
2018-07-21T20:00:00.0;-0.15734668481583827
2018-07-21T21:00:00.0;-0.14523818027750307
2018-07-21T22:00:00.0;-0.12397842087425885
2018-07-21T23:00:00.0;-0.07694555209238806
2018-07-22T00:00:00.0;-0.07641266874581765
2018-07-22T01:00:00.0;-0.07234755810127712
2018-07-22T02:00:00.0;-0.07349120860442458
2018-07-22T03:00:00.0;-0.07793925587087759
2018-07-22T04:00:00.0;-0.08548642238199737
2018-07-22T05:00:00.0;-0.09582273810275935
2018-07-22T06:00:00.0;-0.10629313279112079
2018-07-22T07:00:00.0;-0.11023351825571075
2018-07-22T08:00:00.0;-0.10617322662730878
2018-07-22T09:00:00.0;-0.09877086777539425
2018-07-22T10:00:00.0;-0.09303748913329933
2018-07-22T11:00:00.0;-0.09362214845282942
2018-07-22T12:00:00.0;-0.09371063481335543
2018-07-22T13:00:00.0;-0.09623675343419798
2018-07-22T14:00:00.0;-0.10487694446079364
2018-07-22T15:00:00.0;-0.11923377221148364
2018-07-22T16:00:00.0;-0.13881541866196448
2018-07-22T17:00:00.0;-0.14878007745310126
2018-07-22T18:00:00.0;-0.1600259308663885
2018-07-22T19:00:00.0;-0.1636673288067652
2018-07-22T20:00:00.0;-0.15792515790151143
2018-07-22T21:00:00.0;-0.14581790435935127
2018-07-22T22:00:00.0;-0.1247211931254726
2018-07-22T23:00:00.0;-0.07731813142907168
2018-07-23T00:00:00.0;-0.07943137742110153
2018-07-23T01:00:00.0;-0.07467173190146127
2018-07-23T02:00:00.0;-0.07594765218857537
2018-07-23T03:00:00.0;-0.08084734139410057
2018-07-23T04:00:00.0;-0.09025376325857344
2018-07-23T05:00:00.0;-0.10316848363096578
2018-07-23T06:00:00.0;-0.11744488850004035
2018-07-23T07:00:00.0;-0.1228072400942947
2018-07-23T08:00:00.0;-0.11721958118403825
2018-07-23T09:00:00.0;-0.10791374686321958
2018-07-23T10:00:00.0;-0.1017887315412125
2018-07-23T11:00:00.0;-0.1026861608353181
2018-07-23T12:00:00.0;-0.10329359790263756
2018-07-23T13:00:00.0;-0.10579775211624644
2018-07-23T14:00:00.0;-0.11437150026511886
2018-07-23T15:00:00.0;-0.12880998923175943
2018-07-23T16:00:00.0;-0.14807124694488052
2018-07-23T17:00:00.0;-0.1550805431213807
2018-07-23T18:00:00.0;-0.16547709338130423
2018-07-23T19:00:00.0;-0.16811309142325756
2018-07-23T20:00:00.0;-0.16107043803751686
2018-07-23T21:00:00.0;-0.14648904058626996
2018-07-23T22:00:00.0;-0.12548178682850816
2018-07-23T23:00:00.0;-0.07747514837747427
2018-07-24T00:00:00.0;-0.08026312574687094
2018-07-24T01:00:00.0;-0.07472550949669435
2018-07-24T02:00:00.0;-0.07598262188033397
2018-07-24T03:00:00.0;-0.08091505593301689
2018-07-24T04:00:00.0;-0.08998944270277832
2018-07-24T05:00:00.0;-0.10286532222214924
2018-07-24T06:00:00.0;-0.11630249196047203
2018-07-24T07:00:00.0;-0.12170081280440148
2018-07-24T08:00:00.0;-0.11651193639350993
2018-07-24T09:00:00.0;-0.1077079994162426
2018-07-24T10:00:00.0;-0.1015418248875007
2018-07-24T11:00:00.0;-0.1032377621709691
2018-07-24T12:00:00.0;-0.10344446567027345
2018-07-24T13:00:00.0;-0.10546592581407006
2018-07-24T14:00:00.0;-0.1140460454342431
2018-07-24T15:00:00.0;-0.1284234502386111
2018-07-24T16:00:00.0;-0.14761105457621618
2018-07-24T17:00:00.0;-0.15348632014017918
2018-07-24T18:00:00.0;-0.16456396407971793
2018-07-24T19:00:00.0;-0.1671805554452839
2018-07-24T20:00:00.0;-0.16031424948600506
2018-07-24T21:00:00.0;-0.14730987640036888
2018-07-24T22:00:00.0;-0.12657882744484159
2018-07-24T23:00:00.0;-0.0782022379721835
2018-07-25T00:00:00.0;-0.08018764037075173
2018-07-25T01:00:00.0;-0.0747206289073656
2018-07-25T02:00:00.0;-0.07597944820356975
2018-07-25T03:00:00.0;-0.08090891049541217
2018-07-25T04:00:00.0;-0.09001343113287438
2018-07-25T05:00:00.0;-0.10289283565651434
2018-07-25T06:00:00.0;-0.11640617023645392
2018-07-25T07:00:00.0;-0.12180122668867216
2018-07-25T08:00:00.0;-0.11657615874481123
2018-07-25T09:00:00.0;-0.10772667203984693
2018-07-25T10:00:00.0;-0.1015642329177237
2018-07-25T11:00:00.0;-0.103187701554074
2018-07-25T12:00:00.0;-0.10343077365571637
2018-07-25T13:00:00.0;-0.10549604073279005
2018-07-25T14:00:00.0;-0.11407558210964998
2018-07-25T15:00:00.0;-0.1284585306113375
2018-07-25T16:00:00.0;-0.14765281936606856
2018-07-25T17:00:00.0;-0.15363100395573429
2018-07-25T18:00:00.0;-0.16464683519185627
2018-07-25T19:00:00.0;-0.16726518781166339
2018-07-25T20:00:00.0;-0.16038287742965027
2018-07-25T21:00:00.0;-0.14723538138999173
2018-07-25T22:00:00.0;-0.126479265448771
2018-07-25T23:00:00.0;-0.07813625090635055
2018-07-26T00:00:00.0;-0.0805526486362437
2018-07-26T01:00:00.0;-0.07484812547777418
2018-07-26T02:00:00.0;-0.07599988255981217
2018-07-26T03:00:00.0;-0.08077016769843391
2018-07-26T04:00:00.0;-0.08946515811494943
2018-07-26T05:00:00.0;-0.10223069672620215
2018-07-26T06:00:00.0;-0.11587284279652672
2018-07-26T07:00:00.0;-0.12190624273939653
2018-07-26T08:00:00.0;-0.11748622294007094
2018-07-26T09:00:00.0;-0.10897331905801103
2018-07-26T10:00:00.0;-0.10243615830697214
2018-07-26T11:00:00.0;-0.10392114093125421
2018-07-26T12:00:00.0;-0.10420186782243182
2018-07-26T13:00:00.0;-0.10618220612403607
2018-07-26T14:00:00.0;-0.11472086935558892
2018-07-26T15:00:00.0;-0.12897007333733426
2018-07-26T16:00:00.0;-0.14759003080392838
2018-07-26T17:00:00.0;-0.15421291888613975
2018-07-26T18:00:00.0;-0.16565604234500125
2018-07-26T19:00:00.0;-0.16855661585206383
2018-07-26T20:00:00.0;-0.1618549897332701
2018-07-26T21:00:00.0;-0.14917020301591447
2018-07-26T22:00:00.0;-0.12828620170898483
2018-07-26T23:00:00.0;-0.08170609205781779
2018-07-27T00:00:00.0;-0.0794869694118424
2018-07-27T01:00:00.0;-0.07473141124469249
2018-07-27T02:00:00.0;-0.07550528038156573
2018-07-27T03:00:00.0;-0.07953146749148453
2018-07-27T04:00:00.0;-0.08707006433085705
2018-07-27T05:00:00.0;-0.09898416919241786
2018-07-27T06:00:00.0;-0.11414333569222557
2018-07-27T07:00:00.0;-0.12214968684224012
2018-07-27T08:00:00.0;-0.12012299276536789
2018-07-27T09:00:00.0;-0.11214185047736745
2018-07-27T10:00:00.0;-0.10440067863908638
2018-07-27T11:00:00.0;-0.10359290448461504
2018-07-27T12:00:00.0;-0.10477178533034417
2018-07-27T13:00:00.0;-0.10748720854940323
2018-07-27T14:00:00.0;-0.11587586018484168
2018-07-27T15:00:00.0;-0.12975091003601139
2018-07-27T16:00:00.0;-0.14649202400073366
2018-07-27T17:00:00.0;-0.1585158906168892
2018-07-27T18:00:00.0;-0.17022416217754058
2018-07-27T19:00:00.0;-0.17440177295762035
2018-07-27T20:00:00.0;-0.1682424841230904
2018-07-27T21:00:00.0;-0.154346018065419
2018-07-27T22:00:00.0;-0.13237995901675736
2018-07-27T23:00:00.0;-0.09317213484038407
2018-07-28T00:00:00.0;-0.07161540539932022
2018-07-28T01:00:00.0;-0.07015395459995581
2018-07-28T02:00:00.0;-0.07115310478573898
2018-07-28T03:00:00.0;-0.07502050881613176
2018-07-28T04:00:00.0;-0.08153285462083824
2018-07-28T05:00:00.0;-0.08950141064055964
2018-07-28T06:00:00.0;-0.09796890182938746
2018-07-28T07:00:00.0;-0.10071293329570578
2018-07-28T08:00:00.0;-0.09757882096573028
2018-07-28T09:00:00.0;-0.09107589382588085
2018-07-28T10:00:00.0;-0.08598247447299477
2018-07-28T11:00:00.0;-0.08435353011905011
2018-07-28T12:00:00.0;-0.0849631023838952
2018-07-28T13:00:00.0;-0.08899702553499832
2018-07-28T14:00:00.0;-0.09747266230138693
2018-07-28T15:00:00.0;-0.11162609783783752
2018-07-28T16:00:00.0;-0.13178807616805893
2018-07-28T17:00:00.0;-0.1478386140635775
2018-07-28T18:00:00.0;-0.15839024300568455
2018-07-28T19:00:00.0;-0.16311467599793095
2018-07-28T20:00:00.0;-0.15769808661142068
2018-07-28T21:00:00.0;-0.1439407911920154
2018-07-28T22:00:00.0;-0.1219153641924121
2018-07-28T23:00:00.0;-0.07644335605143278
2018-07-29T00:00:00.0;-0.07056548440481825
2018-07-29T01:00:00.0;-0.06921103900629681
2018-07-29T02:00:00.0;-0.07023110214581783
2018-07-29T03:00:00.0;-0.07403730267904572
2018-07-29T04:00:00.0;-0.0799024311138526
2018-07-29T05:00:00.0;-0.08723276065045694
2018-07-29T06:00:00.0;-0.09351623411547073
2018-07-29T07:00:00.0;-0.0955408047530231
2018-07-29T08:00:00.0;-0.09292017259005547
2018-07-29T09:00:00.0;-0.08726313234970963
2018-07-29T10:00:00.0;-0.08239881262831243
2018-07-29T11:00:00.0;-0.08127545998216537
2018-07-29T12:00:00.0;-0.08179110965279847
2018-07-29T13:00:00.0;-0.08606842421209007
2018-07-29T14:00:00.0;-0.09454711899334016
2018-07-29T15:00:00.0;-0.1083033462209161
2018-07-29T16:00:00.0;-0.1287804432290552
2018-07-29T17:00:00.0;-0.145548672518703
2018-07-29T18:00:00.0;-0.15704801002538918
2018-07-29T19:00:00.0;-0.1619549552163541
2018-07-29T20:00:00.0;-0.1562767711491782
2018-07-29T21:00:00.0;-0.14316663272615682
2018-07-29T22:00:00.0;-0.12117649797610595
2018-07-29T23:00:00.0;-0.07556928322017326
2018-07-30T00:00:00.0;-0.07683968021740278
2018-07-30T01:00:00.0;-0.07369701050636604
2018-07-30T02:00:00.0;-0.0749555097739584
2018-07-30T03:00:00.0;-0.0796269951973527
2018-07-30T04:00:00.0;-0.08890626741052883
2018-07-30T05:00:00.0;-0.10091103667286591
2018-07-30T06:00:00.0;-0.11520475438323936
2018-07-30T07:00:00.0;-0.11996541905971302
2018-07-30T08:00:00.0;-0.11426294341359183
2018-07-30T09:00:00.0;-0.1048054650101872
2018-07-30T10:00:00.0;-0.098900544967936
2018-07-30T11:00:00.0;-0.0982899998747831
2018-07-30T12:00:00.0;-0.09939796294367251
2018-07-30T13:00:00.0;-0.10275032724818463
2018-07-30T14:00:00.0;-0.11133817915716958
2018-07-30T15:00:00.0;-0.12585199427065485
2018-07-30T16:00:00.0;-0.14536287502351367
2018-07-30T17:00:00.0;-0.15546582058771896
2018-07-30T18:00:00.0;-0.1649992654249377
2018-07-30T19:00:00.0;-0.16805020162296674
2018-07-30T20:00:00.0;-0.1611937489490427
2018-07-30T21:00:00.0;-0.14480635093722835
2018-07-30T22:00:00.0;-0.12328458814616905
2018-07-30T23:00:00.0;-0.07615049091778618
2018-07-31T00:00:00.0;-0.08061304569815307
2018-07-31T01:00:00.0;-0.0747481339528201
2018-07-31T02:00:00.0;-0.07599733377389288
2018-07-31T03:00:00.0;-0.08094354371883451
2018-07-31T04:00:00.0;-0.08987824195473818
2018-07-31T05:00:00.0;-0.10273778096703992
2018-07-31T06:00:00.0;-0.11582188102434439
2018-07-31T07:00:00.0;-0.121235334279971
2018-07-31T08:00:00.0;-0.11621422731138144
2018-07-31T09:00:00.0;-0.10762144061667302
2018-07-31T10:00:00.0;-0.10143795023989244
2018-07-31T11:00:00.0;-0.10346982312801353
2018-07-31T12:00:00.0;-0.10350793636238739
2018-07-31T13:00:00.0;-0.10532632512009298
2018-07-31T14:00:00.0;-0.11390912524452196
2018-07-31T15:00:00.0;-0.12826083168987404
2018-07-31T16:00:00.0;-0.14741744974860865
2018-07-31T17:00:00.0;-0.15281562395645215
2018-07-31T18:00:00.0;-0.16417980681624547
2018-07-31T19:00:00.0;-0.16678823371301046
2018-07-31T20:00:00.0;-0.15999611784340712
2018-07-31T21:00:00.0;-0.14765520541298147
2018-07-31T22:00:00.0;-0.12704035695698915
2018-07-31T23:00:00.0;-0.07850812756363298
2018-08-01T00:00:00.0;-0.08004958711368358
2018-08-01T01:00:00.0;-0.0747117029234481
2018-08-01T02:00:00.0;-0.07597364394800786
2018-08-01T03:00:00.0;-0.08089767126311241
2018-08-01T04:00:00.0;-0.09005730295384116
2018-08-01T05:00:00.0;-0.10294315426685333
2018-08-01T06:00:00.0;-0.1165957847607812
2018-08-01T07:00:00.0;-0.1219848710512112
2018-08-01T08:00:00.0;-0.11669361334634513
2018-08-01T09:00:00.0;-0.10776082191945427
2018-08-01T10:00:00.0;-0.10160521438613265
2018-08-01T11:00:00.0;-0.1030961469832616
2018-08-01T12:00:00.0;-0.10340573268350946
2018-08-01T13:00:00.0;-0.10555111713075448
2018-08-01T14:00:00.0;-0.11412960097333617
2018-08-01T15:00:00.0;-0.12852268820003912
2018-08-01T16:00:00.0;-0.14772920191281216
2018-08-01T17:00:00.0;-0.1538956124535562
2018-08-01T18:00:00.0;-0.164798396030998
2018-08-01T19:00:00.0;-0.1674199697632512
2018-08-01T20:00:00.0;-0.16050838930536973
2018-08-01T21:00:00.0;-0.1470991393872805
2018-08-01T22:00:00.0;-0.1262971790825847
2018-08-01T23:00:00.0;-0.07801556886393451
2018-08-02T00:00:00.0;-0.08049754249017689
2018-08-02T01:00:00.0;-0.07472591253920752
2018-08-02T02:00:00.0;-0.07599468909641549
2018-08-02T03:00:00.0;-0.08094882794130223
2018-08-02T04:00:00.0;-0.08992147157724563
2018-08-02T05:00:00.0;-0.10290337548495097
2018-08-02T06:00:00.0;-0.1160504612680441
2018-08-02T07:00:00.0;-0.12144078057340603
2018-08-02T08:00:00.0;-0.11635691933480918
2018-08-02T09:00:00.0;-0.10765391673037657
2018-08-02T10:00:00.0;-0.10138759546953711
2018-08-02T11:00:00.0;-0.10339310216868232
2018-08-02T12:00:00.0;-0.10345471582651483
2018-08-02T13:00:00.0;-0.1053429316324509
2018-08-02T14:00:00.0;-0.1139628936420701
2018-08-02T15:00:00.0;-0.1282330914276225
2018-08-02T16:00:00.0;-0.14745225414161378
2018-08-02T17:00:00.0;-0.1530345038147886
2018-08-02T18:00:00.0;-0.16453517998526174
2018-08-02T19:00:00.0;-0.16709389030248895
2018-08-02T20:00:00.0;-0.1601462401146829
2018-08-02T21:00:00.0;-0.1475934653816502
2018-08-02T22:00:00.0;-0.1269295484424744
2018-08-02T23:00:00.0;-0.07843877354738055
2018-08-03T00:00:00.0;-0.08043979088618881
2018-08-03T01:00:00.0;-0.07471480183240123
2018-08-03T02:00:00.0;-0.0759933667576768
2018-08-03T03:00:00.0;-0.08095147005253611
2018-08-03T04:00:00.0;-0.08994308638849935
2018-08-03T05:00:00.0;-0.10298617274390649
2018-08-03T06:00:00.0;-0.11616475138989395
2018-08-03T07:00:00.0;-0.12154350372012356
2018-08-03T08:00:00.0;-0.11642826534652305
2018-08-03T09:00:00.0;-0.10767015478722834
2018-08-03T10:00:00.0;-0.10136241808435945
2018-08-03T11:00:00.0;-0.1033547416890167
2018-08-03T12:00:00.0;-0.10342810555857855
2018-08-03T13:00:00.0;-0.10535123488862985
2018-08-03T14:00:00.0;-0.11398977784084419
2018-08-03T15:00:00.0;-0.12821922129649674
2018-08-03T16:00:00.0;-0.14746965633811634
2018-08-03T17:00:00.0;-0.15314394374395682
2018-08-03T18:00:00.0;-0.1647128665697699
2018-08-03T19:00:00.0;-0.1672467185972282
2018-08-03T20:00:00.0;-0.16022130125032077
2018-08-03T21:00:00.0;-0.14756259536598454
2018-08-03T22:00:00.0;-0.12687414418521703
2018-08-03T23:00:00.0;-0.07840409653925431
2018-08-04T00:00:00.0;-0.07655355958638543
2018-08-04T01:00:00.0;-0.07263744532937576
2018-08-04T02:00:00.0;-0.07377057559438523
2018-08-04T03:00:00.0;-0.07825596875649772
2018-08-04T04:00:00.0;-0.08608178645235404
2018-08-04T05:00:00.0;-0.09671908976064765
2018-08-04T06:00:00.0;-0.10684319623403656
2018-08-04T07:00:00.0;-0.11098830568543129
2018-08-04T08:00:00.0;-0.10702077264689397
2018-08-04T09:00:00.0;-0.09976208559737412
2018-08-04T10:00:00.0;-0.09442042284909406
2018-08-04T11:00:00.0;-0.09517829854909339
2018-08-04T12:00:00.0;-0.09565145889685715
2018-08-04T13:00:00.0;-0.09884897122718429
2018-08-04T14:00:00.0;-0.10718630862940744
2018-08-04T15:00:00.0;-0.12116217250956779
2018-08-04T16:00:00.0;-0.14090442105501755
2018-08-04T17:00:00.0;-0.1510695431547221
2018-08-04T18:00:00.0;-0.16225181010644946
2018-08-04T19:00:00.0;-0.16581069146983454
2018-08-04T20:00:00.0;-0.15901605388792245
2018-08-04T21:00:00.0;-0.14569788107776724
2018-08-04T22:00:00.0;-0.12443761950782523
2018-08-04T23:00:00.0;-0.0772206785019253
2018-08-05T00:00:00.0;-0.07752828039962907
2018-08-05T01:00:00.0;-0.07311971146801231
2018-08-05T02:00:00.0;-0.07430820631638826
2018-08-05T03:00:00.0;-0.07892332742594187
2018-08-05T04:00:00.0;-0.0870045719466284
2018-08-05T05:00:00.0;-0.09835034439472397
2018-08-05T06:00:00.0;-0.1091769662736367
2018-08-05T07:00:00.0;-0.11359599298444419
2018-08-05T08:00:00.0;-0.10933794287405545
2018-08-05T09:00:00.0;-0.10166330974374975
2018-08-05T10:00:00.0;-0.09595673249370582
2018-08-05T11:00:00.0;-0.09712232822901148
2018-08-05T12:00:00.0;-0.09742689007401747
2018-08-05T13:00:00.0;-0.10025755778891263
2018-08-05T14:00:00.0;-0.1087317219176651
2018-08-05T15:00:00.0;-0.12269284415951488
2018-08-05T16:00:00.0;-0.14235958820289543
2018-08-05T17:00:00.0;-0.1514011505452136
2018-08-05T18:00:00.0;-0.16295698390087543
2018-08-05T19:00:00.0;-0.1662074257377327
2018-08-05T20:00:00.0;-0.15927980140069004
2018-08-05T21:00:00.0;-0.1462452468510521
2018-08-05T22:00:00.0;-0.12513154182545355
2018-08-05T23:00:00.0;-0.07757221656440377
2018-08-06T00:00:00.0;-0.08002620397529658
2018-08-06T01:00:00.0;-0.07455654147516197
2018-08-06T02:00:00.0;-0.07586481052118273
2018-08-06T03:00:00.0;-0.08081244046240856
2018-08-06T04:00:00.0;-0.08980317734839541
2018-08-06T05:00:00.0;-0.10293984699519464
2018-08-06T06:00:00.0;-0.11610162088229749
2018-08-06T07:00:00.0;-0.12136631743852583
2018-08-06T08:00:00.0;-0.11618662001173088
2018-08-06T09:00:00.0;-0.1072907374100641
2018-08-06T10:00:00.0;-0.10085749407600483
2018-08-06T11:00:00.0;-0.10273127400959148
2018-08-06T12:00:00.0;-0.10284904565654235
2018-08-06T13:00:00.0;-0.10493170028928325
2018-08-06T14:00:00.0;-0.11363936627751116
2018-08-06T15:00:00.0;-0.1277236726427418
2018-08-06T16:00:00.0;-0.14710667355969173
2018-08-06T17:00:00.0;-0.15333495388174084
2018-08-06T18:00:00.0;-0.16514149793256686
2018-08-06T19:00:00.0;-0.1676377122759975
2018-08-06T20:00:00.0;-0.1603867447986839
2018-08-06T21:00:00.0;-0.14736167803814446
2018-08-06T22:00:00.0;-0.12656189051219008
2018-08-06T23:00:00.0;-0.07822158407451509
2018-08-07T00:00:00.0;-0.08005878879325215
2018-08-07T01:00:00.0;-0.07456565379425245
2018-08-07T02:00:00.0;-0.07584972414092343
2018-08-07T03:00:00.0;-0.08078431028697035
2018-08-07T04:00:00.0;-0.08974297167232449
2018-08-07T05:00:00.0;-0.10276128258839759
2018-08-07T06:00:00.0;-0.11562419285079495
2018-08-07T07:00:00.0;-0.12090964660107827
2018-08-07T08:00:00.0;-0.1158695570734057
2018-08-07T09:00:00.0;-0.10718162895978345
2018-08-07T10:00:00.0;-0.10093466322117108
2018-08-07T11:00:00.0;-0.10287657849924402
2018-08-07T12:00:00.0;-0.10305137192289364
2018-08-07T13:00:00.0;-0.1052477146555282
2018-08-07T14:00:00.0;-0.11384699297129837
2018-08-07T15:00:00.0;-0.12789373215081284
2018-08-07T16:00:00.0;-0.14727845674735796
2018-08-07T17:00:00.0;-0.15350097167505358
2018-08-07T18:00:00.0;-0.1652199561728355
2018-08-07T19:00:00.0;-0.16777268682638202
2018-08-07T20:00:00.0;-0.16042267042062533
2018-08-07T21:00:00.0;-0.14736828515190112
2018-08-07T22:00:00.0;-0.1265665662770215
2018-08-07T23:00:00.0;-0.07825826074659879
2018-08-08T00:00:00.0;-0.07972912138323604
2018-08-08T01:00:00.0;-0.07485909429150994
2018-08-08T02:00:00.0;-0.07564636098010444
2018-08-08T03:00:00.0;-0.07973337445458456
2018-08-08T04:00:00.0;-0.08740023903869726
2018-08-08T05:00:00.0;-0.09945189343195189
2018-08-08T06:00:00.0;-0.11455170996512018
2018-08-08T07:00:00.0;-0.12251804940172743
2018-08-08T08:00:00.0;-0.12026556445486304
2018-08-08T09:00:00.0;-0.11223019862483137
2018-08-08T10:00:00.0;-0.10457975337640185
2018-08-08T11:00:00.0;-0.10397724000668672
2018-08-08T12:00:00.0;-0.1050168110589586
2018-08-08T13:00:00.0;-0.10762563835615735
2018-08-08T14:00:00.0;-0.11599353313348193
2018-08-08T15:00:00.0;-0.1298660875959424
2018-08-08T16:00:00.0;-0.1468073744094592
2018-08-08T17:00:00.0;-0.1582890650917769
2018-08-08T18:00:00.0;-0.16996243660110705
2018-08-08T19:00:00.0;-0.17399306716795407
2018-08-08T20:00:00.0;-0.16777032121142038
2018-08-08T21:00:00.0;-0.15398561888381193
2018-08-08T22:00:00.0;-0.1322101453398292
2018-08-08T23:00:00.0;-0.09235177745829283
2018-08-09T00:00:00.0;-0.07679690759515695
2018-08-09T01:00:00.0;-0.07338788467415806
2018-08-09T02:00:00.0;-0.07452858787345457
2018-08-09T03:00:00.0;-0.07911831917766786
2018-08-09T04:00:00.0;-0.08778943960129752
2018-08-09T05:00:00.0;-0.09926896601794145
2018-08-09T06:00:00.0;-0.10967153446742627
2018-08-09T07:00:00.0;-0.11431987519074936
2018-08-09T08:00:00.0;-0.11013616622920362
2018-08-09T09:00:00.0;-0.10265251863053074
2018-08-09T10:00:00.0;-0.09793070979754503
2018-08-09T11:00:00.0;-0.09865959235453758
2018-08-09T12:00:00.0;-0.10001601189771227
2018-08-09T13:00:00.0;-0.10454158288153483
2018-08-09T14:00:00.0;-0.11236452145725714
2018-08-09T15:00:00.0;-0.12574495467221536
2018-08-09T16:00:00.0;-0.145746535133016
2018-08-09T17:00:00.0;-0.1563782828380357
2018-08-09T18:00:00.0;-0.1670440967065266
2018-08-09T19:00:00.0;-0.1703478808518147
2018-08-09T20:00:00.0;-0.16156209620887124
2018-08-09T21:00:00.0;-0.14521685968057774
2018-08-09T22:00:00.0;-0.1235729244063909
2018-08-09T23:00:00.0;-0.076754209261947
2018-08-10T00:00:00.0;-0.07366733168871982
2018-08-10T01:00:00.0;-0.0721410157118194
2018-08-10T02:00:00.0;-0.0723970444728823
2018-08-10T03:00:00.0;-0.0754387602588407
2018-08-10T04:00:00.0;-0.08096018447019135
2018-08-10T05:00:00.0;-0.08936690932001375
2018-08-10T06:00:00.0;-0.10032260745304047
2018-08-10T07:00:00.0;-0.10749188200767128
2018-08-10T08:00:00.0;-0.10652905726058409
2018-08-10T09:00:00.0;-0.10049673818872248
2018-08-10T10:00:00.0;-0.09347552154634987
2018-08-10T11:00:00.0;-0.09008816739105838
2018-08-10T12:00:00.0;-0.08979826959051111
2018-08-10T13:00:00.0;-0.0931251784154546
2018-08-10T14:00:00.0;-0.10103047195183429
2018-08-10T15:00:00.0;-0.1140233851307152
2018-08-10T16:00:00.0;-0.13318299750966203
2018-08-10T17:00:00.0;-0.15285081169128872
2018-08-10T18:00:00.0;-0.1643915021817501
2018-08-10T19:00:00.0;-0.16959039431677697
2018-08-10T20:00:00.0;-0.16475454180836763
2018-08-10T21:00:00.0;-0.15139733765437224
2018-08-10T22:00:00.0;-0.13045630022919955
2018-08-10T23:00:00.0;-0.09179796347253022
2018-08-11T00:00:00.0;-0.07056809080734813
2018-08-11T01:00:00.0;-0.06959780900473213
2018-08-11T02:00:00.0;-0.0707585879221814
2018-08-11T03:00:00.0;-0.07465348599069929
2018-08-11T04:00:00.0;-0.08099105866523137
2018-08-11T05:00:00.0;-0.089829325486202
2018-08-11T06:00:00.0;-0.09823645334738769
2018-08-11T07:00:00.0;-0.10067386361739541
2018-08-11T08:00:00.0;-0.09716818081215955
2018-08-11T09:00:00.0;-0.0899627798149976
2018-08-11T10:00:00.0;-0.0837299734520021
2018-08-11T11:00:00.0;-0.08220150210180902
2018-08-11T12:00:00.0;-0.08251808377519382
2018-08-11T13:00:00.0;-0.08657451364547991
2018-08-11T14:00:00.0;-0.09559368925273311
2018-08-11T15:00:00.0;-0.10895557801365827
2018-08-11T16:00:00.0;-0.12967144315607945
2018-08-11T17:00:00.0;-0.14714449476205266
2018-08-11T18:00:00.0;-0.15973163546860564
2018-08-11T19:00:00.0;-0.1640310426670427
2018-08-11T20:00:00.0;-0.1578088270109093
2018-08-11T21:00:00.0;-0.14359250936518575
2018-08-11T22:00:00.0;-0.12156129306732179
2018-08-11T23:00:00.0;-0.07641293924174236
2018-08-12T00:00:00.0;-0.07021021642525012
2018-08-12T01:00:00.0;-0.06914646014956465
2018-08-12T02:00:00.0;-0.07011040426942068
2018-08-12T03:00:00.0;-0.07387112989504784
2018-08-12T04:00:00.0;-0.07970497623185295
2018-08-12T05:00:00.0;-0.08686262039221673
2018-08-12T06:00:00.0;-0.09164894884489715
2018-08-12T07:00:00.0;-0.09368082060008444
2018-08-12T08:00:00.0;-0.09160952405677195
2018-08-12T09:00:00.0;-0.08669451463597161
2018-08-12T10:00:00.0;-0.08256041454099458
2018-08-12T11:00:00.0;-0.08170851315291949
2018-08-12T12:00:00.0;-0.0826637835744011
2018-08-12T13:00:00.0;-0.08792447335503882
2018-08-12T14:00:00.0;-0.09593190949649626
2018-08-12T15:00:00.0;-0.10910582075444833
2018-08-12T16:00:00.0;-0.12987403958488436
2018-08-12T17:00:00.0;-0.1474623322025049
2018-08-12T18:00:00.0;-0.15905211185580223
2018-08-12T19:00:00.0;-0.16407878188468838
2018-08-12T20:00:00.0;-0.1571371483797628
2018-08-12T21:00:00.0;-0.1429165462350591
2018-08-12T22:00:00.0;-0.12069340985140092
2018-08-12T23:00:00.0;-0.07546728378654728
2018-08-13T00:00:00.0;-0.07705894766637421
2018-08-13T01:00:00.0;-0.07410652881722282
2018-08-13T02:00:00.0;-0.07536391317309651
2018-08-13T03:00:00.0;-0.0800938768376781
2018-08-13T04:00:00.0;-0.08978619988750233
2018-08-13T05:00:00.0;-0.10223521391937851
2018-08-13T06:00:00.0;-0.11648495541928329
2018-08-13T07:00:00.0;-0.12152290198987727
2018-08-13T08:00:00.0;-0.11578590989679169
2018-08-13T09:00:00.0;-0.10631265151202508
2018-08-13T10:00:00.0;-0.10077760111331582
2018-08-13T11:00:00.0;-0.10027205969794666
2018-08-13T12:00:00.0;-0.10183092119203492
2018-08-13T13:00:00.0;-0.1058962697576561
2018-08-13T14:00:00.0;-0.11418039415248875
2018-08-13T15:00:00.0;-0.12832851589986094
2018-08-13T16:00:00.0;-0.1479881400123852
2018-08-13T17:00:00.0;-0.15824438914243197
2018-08-13T18:00:00.0;-0.1675967418956353
2018-08-13T19:00:00.0;-0.17051251649138374
2018-08-13T20:00:00.0;-0.1625252579767252
2018-08-13T21:00:00.0;-0.144638962814807
2018-08-13T22:00:00.0;-0.12293157784825831
2018-08-13T23:00:00.0;-0.07598677964511569
2018-08-14T00:00:00.0;-0.07689170510532498
2018-08-14T01:00:00.0;-0.07358897000610559
2018-08-14T02:00:00.0;-0.07470667378981312
2018-08-14T03:00:00.0;-0.07915924604844365
2018-08-14T04:00:00.0;-0.08772164659802786
2018-08-14T05:00:00.0;-0.09954518787986723
2018-08-14T06:00:00.0;-0.11307151726024812
2018-08-14T07:00:00.0;-0.11839579510487797
2018-08-14T08:00:00.0;-0.11362131355326048
2018-08-14T09:00:00.0;-0.10476791869548613
2018-08-14T10:00:00.0;-0.09836730590324902
2018-08-14T11:00:00.0;-0.0978299728168636
2018-08-14T12:00:00.0;-0.09851204668671351
2018-08-14T13:00:00.0;-0.10165578909793033
2018-08-14T14:00:00.0;-0.11021262759859517
2018-08-14T15:00:00.0;-0.12421056354570625
2018-08-14T16:00:00.0;-0.14365153306516606
2018-08-14T17:00:00.0;-0.15483277208373783
2018-08-14T18:00:00.0;-0.16553650613975807
2018-08-14T19:00:00.0;-0.16878025916987077
2018-08-14T20:00:00.0;-0.1619598053345109
2018-08-14T21:00:00.0;-0.14660691363856554
2018-08-14T22:00:00.0;-0.12529238881105634
2018-08-14T23:00:00.0;-0.07961368376268642
2018-08-15T00:00:00.0;-0.07670646988918207
2018-08-15T01:00:00.0;-0.0738353164027054
2018-08-15T02:00:00.0;-0.074917006277056
2018-08-15T03:00:00.0;-0.07934072558128656
2018-08-15T04:00:00.0;-0.08823972475670214
2018-08-15T05:00:00.0;-0.10006064571562101
2018-08-15T06:00:00.0;-0.1134513726282195
2018-08-15T07:00:00.0;-0.11906671475396384
2018-08-15T08:00:00.0;-0.11475167600499972
2018-08-15T09:00:00.0;-0.10619897410251163
2018-08-15T10:00:00.0;-0.100505011686484
2018-08-15T11:00:00.0;-0.09970558784270774
2018-08-15T12:00:00.0;-0.10146515622247484
2018-08-15T13:00:00.0;-0.105885423034209
2018-08-15T14:00:00.0;-0.11396095701677866
2018-08-15T15:00:00.0;-0.1277090305214456
2018-08-15T16:00:00.0;-0.14680676997171851
2018-08-15T17:00:00.0;-0.15895497691714572
2018-08-15T18:00:00.0;-0.16893035825304392
2018-08-15T19:00:00.0;-0.1724256098236082
2018-08-15T20:00:00.0;-0.16437990166581828
2018-08-15T21:00:00.0;-0.14677919194860126
2018-08-15T22:00:00.0;-0.12474454302324768
2018-08-15T23:00:00.0;-0.08041152779228708
2018-08-16T00:00:00.0;-0.07541177776477369
2018-08-16T01:00:00.0;-0.07335183804219846
2018-08-16T02:00:00.0;-0.07404497923485166
2018-08-16T03:00:00.0;-0.07765635113019657
2018-08-16T04:00:00.0;-0.08502151555462309
2018-08-16T05:00:00.0;-0.09553347909885092
2018-08-16T06:00:00.0;-0.11098772746030018
2018-08-16T07:00:00.0;-0.1183387492650421
2018-08-16T08:00:00.0;-0.11614924895398773
2018-08-16T09:00:00.0;-0.10788485290911036
2018-08-16T10:00:00.0;-0.10043534346849566
2018-08-16T11:00:00.0;-0.09700634719184238
2018-08-16T12:00:00.0;-0.09895216993877082
2018-08-16T13:00:00.0;-0.10304448136283648
2018-08-16T14:00:00.0;-0.11138250603065489
2018-08-16T15:00:00.0;-0.12530183867396968
2018-08-16T16:00:00.0;-0.14246141923537414
2018-08-16T17:00:00.0;-0.15973064652712904
2018-08-16T18:00:00.0;-0.16995181748078525
2018-08-16T19:00:00.0;-0.17479173384013585
2018-08-16T20:00:00.0;-0.16891419684315634
2018-08-16T21:00:00.0;-0.15188927231181684
2018-08-16T22:00:00.0;-0.12920615255257584
2018-08-16T23:00:00.0;-0.09172779822123829
2018-08-17T00:00:00.0;-0.07904724300198557
2018-08-17T01:00:00.0;-0.07419778412841908
2018-08-17T02:00:00.0;-0.07552294421416245
2018-08-17T03:00:00.0;-0.08041628056220815
2018-08-17T04:00:00.0;-0.08935203839501357
2018-08-17T05:00:00.0;-0.10248525564872582
2018-08-17T06:00:00.0;-0.11476999795626026
2018-08-17T07:00:00.0;-0.11981106468501063
2018-08-17T08:00:00.0;-0.11483687714010342
2018-08-17T09:00:00.0;-0.1061321876506569
2018-08-17T10:00:00.0;-0.0998843205619677
2018-08-17T11:00:00.0;-0.10166524745825993
2018-08-17T12:00:00.0;-0.1020863225708735
2018-08-17T13:00:00.0;-0.10496255499335379
2018-08-17T14:00:00.0;-0.11354036363194762
2018-08-17T15:00:00.0;-0.12708266033667703
2018-08-17T16:00:00.0;-0.14684695969849715
2018-08-17T17:00:00.0;-0.15453722017112168
2018-08-17T18:00:00.0;-0.16677909020165518
2018-08-17T19:00:00.0;-0.1693033455026894
2018-08-17T20:00:00.0;-0.16105146119809202
2018-08-17T21:00:00.0;-0.1468512272217875
2018-08-17T22:00:00.0;-0.12573383515114261
2018-08-17T23:00:00.0;-0.07783590024693503
2018-08-18T00:00:00.0;-0.07114403135157682
2018-08-18T01:00:00.0;-0.06991690096062146
2018-08-18T02:00:00.0;-0.0707755450836383
2018-08-18T03:00:00.0;-0.07437884777429403
2018-08-18T04:00:00.0;-0.08024567211064762
2018-08-18T05:00:00.0;-0.08789721653041536
2018-08-18T06:00:00.0;-0.09539418375820134
2018-08-18T07:00:00.0;-0.09879352060769232
2018-08-18T08:00:00.0;-0.09704956427897383
2018-08-18T09:00:00.0;-0.0914222655226283
2018-08-18T10:00:00.0;-0.08619438857071
2018-08-18T11:00:00.0;-0.08438320073564222
2018-08-18T12:00:00.0;-0.08555493176825742
2018-08-18T13:00:00.0;-0.09039579763303904
2018-08-18T14:00:00.0;-0.09859366715834529
2018-08-18T15:00:00.0;-0.11203374832477883
2018-08-18T16:00:00.0;-0.13161861168114178
2018-08-18T17:00:00.0;-0.1498609397452647
2018-08-18T18:00:00.0;-0.1612650409183598
2018-08-18T19:00:00.0;-0.16648664473501473
2018-08-18T20:00:00.0;-0.16028552281315667
2018-08-18T21:00:00.0;-0.1457911798692069
2018-08-18T22:00:00.0;-0.1233311377927239
2018-08-18T23:00:00.0;-0.08089929089668577
2018-08-19T00:00:00.0;-0.07034009699730175
2018-08-19T01:00:00.0;-0.0692891757143781
2018-08-19T02:00:00.0;-0.07016093144091931
2018-08-19T03:00:00.0;-0.07384951847200627
2018-08-19T04:00:00.0;-0.07960354811301608
2018-08-19T05:00:00.0;-0.0865313198560914
2018-08-19T06:00:00.0;-0.09050045475925546
2018-08-19T07:00:00.0;-0.09275417631612966
2018-08-19T08:00:00.0;-0.09123405827419756
2018-08-19T09:00:00.0;-0.08691578052371464
2018-08-19T10:00:00.0;-0.08328284088195645
2018-08-19T11:00:00.0;-0.08255083704309547
2018-08-19T12:00:00.0;-0.08367642967478432
2018-08-19T13:00:00.0;-0.08940173468346954
2018-08-19T14:00:00.0;-0.09703920887432009
2018-08-19T15:00:00.0;-0.10996290287267038
2018-08-19T16:00:00.0;-0.1307945647836121
2018-08-19T17:00:00.0;-0.14873090837916686
2018-08-19T18:00:00.0;-0.16018535165503306
2018-08-19T19:00:00.0;-0.16537582247381133
2018-08-19T20:00:00.0;-0.1578952990052705
2018-08-19T21:00:00.0;-0.14340516436794612
2018-08-19T22:00:00.0;-0.12105286090097532
2018-08-19T23:00:00.0;-0.0762090403197009
2018-08-20T00:00:00.0;-0.07735048102337416
2018-08-20T01:00:00.0;-0.0749068030102174
2018-08-20T02:00:00.0;-0.0760637840649933
2018-08-20T03:00:00.0;-0.08069109188978192
2018-08-20T04:00:00.0;-0.09086677544776192
2018-08-20T05:00:00.0;-0.10386322742208576
2018-08-20T06:00:00.0;-0.12085900686627797
2018-08-20T07:00:00.0;-0.1269868315435165
2018-08-20T08:00:00.0;-0.12064604835763608
2018-08-20T09:00:00.0;-0.11008791986773353
2018-08-20T10:00:00.0;-0.10386149409637822
2018-08-20T11:00:00.0;-0.1020741784795347
2018-08-20T12:00:00.0;-0.10361622915695896
2018-08-20T13:00:00.0;-0.10741945074919924
2018-08-20T14:00:00.0;-0.11577739319097467
2018-08-20T15:00:00.0;-0.13014284685572103
2018-08-20T16:00:00.0;-0.14955909189333377
2018-08-20T17:00:00.0;-0.16060095162572413
2018-08-20T18:00:00.0;-0.16906094499719715
2018-08-20T19:00:00.0;-0.17185089205699686
2018-08-20T20:00:00.0;-0.16440952698022304
2018-08-20T21:00:00.0;-0.14529337784443017
2018-08-20T22:00:00.0;-0.12381936625101903
2018-08-20T23:00:00.0;-0.07802711888800859
2018-08-21T00:00:00.0;-0.07674656076507519
2018-08-21T01:00:00.0;-0.07438657178173452
2018-08-21T02:00:00.0;-0.07585149688924564
2018-08-21T03:00:00.0;-0.08073983689811806
2018-08-21T04:00:00.0;-0.09115630512540424
2018-08-21T05:00:00.0;-0.10508097568700873
2018-08-21T06:00:00.0;-0.12166134680557192
2018-08-21T07:00:00.0;-0.12677041955471385
2018-08-21T08:00:00.0;-0.11983974190383041
2018-08-21T09:00:00.0;-0.10860740930868933
2018-08-21T10:00:00.0;-0.10194563364798201
2018-08-21T11:00:00.0;-0.10090471958207356
2018-08-21T12:00:00.0;-0.10256257357836318
2018-08-21T13:00:00.0;-0.10664597195229014
2018-08-21T14:00:00.0;-0.11548687525277532
2018-08-21T15:00:00.0;-0.12944199462145978
2018-08-21T16:00:00.0;-0.1493366348823242
2018-08-21T17:00:00.0;-0.16020761037333553
2018-08-21T18:00:00.0;-0.17015311484939943
2018-08-21T19:00:00.0;-0.17245540238944038
2018-08-21T20:00:00.0;-0.16385250511918092
2018-08-21T21:00:00.0;-0.14423456386840217
2018-08-21T22:00:00.0;-0.12225473186369813
2018-08-21T23:00:00.0;-0.07536724828777734
2018-08-22T00:00:00.0;-0.07922307059677366
2018-08-22T01:00:00.0;-0.07461586642824983
2018-08-22T02:00:00.0;-0.07568158326135513
2018-08-22T03:00:00.0;-0.080214870744584
2018-08-22T04:00:00.0;-0.08884467181584131
2018-08-22T05:00:00.0;-0.10132873552002322
2018-08-22T06:00:00.0;-0.11537187664990702
2018-08-22T07:00:00.0;-0.12174918251614378
2018-08-22T08:00:00.0;-0.11777451512551172
2018-08-22T09:00:00.0;-0.10923834600095522
2018-08-22T10:00:00.0;-0.10267881541721723
2018-08-22T11:00:00.0;-0.10299488388564786
2018-08-22T12:00:00.0;-0.10397697465455029
2018-08-22T13:00:00.0;-0.10694104800872074
2018-08-22T14:00:00.0;-0.11530088935236076
2018-08-22T15:00:00.0;-0.1292540737958978
2018-08-22T16:00:00.0;-0.14765786960804808
2018-08-22T17:00:00.0;-0.1570920758034636
2018-08-22T18:00:00.0;-0.16816909915749798
2018-08-22T19:00:00.0;-0.17144773972915792
2018-08-22T20:00:00.0;-0.16424284066484995
2018-08-22T21:00:00.0;-0.14950467217983096
2018-08-22T22:00:00.0;-0.12800898340377936
2018-08-22T23:00:00.0;-0.08366793888988702
2018-08-23T00:00:00.0;-0.07786292959919834
2018-08-23T01:00:00.0;-0.0747244962756333
2018-08-23T02:00:00.0;-0.0754572414622212
2018-08-23T03:00:00.0;-0.07932585263557218
2018-08-23T04:00:00.0;-0.08737710530199148
2018-08-23T05:00:00.0;-0.09932698816188122
2018-08-23T06:00:00.0;-0.1155043993106777
2018-08-23T07:00:00.0;-0.12381454142326224
2018-08-23T08:00:00.0;-0.1216562171564495
2018-08-23T09:00:00.0;-0.11318349358061373
2018-08-23T10:00:00.0;-0.10573026724438604
2018-08-23T11:00:00.0;-0.10340612913632452
2018-08-23T12:00:00.0;-0.10569587543940352
2018-08-23T13:00:00.0;-0.10993879773279683
2018-08-23T14:00:00.0;-0.11802164886807534
2018-08-23T15:00:00.0;-0.13158910076763167
2018-08-23T16:00:00.0;-0.1483593084842417
2018-08-23T17:00:00.0;-0.16343116008896505
2018-08-23T18:00:00.0;-0.174044808685566
2018-08-23T19:00:00.0;-0.17843122209707513
2018-08-23T20:00:00.0;-0.17117933932284196
2018-08-23T21:00:00.0;-0.15354847810228434
2018-08-23T22:00:00.0;-0.130812799347234
2018-08-23T23:00:00.0;-0.09347461576058366
2018-08-24T00:00:00.0;-0.07668229841558719
2018-08-24T01:00:00.0;-0.07310451485278381
2018-08-24T02:00:00.0;-0.07382501269306234
2018-08-24T03:00:00.0;-0.07754866186371369
2018-08-24T04:00:00.0;-0.08419996598436782
2018-08-24T05:00:00.0;-0.09443955985241761
2018-08-24T06:00:00.0;-0.10774728961989864
2018-08-24T07:00:00.0;-0.11465571552063311
2018-08-24T08:00:00.0;-0.11316584990602056
2018-08-24T09:00:00.0;-0.1059683859793494
2018-08-24T10:00:00.0;-0.09859198518923731
2018-08-24T11:00:00.0;-0.09691169335108055
2018-08-24T12:00:00.0;-0.09808107401052144
2018-08-24T13:00:00.0;-0.10124199665566021
2018-08-24T14:00:00.0;-0.10967698721537812
2018-08-24T15:00:00.0;-0.12357374869350282
2018-08-24T16:00:00.0;-0.14069545276758466
2018-08-24T17:00:00.0;-0.15556175760063315
2018-08-24T18:00:00.0;-0.1671766377426512
2018-08-24T19:00:00.0;-0.17199453400903
2018-08-24T20:00:00.0;-0.16652286874850256
2018-08-24T21:00:00.0;-0.15284434216750886
2018-08-24T22:00:00.0;-0.13060329575480598
2018-08-24T23:00:00.0;-0.09180421889374574
2018-08-25T00:00:00.0;-0.07224032770031531
2018-08-25T01:00:00.0;-0.0705162833003136
2018-08-25T02:00:00.0;-0.07150301855780614
2018-08-25T03:00:00.0;-0.07543988335997939
2018-08-25T04:00:00.0;-0.08197866904493231
2018-08-25T05:00:00.0;-0.09072060360026324
2018-08-25T06:00:00.0;-0.09722248755366512
2018-08-25T07:00:00.0;-0.10043784546254048
2018-08-25T08:00:00.0;-0.09811302930710529
2018-08-25T09:00:00.0;-0.0924559173072009
2018-08-25T10:00:00.0;-0.08778438607444272
2018-08-25T11:00:00.0;-0.08738041434184778
2018-08-25T12:00:00.0;-0.08850806223044766
2018-08-25T13:00:00.0;-0.093723176556664
2018-08-25T14:00:00.0;-0.10167211827692121
2018-08-25T15:00:00.0;-0.1145136523065987
2018-08-25T16:00:00.0;-0.13494671328186528
2018-08-25T17:00:00.0;-0.15122560542480484
2018-08-25T18:00:00.0;-0.16321878306696885
2018-08-25T19:00:00.0;-0.16774022794101162
2018-08-25T20:00:00.0;-0.15978504857908934
2018-08-25T21:00:00.0;-0.14465713407413816
2018-08-25T22:00:00.0;-0.12247356558512824
2018-08-25T23:00:00.0;-0.0778754749616593
2018-08-26T00:00:00.0;-0.07050895265870637
2018-08-26T01:00:00.0;-0.0694515886739881
2018-08-26T02:00:00.0;-0.07032466622060583
2018-08-26T03:00:00.0;-0.07407112801945838
2018-08-26T04:00:00.0;-0.07999394966018637
2018-08-26T05:00:00.0;-0.08712500694648155
2018-08-26T06:00:00.0;-0.09036846311166519
2018-08-26T07:00:00.0;-0.09268949823903214
2018-08-26T08:00:00.0;-0.09130025651032224
2018-08-26T09:00:00.0;-0.08728797593211052
2018-08-26T10:00:00.0;-0.08408552959925561
2018-08-26T11:00:00.0;-0.08375961880242
2018-08-26T12:00:00.0;-0.08520427515049409
2018-08-26T13:00:00.0;-0.09149992859616464
2018-08-26T14:00:00.0;-0.0988577065740514
2018-08-26T15:00:00.0;-0.11140294872020175
2018-08-26T16:00:00.0;-0.13239352183673012
2018-08-26T17:00:00.0;-0.15023123104083771
2018-08-26T18:00:00.0;-0.16178191115272642
2018-08-26T19:00:00.0;-0.16689394334411395
2018-08-26T20:00:00.0;-0.1584414514994886
2018-08-26T21:00:00.0;-0.1431069073700545
2018-08-26T22:00:00.0;-0.12069604937599206
2018-08-26T23:00:00.0;-0.07582125897248089
2018-08-27T00:00:00.0;-0.0768390102005319
2018-08-27T01:00:00.0;-0.07442015674444226
2018-08-27T02:00:00.0;-0.07429790688851394
2018-08-27T03:00:00.0;-0.07681467497687719
2018-08-27T04:00:00.0;-0.08206010592676549
2018-08-27T05:00:00.0;-0.09176373997961346
2018-08-27T06:00:00.0;-0.10831502672504967
2018-08-27T07:00:00.0;-0.11994113535768627
2018-08-27T08:00:00.0;-0.121839476694474
2018-08-27T09:00:00.0;-0.11534811991364115
2018-08-27T10:00:00.0;-0.10598386313751872
2018-08-27T11:00:00.0;-0.10076846458536172
2018-08-27T12:00:00.0;-0.10249592145486366
2018-08-27T13:00:00.0;-0.10626303577291957
2018-08-27T14:00:00.0;-0.11400864592614719
2018-08-27T15:00:00.0;-0.1268637637478793
2018-08-27T16:00:00.0;-0.14167608603405413
2018-08-27T17:00:00.0;-0.164050183803486
2018-08-27T18:00:00.0;-0.1758332980096077
2018-08-27T19:00:00.0;-0.1821423647370483
2018-08-27T20:00:00.0;-0.17730237780655797
2018-08-27T21:00:00.0;-0.16174081623073486
2018-08-27T22:00:00.0;-0.13913892472931705
2018-08-27T23:00:00.0;-0.11145577046916468
2018-08-28T00:00:00.0;-0.07543471901073286
2018-08-28T01:00:00.0;-0.07431630192262359
2018-08-28T02:00:00.0;-0.07582917038694319
2018-08-28T03:00:00.0;-0.08067006474556028
2018-08-28T04:00:00.0;-0.09158232657991563
2018-08-28T05:00:00.0;-0.10584689178891273
2018-08-28T06:00:00.0;-0.12370614296742558
2018-08-28T07:00:00.0;-0.12883057397614656
2018-08-28T08:00:00.0;-0.12128628478814925
2018-08-28T09:00:00.0;-0.10916556908055737
2018-08-28T10:00:00.0;-0.10232858146393531
2018-08-28T11:00:00.0;-0.10013824234027462
2018-08-28T12:00:00.0;-0.1023417985063197
2018-08-28T13:00:00.0;-0.1072055773304474
2018-08-28T14:00:00.0;-0.11610072737642693
2018-08-28T15:00:00.0;-0.12990569110229006
2018-08-28T16:00:00.0;-0.15003809626997774
2018-08-28T17:00:00.0;-0.16292306911802001
2018-08-28T18:00:00.0;-0.1723174747699822
2018-08-28T19:00:00.0;-0.17453883220848895
2018-08-28T20:00:00.0;-0.16534904111177465
2018-08-28T21:00:00.0;-0.1431812792707783
2018-08-28T22:00:00.0;-0.12077041552969836
2018-08-28T23:00:00.0;-0.07461681018266297
2018-08-29T00:00:00.0;-0.07576666399385554
2018-08-29T01:00:00.0;-0.07433463725940727
2018-08-29T02:00:00.0;-0.07545513282334639
2018-08-29T03:00:00.0;-0.07983970807579438
2018-08-29T04:00:00.0;-0.0897542855742865
2018-08-29T05:00:00.0;-0.10223776140571389
2018-08-29T06:00:00.0;-0.11928395031421786
2018-08-29T07:00:00.0;-0.12545927603774312
2018-08-29T08:00:00.0;-0.1199568697335195
2018-08-29T09:00:00.0;-0.10959446700984755
2018-08-29T10:00:00.0;-0.10338260859970239
2018-08-29T11:00:00.0;-0.10052752082856808
2018-08-29T12:00:00.0;-0.10311233232057189
2018-08-29T13:00:00.0;-0.10810721320921357
2018-08-29T14:00:00.0;-0.1163543766938481
2018-08-29T15:00:00.0;-0.13050728731499062
2018-08-29T16:00:00.0;-0.14931100204119466
2018-08-29T17:00:00.0;-0.16338153865801533
2018-08-29T18:00:00.0;-0.17165358888576573
2018-08-29T19:00:00.0;-0.1750493012093924
2018-08-29T20:00:00.0;-0.16707514310454957
2018-08-29T21:00:00.0;-0.14600281741291635
2018-08-29T22:00:00.0;-0.1234424376159035
2018-08-29T23:00:00.0;-0.0804664120394186
2018-08-30T00:00:00.0;-0.07621440315006023
2018-08-30T01:00:00.0;-0.0731109388684454
2018-08-30T02:00:00.0;-0.07465462573632398
2018-08-30T03:00:00.0;-0.07944822646917216
2018-08-30T04:00:00.0;-0.08833026220542704
2018-08-30T05:00:00.0;-0.10220855228460247
2018-08-30T06:00:00.0;-0.11529903443970643
2018-08-30T07:00:00.0;-0.1196739492225983
2018-08-30T08:00:00.0;-0.11410718987580855
2018-08-30T09:00:00.0;-0.1040368848074043
2018-08-30T10:00:00.0;-0.0964037694603363
2018-08-30T11:00:00.0;-0.09703606120117808
2018-08-30T12:00:00.0;-0.09761174539109595
2018-08-30T13:00:00.0;-0.10117701888995381
2018-08-30T14:00:00.0;-0.11048960730955847
2018-08-30T15:00:00.0;-0.12325314242696676
2018-08-30T16:00:00.0;-0.14368957842074517
2018-08-30T17:00:00.0;-0.15530431014763574
2018-08-30T18:00:00.0;-0.16924620624376915
2018-08-30T19:00:00.0;-0.17151211936513064
2018-08-30T20:00:00.0;-0.16230310150677574
2018-08-30T21:00:00.0;-0.14593333513396173
2018-08-30T22:00:00.0;-0.12405580054204778
2018-08-30T23:00:00.0;-0.07741732051823794
2018-08-31T00:00:00.0;-0.07850078451657988
2018-08-31T01:00:00.0;-0.07422759837297888
2018-08-31T02:00:00.0;-0.07574589666045793
2018-08-31T03:00:00.0;-0.0807623429826012
2018-08-31T04:00:00.0;-0.09015296856395502
2018-08-31T05:00:00.0;-0.10460542902715873
2018-08-31T06:00:00.0;-0.11805353204753867
2018-08-31T07:00:00.0;-0.12301835406205189
2018-08-31T08:00:00.0;-0.11727431041963025
2018-08-31T09:00:00.0;-0.10731880193809439
2018-08-31T10:00:00.0;-0.10012326241568138
2018-08-31T11:00:00.0;-0.10172799855058097
2018-08-31T12:00:00.0;-0.10223186369498417
2018-08-31T13:00:00.0;-0.10539175298834705
2018-08-31T14:00:00.0;-0.11441054503890608
2018-08-31T15:00:00.0;-0.12740135167525501
2018-08-31T16:00:00.0;-0.14759334941293756
2018-08-31T17:00:00.0;-0.15626904083277263
2018-08-31T18:00:00.0;-0.16967752720318022
2018-08-31T19:00:00.0;-0.17165201771698368
2018-08-31T20:00:00.0;-0.1622992191628167
2018-08-31T21:00:00.0;-0.14654020545173807
2018-08-31T22:00:00.0;-0.12510115525289614
2018-08-31T23:00:00.0;-0.07736465106276151
2018-09-01T00:00:00.0;-0.07777083970819454
2018-09-01T01:00:00.0;-0.07371775684563352
2018-09-01T02:00:00.0;-0.07507207529811957
2018-09-01T03:00:00.0;-0.07989670936443462
2018-09-01T04:00:00.0;-0.08875701830501738
2018-09-01T05:00:00.0;-0.10189625347588038
2018-09-01T06:00:00.0;-0.11319307279928001
2018-09-01T07:00:00.0;-0.11792895568714908
2018-09-01T08:00:00.0;-0.11316251498951993
2018-09-01T09:00:00.0;-0.10462297872110389
2018-09-01T10:00:00.0;-0.0985306813707665
2018-09-01T11:00:00.0;-0.100146871984493
2018-09-01T12:00:00.0;-0.10091570568581924
2018-09-01T13:00:00.0;-0.10472572279892399
2018-09-01T14:00:00.0;-0.11319110362757111
2018-09-01T15:00:00.0;-0.12608644569774458
2018-09-01T16:00:00.0;-0.14632293098812896
2018-09-01T17:00:00.0;-0.15587472090432541
2018-09-01T18:00:00.0;-0.16868381318431136
2018-09-01T19:00:00.0;-0.17123478412352308
2018-09-01T20:00:00.0;-0.16181688599115157
2018-09-01T21:00:00.0;-0.1461955518140725
2018-09-01T22:00:00.0;-0.12468306104842285
2018-09-01T23:00:00.0;-0.07733029230258616
2018-09-02T00:00:00.0;-0.0748795654104139
2018-09-02T01:00:00.0;-0.07233568669975543
2018-09-02T02:00:00.0;-0.07377435462042471
2018-09-02T03:00:00.0;-0.07840065595628828
2018-09-02T04:00:00.0;-0.08679949393977496
2018-09-02T05:00:00.0;-0.0994728223572991
2018-09-02T06:00:00.0;-0.1100654905695051
2018-09-02T07:00:00.0;-0.11388279321806988
2018-09-02T08:00:00.0;-0.1091115922916994
2018-09-02T09:00:00.0;-0.10034045024919905
2018-09-02T10:00:00.0;-0.09381713092610014
2018-09-02T11:00:00.0;-0.09446589321452863
2018-09-02T12:00:00.0;-0.09534959761718713
2018-09-02T13:00:00.0;-0.09983989245375359
2018-09-02T14:00:00.0;-0.10865518231528509
2018-09-02T15:00:00.0;-0.121100027221627
2018-09-02T16:00:00.0;-0.14192848990979215
2018-09-02T17:00:00.0;-0.15494637590176022
2018-09-02T18:00:00.0;-0.16858935867772443
2018-09-02T19:00:00.0;-0.17132602414153045
2018-09-02T20:00:00.0;-0.16161099489664754
2018-09-02T21:00:00.0;-0.14487074869550526
2018-09-02T22:00:00.0;-0.12281763110237198
2018-09-02T23:00:00.0;-0.07626739018614168
2018-09-03T00:00:00.0;-0.07602074523247553
2018-09-03T01:00:00.0;-0.07454965566603496
2018-09-03T02:00:00.0;-0.07558274594217557
2018-09-03T03:00:00.0;-0.07985364883885375
2018-09-03T04:00:00.0;-0.08960739496232666
2018-09-03T05:00:00.0;-0.10210161886487805
2018-09-03T06:00:00.0;-0.11960145846444142
2018-09-03T07:00:00.0;-0.12633924457202167
2018-09-03T08:00:00.0;-0.12120121581655857
2018-09-03T09:00:00.0;-0.1108881479567136
2018-09-03T10:00:00.0;-0.10437773078628433
2018-09-03T11:00:00.0;-0.1012402260367816
2018-09-03T12:00:00.0;-0.10381288795285452
2018-09-03T13:00:00.0;-0.10872196520165957
2018-09-03T14:00:00.0;-0.11693276168359852
2018-09-03T15:00:00.0;-0.13101594992270327
2018-09-03T16:00:00.0;-0.14950299989715635
2018-09-03T17:00:00.0;-0.16408860410145848
2018-09-03T18:00:00.0;-0.172456087712873
2018-09-03T19:00:00.0;-0.17598539837720711
2018-09-03T20:00:00.0;-0.1681824695674431
2018-09-03T21:00:00.0;-0.14717595496478
2018-09-03T22:00:00.0;-0.12462618583649374
2018-09-03T23:00:00.0;-0.08280282700140269
2018-09-04T00:00:00.0;-0.07707426386026917
2018-09-04T01:00:00.0;-0.0739990871484954
2018-09-04T02:00:00.0;-0.07552888236877082
2018-09-04T03:00:00.0;-0.08044036415778479
2018-09-04T04:00:00.0;-0.09009792861292175
2018-09-04T05:00:00.0;-0.10459667970455404
2018-09-04T06:00:00.0;-0.11871013806985269
2018-09-04T07:00:00.0;-0.1236673090995625
2018-09-04T08:00:00.0;-0.11771859583523697
2018-09-04T09:00:00.0;-0.10728691101370676
2018-09-04T10:00:00.0;-0.10007969692276869
2018-09-04T11:00:00.0;-0.10062565861934862
2018-09-04T12:00:00.0;-0.10175289954510593
2018-09-04T13:00:00.0;-0.10583951021462627
2018-09-04T14:00:00.0;-0.1148095468332611
2018-09-04T15:00:00.0;-0.12757034510390836
2018-09-04T16:00:00.0;-0.14790165065913438
2018-09-04T17:00:00.0;-0.15886294680484994
2018-09-04T18:00:00.0;-0.17182698739019803
2018-09-04T19:00:00.0;-0.17389566744408777
2018-09-04T20:00:00.0;-0.1638977200941056
2018-09-04T21:00:00.0;-0.1457870574650448
2018-09-04T22:00:00.0;-0.1238219861454559
2018-09-04T23:00:00.0;-0.07719694373898113
2018-09-05T00:00:00.0;-0.07582110101061228
2018-09-05T01:00:00.0;-0.07463239702384956
2018-09-05T02:00:00.0;-0.076010693392518
2018-09-05T03:00:00.0;-0.08070995739577956
2018-09-05T04:00:00.0;-0.09138579456196373
2018-09-05T05:00:00.0;-0.10572271897416351
2018-09-05T06:00:00.0;-0.12368357690190891
2018-09-05T07:00:00.0;-0.12955043735053376
2018-09-05T08:00:00.0;-0.12244009553921152
2018-09-05T09:00:00.0;-0.11052756967055559
2018-09-05T10:00:00.0;-0.103389203602941
2018-09-05T11:00:00.0;-0.10105503992914891
2018-09-05T12:00:00.0;-0.10300782302198921
2018-09-05T13:00:00.0;-0.10773526598985868
2018-09-05T14:00:00.0;-0.11650595299232225
2018-09-05T15:00:00.0;-0.13000567426305423
2018-09-05T16:00:00.0;-0.1500786312905408
2018-09-05T17:00:00.0;-0.1635267552294259
2018-09-05T18:00:00.0;-0.17328534761061265
2018-09-05T19:00:00.0;-0.17555956125462785
2018-09-05T20:00:00.0;-0.16637003202778008
2018-09-05T21:00:00.0;-0.1444489264679081
2018-09-05T22:00:00.0;-0.12231140401541825
2018-09-05T23:00:00.0;-0.07719059314998486
2018-09-06T00:00:00.0;-0.07666615999190007
2018-09-06T01:00:00.0;-0.07515290124439919
2018-09-06T02:00:00.0;-0.07609125267345107
2018-09-06T03:00:00.0;-0.08030333775115209
2018-09-06T04:00:00.0;-0.09021361857695051
2018-09-06T05:00:00.0;-0.10304597667611666
2018-09-06T06:00:00.0;-0.12186123170300288
2018-09-06T07:00:00.0;-0.12939134340509273
2018-09-06T08:00:00.0;-0.12403085891313488
2018-09-06T09:00:00.0;-0.11329190486304504
2018-09-06T10:00:00.0;-0.10634374243143326
2018-09-06T11:00:00.0;-0.10277152863455685
2018-09-06T12:00:00.0;-0.10505251811922703
2018-09-06T13:00:00.0;-0.10952595989254589
2018-09-06T14:00:00.0;-0.11774653254145313
2018-09-06T15:00:00.0;-0.1318984120829377
2018-09-06T16:00:00.0;-0.15029070199524078
2018-09-06T17:00:00.0;-0.16480823470508874
2018-09-06T18:00:00.0;-0.1729105307791317
2018-09-06T19:00:00.0;-0.1763185220495708
2018-09-06T20:00:00.0;-0.16894711750281832
2018-09-06T21:00:00.0;-0.14794385378354716
2018-09-06T22:00:00.0;-0.12579800001472577
2018-09-06T23:00:00.0;-0.08443091314064162
2018-09-07T00:00:00.0;-0.07761889144553655
2018-09-07T01:00:00.0;-0.07372097722577071
2018-09-07T02:00:00.0;-0.07448051868113603
2018-09-07T03:00:00.0;-0.078414212229483
2018-09-07T04:00:00.0;-0.0856133794817268
2018-09-07T05:00:00.0;-0.09656732166899967
2018-09-07T06:00:00.0;-0.10891758136237877
2018-09-07T07:00:00.0;-0.1159380314491302
2018-09-07T08:00:00.0;-0.11433687122564037
2018-09-07T09:00:00.0;-0.10741671515288885
2018-09-07T10:00:00.0;-0.1007867661429675
2018-09-07T11:00:00.0;-0.10011662482645278
2018-09-07T12:00:00.0;-0.10158232110423172
2018-09-07T13:00:00.0;-0.1054390819197776
2018-09-07T14:00:00.0;-0.11342825540131199
2018-09-07T15:00:00.0;-0.12676833437488944
2018-09-07T16:00:00.0;-0.14436977841262644
2018-09-07T17:00:00.0;-0.15803174279407045
2018-09-07T18:00:00.0;-0.16978597259774902
2018-09-07T19:00:00.0;-0.17421997086344002
2018-09-07T20:00:00.0;-0.16705384300264106
2018-09-07T21:00:00.0;-0.15230295783359024
2018-09-07T22:00:00.0;-0.13010871021631268
2018-09-07T23:00:00.0;-0.09027507186766373
2018-09-08T00:00:00.0;-0.07302632887433726
2018-09-08T01:00:00.0;-0.07150255801164367
2018-09-08T02:00:00.0;-0.07192315103026486
2018-09-08T03:00:00.0;-0.07498500635721463
2018-09-08T04:00:00.0;-0.080393023861427
2018-09-08T05:00:00.0;-0.08812267199047866
2018-09-08T06:00:00.0;-0.09723771471718726
2018-09-08T07:00:00.0;-0.10261088966071977
2018-09-08T08:00:00.0;-0.10277534903349962
2018-09-08T09:00:00.0;-0.0972962149202012
2018-09-08T10:00:00.0;-0.09138600295547353
2018-09-08T11:00:00.0;-0.08839549692133974
2018-09-08T12:00:00.0;-0.08811361303156091
2018-09-08T13:00:00.0;-0.09219421299281026
2018-09-08T14:00:00.0;-0.10003909676019818
2018-09-08T15:00:00.0;-0.11343049009718408
2018-09-08T16:00:00.0;-0.13320347741949184
2018-09-08T17:00:00.0;-0.15331992334851563
2018-09-08T18:00:00.0;-0.16490732463928617
2018-09-08T19:00:00.0;-0.17051272759166197
2018-09-08T20:00:00.0;-0.16494810734755902
2018-09-08T21:00:00.0;-0.15319171235230078
2018-09-08T22:00:00.0;-0.12997120834732848
2018-09-08T23:00:00.0;-0.08942924959114966
2018-09-09T00:00:00.0;-0.07222204993330024
2018-09-09T01:00:00.0;-0.07105076406884368
2018-09-09T02:00:00.0;-0.07184194861798875
2018-09-09T03:00:00.0;-0.07553008396316845
2018-09-09T04:00:00.0;-0.0819668968959199
2018-09-09T05:00:00.0;-0.09114805719846529
2018-09-09T06:00:00.0;-0.09891474066849253
2018-09-09T07:00:00.0;-0.10338331319916418
2018-09-09T08:00:00.0;-0.10103329418071537
2018-09-09T09:00:00.0;-0.09491657055064877
2018-09-09T10:00:00.0;-0.08934456136643097
2018-09-09T11:00:00.0;-0.08799657872161482
2018-09-09T12:00:00.0;-0.08853766568332572
2018-09-09T13:00:00.0;-0.09345863065832685
2018-09-09T14:00:00.0;-0.10139835311331753
2018-09-09T15:00:00.0;-0.11372868784116791
2018-09-09T16:00:00.0;-0.13447268665501766
2018-09-09T17:00:00.0;-0.15250560407565406
2018-09-09T18:00:00.0;-0.164904877385703
2018-09-09T19:00:00.0;-0.16927905975686958
2018-09-09T20:00:00.0;-0.1614484617665495
2018-09-09T21:00:00.0;-0.14587102824917836
2018-09-09T22:00:00.0;-0.12430779293519346
2018-09-09T23:00:00.0;-0.08117139302234676
2018-09-10T00:00:00.0;-0.07703120035330342
2018-09-10T01:00:00.0;-0.07421367821172917
2018-09-10T02:00:00.0;-0.07497857407094462
2018-09-10T03:00:00.0;-0.07887657067015144
2018-09-10T04:00:00.0;-0.0868609391759799
2018-09-10T05:00:00.0;-0.09840023662288502
2018-09-10T06:00:00.0;-0.11299736712257662
2018-09-10T07:00:00.0;-0.120595032857882
2018-09-10T08:00:00.0;-0.1184055246392845
2018-09-10T09:00:00.0;-0.110416804120959
2018-09-10T10:00:00.0;-0.10363704544873069
2018-09-10T11:00:00.0;-0.10162458963641267
2018-09-10T12:00:00.0;-0.1039468077506691
2018-09-10T13:00:00.0;-0.10866074731855545
2018-09-10T14:00:00.0;-0.11656808715827875
2018-09-10T15:00:00.0;-0.1299166753167614
2018-09-10T16:00:00.0;-0.14731152977996148
2018-09-10T17:00:00.0;-0.16263118910938998
2018-09-10T18:00:00.0;-0.1732517361198785
2018-09-10T19:00:00.0;-0.1776384281918079
2018-09-10T20:00:00.0;-0.16986158459175119
2018-09-10T21:00:00.0;-0.15198926638049434
2018-09-10T22:00:00.0;-0.1292599817518936
2018-09-10T23:00:00.0;-0.09082654754578923
2018-09-11T00:00:00.0;-0.0778315142002935
2018-09-11T01:00:00.0;-0.07469480263238461
2018-09-11T02:00:00.0;-0.07477657642952337
2018-09-11T03:00:00.0;-0.07757332326868516
2018-09-11T04:00:00.0;-0.08325720248064576
2018-09-11T05:00:00.0;-0.09371420097372776
2018-09-11T06:00:00.0;-0.11093000323961297
2018-09-11T07:00:00.0;-0.12226344832458595
2018-09-11T08:00:00.0;-0.12387109712975682
2018-09-11T09:00:00.0;-0.11689577478433467
2018-09-11T10:00:00.0;-0.10740592880410117
2018-09-11T11:00:00.0;-0.10293305897159799
2018-09-11T12:00:00.0;-0.1050896601791325
2018-09-11T13:00:00.0;-0.10879952948410333
2018-09-11T14:00:00.0;-0.11678512770264331
2018-09-11T15:00:00.0;-0.12990863050137577
2018-09-11T16:00:00.0;-0.14419697839407142
2018-09-11T17:00:00.0;-0.16477804172186386
2018-09-11T18:00:00.0;-0.1767807311586569
2018-09-11T19:00:00.0;-0.18286236308283302
2018-09-11T20:00:00.0;-0.1776444512250776
2018-09-11T21:00:00.0;-0.1620567447670229
2018-09-11T22:00:00.0;-0.1389487728484171
2018-09-11T23:00:00.0;-0.11078061500309354
2018-09-12T00:00:00.0;-0.07687959165902261
2018-09-12T01:00:00.0;-0.07514445114293755
2018-09-12T02:00:00.0;-0.07598233914405415
2018-09-12T03:00:00.0;-0.07996879065511735
2018-09-12T04:00:00.0;-0.08929057490096798
2018-09-12T05:00:00.0;-0.10193908312425634
2018-09-12T06:00:00.0;-0.12116021645350258
2018-09-12T07:00:00.0;-0.1294337220010554
2018-09-12T08:00:00.0;-0.12531229451702403
2018-09-12T09:00:00.0;-0.11493340237572719
2018-09-12T10:00:00.0;-0.10736100582711942
2018-09-12T11:00:00.0;-0.1034357111600996
2018-09-12T12:00:00.0;-0.1060905744311533
2018-09-12T13:00:00.0;-0.11064300574198085
2018-09-12T14:00:00.0;-0.11890673249835071
2018-09-12T15:00:00.0;-0.1329547856626406
2018-09-12T16:00:00.0;-0.15024176365593914
2018-09-12T17:00:00.0;-0.16605951818630804
2018-09-12T18:00:00.0;-0.17477629731845465
2018-09-12T19:00:00.0;-0.17870231280609544
2018-09-12T20:00:00.0;-0.17154444747390615
2018-09-12T21:00:00.0;-0.15084857916835004
2018-09-12T22:00:00.0;-0.12811973220214024
2018-09-12T23:00:00.0;-0.08979086038268425
2018-09-13T00:00:00.0;-0.07666075253247616
2018-09-13T01:00:00.0;-0.07367702906250602
2018-09-13T02:00:00.0;-0.07535410595792856
2018-09-13T03:00:00.0;-0.08036813372664557
2018-09-13T04:00:00.0;-0.08995345581606173
2018-09-13T05:00:00.0;-0.10524497477117419
2018-09-13T06:00:00.0;-0.11833992746711686
2018-09-13T07:00:00.0;-0.1228921851200848
2018-09-13T08:00:00.0;-0.1168796629762565
2018-09-13T09:00:00.0;-0.10629245490262493
2018-09-13T10:00:00.0;-0.09864297417226416
2018-09-13T11:00:00.0;-0.09992244198142068
2018-09-13T12:00:00.0;-0.10086264916860854
2018-09-13T13:00:00.0;-0.1052460521102955
2018-09-13T14:00:00.0;-0.11443740459319635
2018-09-13T15:00:00.0;-0.12635303289297076
2018-09-13T16:00:00.0;-0.14735474841184912
2018-09-13T17:00:00.0;-0.158810041418616
2018-09-13T18:00:00.0;-0.17361499163310837
2018-09-13T19:00:00.0;-0.17527141310949668
2018-09-13T20:00:00.0;-0.16392925859893717
2018-09-13T21:00:00.0;-0.14558087593192393
2018-09-13T22:00:00.0;-0.12348606656482757
2018-09-13T23:00:00.0;-0.07647474470873006
2018-09-14T00:00:00.0;-0.07617910571450615
2018-09-14T01:00:00.0;-0.07328275159875242
2018-09-14T02:00:00.0;-0.07380439207955283
2018-09-14T03:00:00.0;-0.0772833107856214
2018-09-14T04:00:00.0;-0.08374539707187297
2018-09-14T05:00:00.0;-0.09385385060916428
2018-09-14T06:00:00.0;-0.10513304710447921
2018-09-14T07:00:00.0;-0.11288528248086109
2018-09-14T08:00:00.0;-0.11304410411807324
2018-09-14T09:00:00.0;-0.10721065134900712
2018-09-14T10:00:00.0;-0.10075734837714648
2018-09-14T11:00:00.0;-0.09908045134067074
2018-09-14T12:00:00.0;-0.10141483221881653
2018-09-14T13:00:00.0;-0.10670163659183618
2018-09-14T14:00:00.0;-0.11418060409577914
2018-09-14T15:00:00.0;-0.1267410544387603
2018-09-14T16:00:00.0;-0.14382806471635382
2018-09-14T17:00:00.0;-0.161493943738973
2018-09-14T18:00:00.0;-0.17350177795878652
2018-09-14T19:00:00.0;-0.17876546354984466
2018-09-14T20:00:00.0;-0.17068593684232827
2018-09-14T21:00:00.0;-0.15422067938266157
2018-09-14T22:00:00.0;-0.13120794935966798
2018-09-14T23:00:00.0;-0.09536783257765652
2018-09-15T00:00:00.0;-0.07277604704140303
2018-09-15T01:00:00.0;-0.07177064930485215
2018-09-15T02:00:00.0;-0.07331153740065587
2018-09-15T03:00:00.0;-0.07775672729376583
2018-09-15T04:00:00.0;-0.08608548203230887
2018-09-15T05:00:00.0;-0.0996403495070477
2018-09-15T06:00:00.0;-0.11198071095942458
2018-09-15T07:00:00.0;-0.11586147208015676
2018-09-15T08:00:00.0;-0.1104666397804941
2018-09-15T09:00:00.0;-0.10014396427675287
2018-09-15T10:00:00.0;-0.09185766539664801
2018-09-15T11:00:00.0;-0.0910661115007418
2018-09-15T12:00:00.0;-0.09166338929320313
2018-09-15T13:00:00.0;-0.09626203765865406
2018-09-15T14:00:00.0;-0.1058079318712645
2018-09-15T15:00:00.0;-0.11758264688527402
2018-09-15T16:00:00.0;-0.1389871032361577
2018-09-15T17:00:00.0;-0.15569166629919615
2018-09-15T18:00:00.0;-0.17086314928479837
2018-09-15T19:00:00.0;-0.17329028902273969
2018-09-15T20:00:00.0;-0.1632434689645089
2018-09-15T21:00:00.0;-0.14493925249354617
2018-09-15T22:00:00.0;-0.12258333862478035
2018-09-15T23:00:00.0;-0.07762299151623345
2018-09-16T00:00:00.0;-0.0727070058311613
2018-09-16T01:00:00.0;-0.07102763295577734
2018-09-16T02:00:00.0;-0.07157799003216452
2018-09-16T03:00:00.0;-0.0747738217760435
2018-09-16T04:00:00.0;-0.08014138068611189
2018-09-16T05:00:00.0;-0.08808425961542776
2018-09-16T06:00:00.0;-0.09800007075987607
2018-09-16T07:00:00.0;-0.1038780802170289
2018-09-16T08:00:00.0;-0.10391323621075313
2018-09-16T09:00:00.0;-0.09840699441936394
2018-09-16T10:00:00.0;-0.09193255433831218
2018-09-16T11:00:00.0;-0.08906240065751271
2018-09-16T12:00:00.0;-0.09078176007806477
2018-09-16T13:00:00.0;-0.09554737919282325
2018-09-16T14:00:00.0;-0.10359076296723081
2018-09-16T15:00:00.0;-0.116880594793474
2018-09-16T16:00:00.0;-0.13446365725185197
2018-09-16T17:00:00.0;-0.15450173118691485
2018-09-16T18:00:00.0;-0.16618186973031218
2018-09-16T19:00:00.0;-0.17207845353530274
2018-09-16T20:00:00.0;-0.1662972938081786
2018-09-16T21:00:00.0;-0.15157594974310076
2018-09-16T22:00:00.0;-0.12859017790841046
2018-09-16T23:00:00.0;-0.09183675940391531
2018-09-17T00:00:00.0;-0.07623454175818827
2018-09-17T01:00:00.0;-0.073692296926561
2018-09-17T02:00:00.0;-0.07516272427423132
2018-09-17T03:00:00.0;-0.0798022883073699
2018-09-17T04:00:00.0;-0.08889739210143818
2018-09-17T05:00:00.0;-0.10353598855114989
2018-09-17T06:00:00.0;-0.11806919010052529
2018-09-17T07:00:00.0;-0.12361791845725531
2018-09-17T08:00:00.0;-0.11855630848109608
2018-09-17T09:00:00.0;-0.10804799680189578
2018-09-17T10:00:00.0;-0.09982328353455462
2018-09-17T11:00:00.0;-0.09963900021413041
2018-09-17T12:00:00.0;-0.10097844244957575
2018-09-17T13:00:00.0;-0.105410045546619
2018-09-17T14:00:00.0;-0.11458077519964044
2018-09-17T15:00:00.0;-0.1267595650223697
2018-09-17T16:00:00.0;-0.14662628374803324
2018-09-17T17:00:00.0;-0.16037408265249348
2018-09-17T18:00:00.0;-0.17459945916913783
2018-09-17T19:00:00.0;-0.17696587440925765
2018-09-17T20:00:00.0;-0.16664040119239065
2018-09-17T21:00:00.0;-0.14795071308351648
2018-09-17T22:00:00.0;-0.1254282786470563
2018-09-17T23:00:00.0;-0.08186373275258226
2018-09-18T00:00:00.0;-0.07714925025918602
2018-09-18T01:00:00.0;-0.07488793365263152
2018-09-18T02:00:00.0;-0.07470815789935248
2018-09-18T03:00:00.0;-0.0770510716555585
2018-09-18T04:00:00.0;-0.08234269709294736
2018-09-18T05:00:00.0;-0.09175155604969326
2018-09-18T06:00:00.0;-0.10677953868491837
2018-09-18T07:00:00.0;-0.11691423490313321
2018-09-18T08:00:00.0;-0.11974388338874344
2018-09-18T09:00:00.0;-0.1133069045959345
2018-09-18T10:00:00.0;-0.10496750547235863
2018-09-18T11:00:00.0;-0.09973011270259709
2018-09-18T12:00:00.0;-0.0987964766749906
2018-09-18T13:00:00.0;-0.10205975437583534
2018-09-18T14:00:00.0;-0.10961616594898599
2018-09-18T15:00:00.0;-0.12276951629754934
2018-09-18T16:00:00.0;-0.1407214842789032
2018-09-18T17:00:00.0;-0.16369584190900863
2018-09-18T18:00:00.0;-0.17572380101207358
2018-09-18T19:00:00.0;-0.18183011281419703
2018-09-18T20:00:00.0;-0.17668738750477478
2018-09-18T21:00:00.0;-0.16596346915886012
2018-09-18T22:00:00.0;-0.14144193652853396
2018-09-18T23:00:00.0;-0.10813750159045941
2018-09-19T00:00:00.0;-0.07630638610269513
2018-09-19T01:00:00.0;-0.07382571468873561
2018-09-19T02:00:00.0;-0.07389110795857914
2018-09-19T03:00:00.0;-0.0764559919667391
2018-09-19T04:00:00.0;-0.0815782234084125
2018-09-19T05:00:00.0;-0.09113091544594192
2018-09-19T06:00:00.0;-0.1076675278795644
2018-09-19T07:00:00.0;-0.1183680579991218
2018-09-19T08:00:00.0;-0.12076769545793807
2018-09-19T09:00:00.0;-0.11413744488820654
2018-09-19T10:00:00.0;-0.10470131165146929
2018-09-19T11:00:00.0;-0.09951618723007774
2018-09-19T12:00:00.0;-0.10175074729498035
2018-09-19T13:00:00.0;-0.10583371857579656
2018-09-19T14:00:00.0;-0.11391382044820873
2018-09-19T15:00:00.0;-0.12715060560012226
2018-09-19T16:00:00.0;-0.14143621198653825
2018-09-19T17:00:00.0;-0.1642023859318982
2018-09-19T18:00:00.0;-0.17630213417991933
2018-09-19T19:00:00.0;-0.1829197681773655
2018-09-19T20:00:00.0;-0.1780145355035787
2018-09-19T21:00:00.0;-0.16283041134371362
2018-09-19T22:00:00.0;-0.1388017697633488
2018-09-19T23:00:00.0;-0.11148398923533046
2018-09-20T00:00:00.0;-0.0779259376997483
2018-09-20T01:00:00.0;-0.07559428628030661
2018-09-20T02:00:00.0;-0.07542776744913963
2018-09-20T03:00:00.0;-0.07789991188449476
2018-09-20T04:00:00.0;-0.0838018635443217
2018-09-20T05:00:00.0;-0.0937056198439184
2018-09-20T06:00:00.0;-0.1086242937193133
2018-09-20T07:00:00.0;-0.11837933105811096
2018-09-20T08:00:00.0;-0.12059535080556458
2018-09-20T09:00:00.0;-0.11375589453163473
2018-09-20T10:00:00.0;-0.10597441083653561
2018-09-20T11:00:00.0;-0.1010681158045037
2018-09-20T12:00:00.0;-0.09903318421912156
2018-09-20T13:00:00.0;-0.10195933050522595
2018-09-20T14:00:00.0;-0.10935707718884456
2018-09-20T15:00:00.0;-0.12257808848831116
2018-09-20T16:00:00.0;-0.14210598177906766
2018-09-20T17:00:00.0;-0.1638756923522504
2018-09-20T18:00:00.0;-0.17558248939354767
2018-09-20T19:00:00.0;-0.18112521583397528
2018-09-20T20:00:00.0;-0.17557750476828796
2018-09-20T21:00:00.0;-0.1659603280143932
2018-09-20T22:00:00.0;-0.14144637676353491
2018-09-20T23:00:00.0;-0.10465405006895136
2018-09-21T00:00:00.0;-0.0775472185561222
2018-09-21T01:00:00.0;-0.07537984705757303
2018-09-21T02:00:00.0;-0.07508768739986582
2018-09-21T03:00:00.0;-0.07732826805986472
2018-09-21T04:00:00.0;-0.08269576458166866
2018-09-21T05:00:00.0;-0.09205031941506076
2018-09-21T06:00:00.0;-0.10643215646348397
2018-09-21T07:00:00.0;-0.11633955415817464
2018-09-21T08:00:00.0;-0.11937538910352107
2018-09-21T09:00:00.0;-0.11302136306764936
2018-09-21T10:00:00.0;-0.10516078803356638
2018-09-21T11:00:00.0;-0.09989080607461219
2018-09-21T12:00:00.0;-0.09754326265026524
2018-09-21T13:00:00.0;-0.10044014585627062
2018-09-21T14:00:00.0;-0.10776002662147438
2018-09-21T15:00:00.0;-0.12087280840804232
2018-09-21T16:00:00.0;-0.1404507155702869
2018-09-21T17:00:00.0;-0.16353206370591322
2018-09-21T18:00:00.0;-0.17553083828637708
2018-09-21T19:00:00.0;-0.1814113463608169
2018-09-21T20:00:00.0;-0.1761594137369416
2018-09-21T21:00:00.0;-0.16742435461449737
2018-09-21T22:00:00.0;-0.1426760516605118
2018-09-21T23:00:00.0;-0.1067399791109557
2018-09-22T00:00:00.0;-0.07442257844844591
2018-09-22T01:00:00.0;-0.072889243537857
2018-09-22T02:00:00.0;-0.07307782088847652
2018-09-22T03:00:00.0;-0.07607789711420178
2018-09-22T04:00:00.0;-0.08185337669124199
2018-09-22T05:00:00.0;-0.09086869853730067
2018-09-22T06:00:00.0;-0.10227711994877722
2018-09-22T07:00:00.0;-0.10987685586766764
2018-09-22T08:00:00.0;-0.10899054528698647
2018-09-22T09:00:00.0;-0.10263815542359951
2018-09-22T10:00:00.0;-0.09549978814508012
2018-09-22T11:00:00.0;-0.09204625572465196
2018-09-22T12:00:00.0;-0.09104616166424383
2018-09-22T13:00:00.0;-0.09422037706055902
2018-09-22T14:00:00.0;-0.10200596167990388
2018-09-22T15:00:00.0;-0.11474415829897347
2018-09-22T16:00:00.0;-0.13468183474869835
2018-09-22T17:00:00.0;-0.15449845270753096
2018-09-22T18:00:00.0;-0.16632269977162537
2018-09-22T19:00:00.0;-0.1712285566022093
2018-09-22T20:00:00.0;-0.16589647021224566
2018-09-22T21:00:00.0;-0.15307220986786035
2018-09-22T22:00:00.0;-0.13196742780078632
2018-09-22T23:00:00.0;-0.09253633663933536
2018-09-23T00:00:00.0;-0.0716695253825746
2018-09-23T01:00:00.0;-0.07051918183787945
2018-09-23T02:00:00.0;-0.07133072027443466
2018-09-23T03:00:00.0;-0.07524820592873671
2018-09-23T04:00:00.0;-0.08189185343113191
2018-09-23T05:00:00.0;-0.09005842723527878
2018-09-23T06:00:00.0;-0.09070931362951143
2018-09-23T07:00:00.0;-0.09376967236087634
2018-09-23T08:00:00.0;-0.09322034855809905
2018-09-23T09:00:00.0;-0.09043756703877251
2018-09-23T10:00:00.0;-0.08888592876017869
2018-09-23T11:00:00.0;-0.0900854305738726
2018-09-23T12:00:00.0;-0.0927339325707544
2018-09-23T13:00:00.0;-0.10137715640050235
2018-09-23T14:00:00.0;-0.10748504451023518
2018-09-23T15:00:00.0;-0.11837489618948988
2018-09-23T16:00:00.0;-0.13999260116869613
2018-09-23T17:00:00.0;-0.15769377669467843
2018-09-23T18:00:00.0;-0.16969969215454644
2018-09-23T19:00:00.0;-0.17450629142753712
2018-09-23T20:00:00.0;-0.16190317204356516
2018-09-23T21:00:00.0;-0.14318373329020284
2018-09-23T22:00:00.0;-0.1203763948072325
2018-09-23T23:00:00.0;-0.0758807603633679
2018-09-24T00:00:00.0;-0.07573127824529796
2018-09-24T01:00:00.0;-0.07329954270288729
2018-09-24T02:00:00.0;-0.07382910585202675
2018-09-24T03:00:00.0;-0.07702609147820044
2018-09-24T04:00:00.0;-0.08314532153989329
2018-09-24T05:00:00.0;-0.09390659442613512
2018-09-24T06:00:00.0;-0.10949751523969783
2018-09-24T07:00:00.0;-0.11831127444514271
2018-09-24T08:00:00.0;-0.11838600717399202
2018-09-24T09:00:00.0;-0.11070859047731835
2018-09-24T10:00:00.0;-0.10160424919660725
2018-09-24T11:00:00.0;-0.09794457943549294
2018-09-24T12:00:00.0;-0.10007425911330295
2018-09-24T13:00:00.0;-0.10423515616742113
2018-09-24T14:00:00.0;-0.11277257678100172
2018-09-24T15:00:00.0;-0.1257841413296776
2018-09-24T16:00:00.0;-0.14154574310747897
2018-09-24T17:00:00.0;-0.16167489716115174
2018-09-24T18:00:00.0;-0.17446578042895655
2018-09-24T19:00:00.0;-0.1799124193777699
2018-09-24T20:00:00.0;-0.1736931898160483
2018-09-24T21:00:00.0;-0.15745624534469183
2018-09-24T22:00:00.0;-0.13399812319963833
2018-09-24T23:00:00.0;-0.10193331021130816
2018-09-25T00:00:00.0;-0.07543098205934103
2018-09-25T01:00:00.0;-0.07359417617949349
2018-09-25T02:00:00.0;-0.0753293203645757
2018-09-25T03:00:00.0;-0.0802407905970243
2018-09-25T04:00:00.0;-0.09007890149820724
2018-09-25T05:00:00.0;-0.1060832479751437
2018-09-25T06:00:00.0;-0.12051639420841874
2018-09-25T07:00:00.0;-0.1253827411347575
2018-09-25T08:00:00.0;-0.11919595790189008
2018-09-25T09:00:00.0;-0.10768188756958937
2018-09-25T10:00:00.0;-0.09926889055391915
2018-09-25T11:00:00.0;-0.0994969039727215
2018-09-25T12:00:00.0;-0.1009987080663011
2018-09-25T13:00:00.0;-0.10620601493360671
2018-09-25T14:00:00.0;-0.11559348842590231
2018-09-25T15:00:00.0;-0.1269747635463142
2018-09-25T16:00:00.0;-0.1479898794288192
2018-09-25T17:00:00.0;-0.16215509036267264
2018-09-25T18:00:00.0;-0.17745140728507516
2018-09-25T19:00:00.0;-0.17903194899630187
2018-09-25T20:00:00.0;-0.1667121347680383
2018-09-25T21:00:00.0;-0.1458777875043092
2018-09-25T22:00:00.0;-0.1231173814200551
2018-09-25T23:00:00.0;-0.07805866114843617
2018-09-26T00:00:00.0;-0.07523679321811046
2018-09-26T01:00:00.0;-0.07299274221224013
2018-09-26T02:00:00.0;-0.07322579964619852
2018-09-26T03:00:00.0;-0.07598392582186782
2018-09-26T04:00:00.0;-0.08119307550649742
2018-09-26T05:00:00.0;-0.09039127355717792
2018-09-26T06:00:00.0;-0.1054673382308054
2018-09-26T07:00:00.0;-0.11476464883133845
2018-09-26T08:00:00.0;-0.11630905752816956
2018-09-26T09:00:00.0;-0.10973645780502114
2018-09-26T10:00:00.0;-0.10088659006863215
2018-09-26T11:00:00.0;-0.09625282188350602
2018-09-26T12:00:00.0;-0.09826969289706694
2018-09-26T13:00:00.0;-0.102351563653583
2018-09-26T14:00:00.0;-0.11057775210456472
2018-09-26T15:00:00.0;-0.12392698458178422
2018-09-26T16:00:00.0;-0.13909060829984007
2018-09-26T17:00:00.0;-0.1610462207864578
2018-09-26T18:00:00.0;-0.17309852280903473
2018-09-26T19:00:00.0;-0.17946089539024337
2018-09-26T20:00:00.0;-0.17454562607343468
2018-09-26T21:00:00.0;-0.15960048583265468
2018-09-26T22:00:00.0;-0.13589421718541939
2018-09-26T23:00:00.0;-0.10588641586774966
2018-09-27T00:00:00.0;-0.07620773829294257
2018-09-27T01:00:00.0;-0.07356793350161783
2018-09-27T02:00:00.0;-0.07451561743385361
2018-09-27T03:00:00.0;-0.07847230224967365
2018-09-27T04:00:00.0;-0.08608110796856108
2018-09-27T05:00:00.0;-0.09858179717630158
2018-09-27T06:00:00.0;-0.11167744543704035
2018-09-27T07:00:00.0;-0.11876449893597123
2018-09-27T08:00:00.0;-0.11677630001515478
2018-09-27T09:00:00.0;-0.10866805023895552
2018-09-27T10:00:00.0;-0.10101368541587984
2018-09-27T11:00:00.0;-0.09988490030422874
2018-09-27T12:00:00.0;-0.10188269712297723
2018-09-27T13:00:00.0;-0.10694087104610311
2018-09-27T14:00:00.0;-0.11524221199601664
2018-09-27T15:00:00.0;-0.12734575530022968
2018-09-27T16:00:00.0;-0.14554137190523003
2018-09-27T17:00:00.0;-0.16214781634515957
2018-09-27T18:00:00.0;-0.1756857484664144
2018-09-27T19:00:00.0;-0.17962614227995863
2018-09-27T20:00:00.0;-0.17015272661270686
2018-09-27T21:00:00.0;-0.15225450676444444
2018-09-27T22:00:00.0;-0.12926912064099752
2018-09-27T23:00:00.0;-0.09095010782217484
2018-09-28T00:00:00.0;-0.07501876369797868
2018-09-28T01:00:00.0;-0.07336360175696734
2018-09-28T02:00:00.0;-0.0746888781444102
2018-09-28T03:00:00.0;-0.07889601179890629
2018-09-28T04:00:00.0;-0.08732372955019806
2018-09-28T05:00:00.0;-0.10169916915657656
2018-09-28T06:00:00.0;-0.11759955977737965
2018-09-28T07:00:00.0;-0.12407622086437659
2018-09-28T08:00:00.0;-0.12009081413576003
2018-09-28T09:00:00.0;-0.10938216419482046
2018-09-28T10:00:00.0;-0.09996930399635634
2018-09-28T11:00:00.0;-0.09816453632784321
2018-09-28T12:00:00.0;-0.09992291219287072
2018-09-28T13:00:00.0;-0.10469348669810236
2018-09-28T14:00:00.0;-0.11407447476766096
2018-09-28T15:00:00.0;-0.12598632381517874
2018-09-28T16:00:00.0;-0.1449100790541622
2018-09-28T17:00:00.0;-0.1624571619116678
2018-09-28T18:00:00.0;-0.17724941646133438
2018-09-28T19:00:00.0;-0.18024056524410295
2018-09-28T20:00:00.0;-0.17028855986229205
2018-09-28T21:00:00.0;-0.1506953159674497
2018-09-28T22:00:00.0;-0.1274367436269357
2018-09-28T23:00:00.0;-0.0882005117679285
2018-09-29T00:00:00.0;-0.072493819429379
2018-09-29T01:00:00.0;-0.07141550937481424
2018-09-29T02:00:00.0;-0.072661898161235
2018-09-29T03:00:00.0;-0.07700593601305172
2018-09-29T04:00:00.0;-0.08491678385968925
2018-09-29T05:00:00.0;-0.09637709261018905
2018-09-29T06:00:00.0;-0.10166973040330993
2018-09-29T07:00:00.0;-0.10506042428239241
2018-09-29T08:00:00.0;-0.10221456561965517
2018-09-29T09:00:00.0;-0.09599948477296594
2018-09-29T10:00:00.0;-0.09179028940503886
2018-09-29T11:00:00.0;-0.09282231142275686
2018-09-29T12:00:00.0;-0.09507053413069139
2018-09-29T13:00:00.0;-0.10279835687940495
2018-09-29T14:00:00.0;-0.11021527015938139
2018-09-29T15:00:00.0;-0.12084874272680769
2018-09-29T16:00:00.0;-0.14272062532884797
2018-09-29T17:00:00.0;-0.15968170602770815
2018-09-29T18:00:00.0;-0.17363325729737808
2018-09-29T19:00:00.0;-0.17701590445567167
2018-09-29T20:00:00.0;-0.1636897739724114
2018-09-29T21:00:00.0;-0.14353342754238077
2018-09-29T22:00:00.0;-0.12060364268811088
2018-09-29T23:00:00.0;-0.07556900899154888
2018-09-30T00:00:00.0;-0.07225193024530384
2018-09-30T01:00:00.0;-0.07101157704261102
2018-09-30T02:00:00.0;-0.07158384630396573
2018-09-30T03:00:00.0;-0.07517736938275518
2018-09-30T04:00:00.0;-0.08136009674071897
2018-09-30T05:00:00.0;-0.08933815098135427
2018-09-30T06:00:00.0;-0.09301883809501152
2018-09-30T07:00:00.0;-0.09745013557541667
2018-09-30T08:00:00.0;-0.09672930346082763
2018-09-30T09:00:00.0;-0.09310291696618253
2018-09-30T10:00:00.0;-0.0899332105821247
2018-09-30T11:00:00.0;-0.0896128738219025
2018-09-30T12:00:00.0;-0.09109900311088658
2018-09-30T13:00:00.0;-0.09787924705696407
2018-09-30T14:00:00.0;-0.10447832943313658
2018-09-30T15:00:00.0;-0.11606582361929217
2018-09-30T16:00:00.0;-0.13706490550032224
2018-09-30T17:00:00.0;-0.1553425667009871
2018-09-30T18:00:00.0;-0.1669967932497097
2018-09-30T19:00:00.0;-0.1719514063882002
2018-09-30T20:00:00.0;-0.1621316354796125
2018-09-30T21:00:00.0;-0.14543085747962353
2018-09-30T22:00:00.0;-0.12357938740291537
2018-09-30T23:00:00.0;-0.08066339816007516
2018-10-01T00:00:00.0;-0.07622420668176585
2018-10-01T01:00:00.0;-0.07431497940843428
2018-10-01T02:00:00.0;-0.07470595992260284
2018-10-01T03:00:00.0;-0.07774197002435372
2018-10-01T04:00:00.0;-0.08422571721664247
2018-10-01T05:00:00.0;-0.0955755324292101
2018-10-01T06:00:00.0;-0.11045044772089227
2018-10-01T07:00:00.0;-0.1189099593078906
2018-10-01T08:00:00.0;-0.11913973554926542
2018-10-01T09:00:00.0;-0.11106331516511277
2018-10-01T10:00:00.0;-0.10242573680504717
2018-10-01T11:00:00.0;-0.09858143255063682
2018-10-01T12:00:00.0;-0.09811319181223581
2018-10-01T13:00:00.0;-0.10186428326852966
2018-10-01T14:00:00.0;-0.11010110248702254
2018-10-01T15:00:00.0;-0.1226467330388103
2018-10-01T16:00:00.0;-0.14173084875553768
2018-10-01T17:00:00.0;-0.16282647368265823
2018-10-01T18:00:00.0;-0.17620075240863733
2018-10-01T19:00:00.0;-0.18096891752926664
2018-10-01T20:00:00.0;-0.1737826119492187
2018-10-01T21:00:00.0;-0.16036909044743317
2018-10-01T22:00:00.0;-0.13623359378087369
2018-10-01T23:00:00.0;-0.09950645054693112
2018-10-02T00:00:00.0;-0.07913522933421617
2018-10-02T01:00:00.0;-0.07654872367806118
2018-10-02T02:00:00.0;-0.0760865564644812
2018-10-02T03:00:00.0;-0.07812276929960828
2018-10-02T04:00:00.0;-0.08345397014885664
2018-10-02T05:00:00.0;-0.09371434100669497
2018-10-02T06:00:00.0;-0.11097614430046376
2018-10-02T07:00:00.0;-0.12326501102235445
2018-10-02T08:00:00.0;-0.12738355972377371
2018-10-02T09:00:00.0;-0.12067567133594115
2018-10-02T10:00:00.0;-0.11150779294328486
2018-10-02T11:00:00.0;-0.10545529734818868
2018-10-02T12:00:00.0;-0.10422923051542006
2018-10-02T13:00:00.0;-0.10736607821796966
2018-10-02T14:00:00.0;-0.11462768650135303
2018-10-02T15:00:00.0;-0.12748176266176298
2018-10-02T16:00:00.0;-0.1448719835685318
2018-10-02T17:00:00.0;-0.16909740141452628
2018-10-02T18:00:00.0;-0.18136836183555088
2018-10-02T19:00:00.0;-0.18763654020028275
2018-10-02T20:00:00.0;-0.1821903292866651
2018-10-02T21:00:00.0;-0.17173391357396514
2018-10-02T22:00:00.0;-0.14657185630363692
2018-10-02T23:00:00.0;-0.11622227833892125
2018-10-03T00:00:00.0;-0.07527991273813121
2018-10-03T01:00:00.0;-0.07380873316952925
2018-10-03T02:00:00.0;-0.07525068651693603
2018-10-03T03:00:00.0;-0.07964451243411684
2018-10-03T04:00:00.0;-0.0887481155230574
2018-10-03T05:00:00.0;-0.10413592553933232
2018-10-03T06:00:00.0;-0.12064845697746003
2018-10-03T07:00:00.0;-0.1271815315579729
2018-10-03T08:00:00.0;-0.12251971234071428
2018-10-03T09:00:00.0;-0.1111239244258992
2018-10-03T10:00:00.0;-0.10166662861373214
2018-10-03T11:00:00.0;-0.10007308724946447
2018-10-03T12:00:00.0;-0.10209071608820201
2018-10-03T13:00:00.0;-0.10729737175018049
2018-10-03T14:00:00.0;-0.11667601521819239
2018-10-03T15:00:00.0;-0.1282460778409821
2018-10-03T16:00:00.0;-0.14754780826886227
2018-10-03T17:00:00.0;-0.1647783917004969
2018-10-03T18:00:00.0;-0.17974152382608397
2018-10-03T19:00:00.0;-0.18225666826254755
2018-10-03T20:00:00.0;-0.17113383644400595
2018-10-03T21:00:00.0;-0.1499994397925902
2018-10-03T22:00:00.0;-0.12663150589046399
2018-10-03T23:00:00.0;-0.08680969325509617
2018-10-04T00:00:00.0;-0.07720780170375476
2018-10-04T01:00:00.0;-0.07512867728547461
2018-10-04T02:00:00.0;-0.07585392378471167
2018-10-04T03:00:00.0;-0.07947025056557136
2018-10-04T04:00:00.0;-0.08761858211662472
2018-10-04T05:00:00.0;-0.10094474864398971
2018-10-04T06:00:00.0;-0.12035237322806348
2018-10-04T07:00:00.0;-0.13009345709466147
2018-10-04T08:00:00.0;-0.1281149317851394
2018-10-04T09:00:00.0;-0.11809289281841547
2018-10-04T10:00:00.0;-0.10860239035435724
2018-10-04T11:00:00.0;-0.10461033926916631
2018-10-04T12:00:00.0;-0.10739556731457457
2018-10-04T13:00:00.0;-0.11207063878810057
2018-10-04T14:00:00.0;-0.12063392520328049
2018-10-04T15:00:00.0;-0.1335101380431069
2018-10-04T16:00:00.0;-0.14957381887510435
2018-10-04T17:00:00.0;-0.16836702724880145
2018-10-04T18:00:00.0;-0.18022259959042528
2018-10-04T19:00:00.0;-0.18456567313184838
2018-10-04T20:00:00.0;-0.17662223442649458
2018-10-04T21:00:00.0;-0.1564850314221697
2018-10-04T22:00:00.0;-0.13294923941965525
2018-10-04T23:00:00.0;-0.10000690810149203
2018-10-05T00:00:00.0;-0.07595912199603182
2018-10-05T01:00:00.0;-0.07385277558729698
2018-10-05T02:00:00.0;-0.07589077286175762
2018-10-05T03:00:00.0;-0.08115645874189535
2018-10-05T04:00:00.0;-0.09162007552236269
2018-10-05T05:00:00.0;-0.10941001341279663
2018-10-05T06:00:00.0;-0.12503197165845228
2018-10-05T07:00:00.0;-0.1295132980810071
2018-10-05T08:00:00.0;-0.12196365887756823
2018-10-05T09:00:00.0;-0.1089299874351208
2018-10-05T10:00:00.0;-0.09940902599287166
2018-10-05T11:00:00.0;-0.10037853677036829
2018-10-05T12:00:00.0;-0.10136354299291495
2018-10-05T13:00:00.0;-0.10599544455691465
2018-10-05T14:00:00.0;-0.11607559338128609
2018-10-05T15:00:00.0;-0.1271431046045613
2018-10-05T16:00:00.0;-0.14881980897639668
2018-10-05T17:00:00.0;-0.16163486091512713
2018-10-05T18:00:00.0;-0.178498713133757
2018-10-05T19:00:00.0;-0.1791039301461085
2018-10-05T20:00:00.0;-0.16604493335899723
2018-10-05T21:00:00.0;-0.14516753948389657
2018-10-05T22:00:00.0;-0.1225755946258563
2018-10-05T23:00:00.0;-0.07571367444211333
2018-10-06T00:00:00.0;-0.07524792856984414
2018-10-06T01:00:00.0;-0.07323513109347954
2018-10-06T02:00:00.0;-0.07382841080867172
2018-10-06T03:00:00.0;-0.07714922336660059
2018-10-06T04:00:00.0;-0.08360379041473473
2018-10-06T05:00:00.0;-0.09474353986147734
2018-10-06T06:00:00.0;-0.1083880982800397
2018-10-06T07:00:00.0;-0.11679484965776576
2018-10-06T08:00:00.0;-0.11688935852636174
2018-10-06T09:00:00.0;-0.10969178000672077
2018-10-06T10:00:00.0;-0.10149203409572051
2018-10-06T11:00:00.0;-0.09858334319710323
2018-10-06T12:00:00.0;-0.10116707722410119
2018-10-06T13:00:00.0;-0.10662859254515528
2018-10-06T14:00:00.0;-0.11470512941691076
2018-10-06T15:00:00.0;-0.12680308983177263
2018-10-06T16:00:00.0;-0.1434787679017023
2018-10-06T17:00:00.0;-0.16403427699441325
2018-10-06T18:00:00.0;-0.1773015333712432
2018-10-06T19:00:00.0;-0.18247574101979028
2018-10-06T20:00:00.0;-0.17404743528422525
2018-10-06T21:00:00.0;-0.15599022899466983
2018-10-06T22:00:00.0;-0.13231142733597256
2018-10-06T23:00:00.0;-0.099389652226704
2018-10-07T00:00:00.0;-0.07150539330261127
2018-10-07T01:00:00.0;-0.07043885773768117
2018-10-07T02:00:00.0;-0.0714999602958626
2018-10-07T03:00:00.0;-0.07555429179849185
2018-10-07T04:00:00.0;-0.08248961078047014
2018-10-07T05:00:00.0;-0.09179667332361592
2018-10-07T06:00:00.0;-0.09593918892907859
2018-10-07T07:00:00.0;-0.09878675450359248
2018-10-07T08:00:00.0;-0.09668257509454907
2018-10-07T09:00:00.0;-0.09162104141991478
2018-10-07T10:00:00.0;-0.08798538949617596
2018-10-07T11:00:00.0;-0.08839929274486867
2018-10-07T12:00:00.0;-0.0902940932010617
2018-10-07T13:00:00.0;-0.0973858398851187
2018-10-07T14:00:00.0;-0.10473509358833015
2018-10-07T15:00:00.0;-0.11627724705181791
2018-10-07T16:00:00.0;-0.13773031963266186
2018-10-07T17:00:00.0;-0.1551087338630234
2018-10-07T18:00:00.0;-0.16786541702739247
2018-10-07T19:00:00.0;-0.1721054246691195
2018-10-07T20:00:00.0;-0.1610914534189293
2018-10-07T21:00:00.0;-0.14323204722831193
2018-10-07T22:00:00.0;-0.12055966986133838
2018-10-07T23:00:00.0;-0.07558413112766664
2018-10-08T00:00:00.0;-0.07597802755950128
2018-10-08T01:00:00.0;-0.07401848889564383
2018-10-08T02:00:00.0;-0.07468114691496373
2018-10-08T03:00:00.0;-0.07802042216033739
2018-10-08T04:00:00.0;-0.0849128726406604
2018-10-08T05:00:00.0;-0.0973392046010282
2018-10-08T06:00:00.0;-0.11347154113293813
2018-10-08T07:00:00.0;-0.12210331371138042
2018-10-08T08:00:00.0;-0.12142541913743451
2018-10-08T09:00:00.0;-0.11252489697494468
2018-10-08T10:00:00.0;-0.10302075565177217
2018-10-08T11:00:00.0;-0.0995442196948663
2018-10-08T12:00:00.0;-0.1007036395154378
2018-10-08T13:00:00.0;-0.10501003428159432
2018-10-08T14:00:00.0;-0.11369280669851431
2018-10-08T15:00:00.0;-0.12595423965655922
2018-10-08T16:00:00.0;-0.14358642214831172
2018-10-08T17:00:00.0;-0.1641605674332783
2018-10-08T18:00:00.0;-0.1781754151008849
2018-10-08T19:00:00.0;-0.18269378505967188
2018-10-08T20:00:00.0;-0.17471865675075868
2018-10-08T21:00:00.0;-0.15815722875231794
2018-10-08T22:00:00.0;-0.13424233839381913
2018-10-08T23:00:00.0;-0.09979661437104849
2018-10-09T00:00:00.0;-0.07447212514075344
2018-10-09T01:00:00.0;-0.07356669546241801
2018-10-09T02:00:00.0;-0.07585672508801167
2018-10-09T03:00:00.0;-0.08122448821336878
2018-10-09T04:00:00.0;-0.09217661688471794
2018-10-09T05:00:00.0;-0.11154188950264407
2018-10-09T06:00:00.0;-0.12797473064771223
2018-10-09T07:00:00.0;-0.13215822888093368
2018-10-09T08:00:00.0;-0.12380068655695653
2018-10-09T09:00:00.0;-0.10934808732857834
2018-10-09T10:00:00.0;-0.09876075494933419
2018-10-09T11:00:00.0;-0.0993908254569043
2018-10-09T12:00:00.0;-0.10067837787182972
2018-10-09T13:00:00.0;-0.10620923802712258
2018-10-09T14:00:00.0;-0.11676781171416523
2018-10-09T15:00:00.0;-0.1267859744135008
2018-10-09T16:00:00.0;-0.14926788331004787
2018-10-09T17:00:00.0;-0.16445273642467345
2018-10-09T18:00:00.0;-0.18307381363561107
2018-10-09T19:00:00.0;-0.1830389757202834
2018-10-09T20:00:00.0;-0.16797761859957
2018-10-09T21:00:00.0;-0.1443726937472021
2018-10-09T22:00:00.0;-0.1211490376019554
2018-10-09T23:00:00.0;-0.07482080569954486
2018-10-10T00:00:00.0;-0.07763854230581414
2018-10-10T01:00:00.0;-0.07479249079426627
2018-10-10T02:00:00.0;-0.0750537337430396
2018-10-10T03:00:00.0;-0.0780572444841836
2018-10-10T04:00:00.0;-0.08427909645030617
2018-10-10T05:00:00.0;-0.09582527530451977
2018-10-10T06:00:00.0;-0.11333683269590031
2018-10-10T07:00:00.0;-0.12434460886272702
2018-10-10T08:00:00.0;-0.1250608177504334
2018-10-10T09:00:00.0;-0.11724107883058288
2018-10-10T10:00:00.0;-0.10742694013886174
2018-10-10T11:00:00.0;-0.10328740764685236
2018-10-10T12:00:00.0;-0.10536908849025216
2018-10-10T13:00:00.0;-0.10930612155799008
2018-10-10T14:00:00.0;-0.11751815256706734
2018-10-10T15:00:00.0;-0.13017531045291403
2018-10-10T16:00:00.0;-0.1452097063697322
2018-10-10T17:00:00.0;-0.16565673806059839
2018-10-10T18:00:00.0;-0.1784519827114402
2018-10-10T19:00:00.0;-0.1839101085505403
2018-10-10T20:00:00.0;-0.17756444098636076
2018-10-10T21:00:00.0;-0.16088169206910188
2018-10-10T22:00:00.0;-0.13777466834895163
2018-10-10T23:00:00.0;-0.10844062923667268
2018-10-11T00:00:00.0;-0.07697889893256417
2018-10-11T01:00:00.0;-0.07428790365288115
2018-10-11T02:00:00.0;-0.07429281002888961
2018-10-11T03:00:00.0;-0.07677957744710857
2018-10-11T04:00:00.0;-0.08187242223796758
2018-10-11T05:00:00.0;-0.09185512483215873
2018-10-11T06:00:00.0;-0.1098370239285567
2018-10-11T07:00:00.0;-0.12168203243465799
2018-10-11T08:00:00.0;-0.12455093933797667
2018-10-11T09:00:00.0;-0.11774251860179133
2018-10-11T10:00:00.0;-0.10761972412714617
2018-10-11T11:00:00.0;-0.102076237523686
2018-10-11T12:00:00.0;-0.10506532617987667
2018-10-11T13:00:00.0;-0.10932027902372717
2018-10-11T14:00:00.0;-0.11741231063915374
2018-10-11T15:00:00.0;-0.13053553291101716
2018-10-11T16:00:00.0;-0.14353602614278993
2018-10-11T17:00:00.0;-0.16681635255088428
2018-10-11T18:00:00.0;-0.17904743577120927
2018-10-11T19:00:00.0;-0.18588251880401016
2018-10-11T20:00:00.0;-0.1809049934153725
2018-10-11T21:00:00.0;-0.16459265625942146
2018-10-11T22:00:00.0;-0.14040909482322872
2018-10-11T23:00:00.0;-0.11612219853011681
2018-10-12T00:00:00.0;-0.0774300676263048
2018-10-12T01:00:00.0;-0.07505254076701488
2018-10-12T02:00:00.0;-0.0748574622980964
2018-10-12T03:00:00.0;-0.0771750495633669
2018-10-12T04:00:00.0;-0.08244228298504802
2018-10-12T05:00:00.0;-0.09207082986557152
2018-10-12T06:00:00.0;-0.10789745232027527
2018-10-12T07:00:00.0;-0.11862760798983824
2018-10-12T08:00:00.0;-0.12166250084515762
2018-10-12T09:00:00.0;-0.115126639721558
2018-10-12T10:00:00.0;-0.10638546987413555
2018-10-12T11:00:00.0;-0.10097511117879236
2018-10-12T12:00:00.0;-0.1005983380817662
2018-10-12T13:00:00.0;-0.10399427711284244
2018-10-12T14:00:00.0;-0.11158732973062693
2018-10-12T15:00:00.0;-0.12468979866319768
2018-10-12T16:00:00.0;-0.14179498436710783
2018-10-12T17:00:00.0;-0.16500967251655257
2018-10-12T18:00:00.0;-0.1771063667680867
2018-10-12T19:00:00.0;-0.18334954980459103
2018-10-12T20:00:00.0;-0.17818527121861716
2018-10-12T21:00:00.0;-0.16664498502110317
2018-10-12T22:00:00.0;-0.14207632170542409
2018-10-12T23:00:00.0;-0.11061262258172219
2018-10-13T00:00:00.0;-0.0766397153144113
2018-10-13T01:00:00.0;-0.07481577112671475
2018-10-13T02:00:00.0;-0.07500765599254273
2018-10-13T03:00:00.0;-0.07793501412853428
2018-10-13T04:00:00.0;-0.08441154887321335
2018-10-13T05:00:00.0;-0.09562405470434804
2018-10-13T06:00:00.0;-0.10999278901050802
2018-10-13T07:00:00.0;-0.11894589069869223
2018-10-13T08:00:00.0;-0.1190224785083387
2018-10-13T09:00:00.0;-0.11124687646293291
2018-10-13T10:00:00.0;-0.10293025279251555
2018-10-13T11:00:00.0;-0.09903356683817782
2018-10-13T12:00:00.0;-0.0975800064304445
2018-10-13T13:00:00.0;-0.1009239177068996
2018-10-13T14:00:00.0;-0.10880681466009916
2018-10-13T15:00:00.0;-0.12110549745060929
2018-10-13T16:00:00.0;-0.14122478880704312
2018-10-13T17:00:00.0;-0.16217615259248863
2018-10-13T18:00:00.0;-0.17527389933564308
2018-10-13T19:00:00.0;-0.17981651692199294
2018-10-13T20:00:00.0;-0.17279409369412188
2018-10-13T21:00:00.0;-0.160175468157624
2018-10-13T22:00:00.0;-0.13698251104868345
2018-10-13T23:00:00.0;-0.09892172048300181
2018-10-14T00:00:00.0;-0.07492468677333478
2018-10-14T01:00:00.0;-0.07373122326063661
2018-10-14T02:00:00.0;-0.07502786955631442
2018-10-14T03:00:00.0;-0.07936049006445539
2018-10-14T04:00:00.0;-0.08820103518530689
2018-10-14T05:00:00.0;-0.10348811056891453
2018-10-14T06:00:00.0;-0.11822850316391248
2018-10-14T07:00:00.0;-0.12468111659449566
2018-10-14T08:00:00.0;-0.1193003105849001
2018-10-14T09:00:00.0;-0.10824537480208171
2018-10-14T10:00:00.0;-0.09890130043043838
2018-10-14T11:00:00.0;-0.09773012653107062
2018-10-14T12:00:00.0;-0.09800083589363348
2018-10-14T13:00:00.0;-0.10242858479803388
2018-10-14T14:00:00.0;-0.11166222628771168
2018-10-14T15:00:00.0;-0.12253569587755993
2018-10-14T16:00:00.0;-0.14387957688811803
2018-10-14T17:00:00.0;-0.16095889629989305
2018-10-14T18:00:00.0;-0.17669016801435924
2018-10-14T19:00:00.0;-0.17859652596981954
2018-10-14T20:00:00.0;-0.16756977998651357
2018-10-14T21:00:00.0;-0.1479106090895165
2018-10-14T22:00:00.0;-0.12632117677553
2018-10-14T23:00:00.0;-0.0835831851876084
2018-10-15T00:00:00.0;-0.07568017647038947
2018-10-15T01:00:00.0;-0.07456649361144141
2018-10-15T02:00:00.0;-0.07632451566069696
2018-10-15T03:00:00.0;-0.08122013944197633
2018-10-15T04:00:00.0;-0.09161827173128881
2018-10-15T05:00:00.0;-0.10989438929006458
2018-10-15T06:00:00.0;-0.1268778409509057
2018-10-15T07:00:00.0;-0.13311962876121503
2018-10-15T08:00:00.0;-0.12594578596502007
2018-10-15T09:00:00.0;-0.11258816920525715
2018-10-15T10:00:00.0;-0.10225478589019803
2018-10-15T11:00:00.0;-0.10184829072044885
2018-10-15T12:00:00.0;-0.10267697798143992
2018-10-15T13:00:00.0;-0.10768348278219017
2018-10-15T14:00:00.0;-0.11749195776171348
2018-10-15T15:00:00.0;-0.12768976519732209
2018-10-15T16:00:00.0;-0.14955954924305226
2018-10-15T17:00:00.0;-0.16546361858354744
2018-10-15T18:00:00.0;-0.18261970206203684
2018-10-15T19:00:00.0;-0.18323253402364864
2018-10-15T20:00:00.0;-0.16962606718525158
2018-10-15T21:00:00.0;-0.14698751178504763
2018-10-15T22:00:00.0;-0.12474317807676821
2018-10-15T23:00:00.0;-0.0807562418225573
2018-10-16T00:00:00.0;-0.07559953731329944
2018-10-16T01:00:00.0;-0.07442244389074153
2018-10-16T02:00:00.0;-0.07624958232710183
2018-10-16T03:00:00.0;-0.08117661212387245
2018-10-16T04:00:00.0;-0.09151213382574226
2018-10-16T05:00:00.0;-0.11002082267879436
2018-10-16T06:00:00.0;-0.1269489629921903
2018-10-16T07:00:00.0;-0.13304381689580774
2018-10-16T08:00:00.0;-0.1259754372440839
2018-10-16T09:00:00.0;-0.11250965883977997
2018-10-16T10:00:00.0;-0.10191768383776506
2018-10-16T11:00:00.0;-0.10168835248396557
2018-10-16T12:00:00.0;-0.10260309356311918
2018-10-16T13:00:00.0;-0.1076773935839647
2018-10-16T14:00:00.0;-0.11763929522057934
2018-10-16T15:00:00.0;-0.12770612741462026
2018-10-16T16:00:00.0;-0.14948295794756047
2018-10-16T17:00:00.0;-0.16554247426085955
2018-10-16T18:00:00.0;-0.18328158223196447
2018-10-16T19:00:00.0;-0.18385956534927922
2018-10-16T20:00:00.0;-0.16997726718125866
2018-10-16T21:00:00.0;-0.14735477987837944
2018-10-16T22:00:00.0;-0.12483758863930232
2018-10-16T23:00:00.0;-0.08112556398953119
2018-10-17T00:00:00.0;-0.07612923021013916
2018-10-17T01:00:00.0;-0.07460037588965311
2018-10-17T02:00:00.0;-0.07564641081462857
2018-10-17T03:00:00.0;-0.07975170132338914
2018-10-17T04:00:00.0;-0.08847458071031891
2018-10-17T05:00:00.0;-0.10352027924485722
2018-10-17T06:00:00.0;-0.11866011326105706
2018-10-17T07:00:00.0;-0.12664450784386347
2018-10-17T08:00:00.0;-0.12286883152425883
2018-10-17T09:00:00.0;-0.11271718038736855
2018-10-17T10:00:00.0;-0.10378212866649136
2018-10-17T11:00:00.0;-0.1022635220710068
2018-10-17T12:00:00.0;-0.1036229453375747
2018-10-17T13:00:00.0;-0.10892602356487384
2018-10-17T14:00:00.0;-0.11746641804560401
2018-10-17T15:00:00.0;-0.1282038659529781
2018-10-17T16:00:00.0;-0.14813152292704543
2018-10-17T17:00:00.0;-0.16601962053762986
2018-10-17T18:00:00.0;-0.18099050397234254
2018-10-17T19:00:00.0;-0.18358192652747937
2018-10-17T20:00:00.0;-0.1719941440275078
2018-10-17T21:00:00.0;-0.15117089303136044
2018-10-17T22:00:00.0;-0.12891260324819506
2018-10-17T23:00:00.0;-0.08979731835963814
2018-10-18T00:00:00.0;-0.0774807454820305
2018-10-18T01:00:00.0;-0.07604902197488947
2018-10-18T02:00:00.0;-0.07696029911986361
2018-10-18T03:00:00.0;-0.08112745124187715
2018-10-18T04:00:00.0;-0.0907496915508521
2018-10-18T05:00:00.0;-0.10678230103107175
2018-10-18T06:00:00.0;-0.12470799613709527
2018-10-18T07:00:00.0;-0.13392291185537575
2018-10-18T08:00:00.0;-0.12850864263422326
2018-10-18T09:00:00.0;-0.11700926238941783
2018-10-18T10:00:00.0;-0.1075717409177314
2018-10-18T11:00:00.0;-0.10533411611434583
2018-10-18T12:00:00.0;-0.10566160635232259
2018-10-18T13:00:00.0;-0.10985358570379958
2018-10-18T14:00:00.0;-0.11838434577920653
2018-10-18T15:00:00.0;-0.12936998709902878
2018-10-18T16:00:00.0;-0.15005955339552934
2018-10-18T17:00:00.0;-0.16663231654318308
2018-10-18T18:00:00.0;-0.18044515534989122
2018-10-18T19:00:00.0;-0.18227918219849026
2018-10-18T20:00:00.0;-0.17151924397960766
2018-10-18T21:00:00.0;-0.15042526427569883
2018-10-18T22:00:00.0;-0.12964871398430422
2018-10-18T23:00:00.0;-0.08892032943167723
2018-10-19T00:00:00.0;-0.07562464701565687
2018-10-19T01:00:00.0;-0.07444086100169978
2018-10-19T02:00:00.0;-0.0759221453011384
2018-10-19T03:00:00.0;-0.0805612221749215
2018-10-19T04:00:00.0;-0.09039117815070181
2018-10-19T05:00:00.0;-0.10713406418368389
2018-10-19T06:00:00.0;-0.12255158628827834
2018-10-19T07:00:00.0;-0.12907572517750157
2018-10-19T08:00:00.0;-0.1229828026024017
2018-10-19T09:00:00.0;-0.11114310690473868
2018-10-19T10:00:00.0;-0.10192239226050893
2018-10-19T11:00:00.0;-0.10131715725814466
2018-10-19T12:00:00.0;-0.10223001945732754
2018-10-19T13:00:00.0;-0.10745908456460905
2018-10-19T14:00:00.0;-0.11660836786835109
2018-10-19T15:00:00.0;-0.12702534389116477
2018-10-19T16:00:00.0;-0.14863167042527317
2018-10-19T17:00:00.0;-0.16488436139381366
2018-10-19T18:00:00.0;-0.1808319775617715
2018-10-19T19:00:00.0;-0.18214159607880578
2018-10-19T20:00:00.0;-0.1692118867402209
2018-10-19T21:00:00.0;-0.14731393002323903
2018-10-19T22:00:00.0;-0.1253153505831496
2018-10-19T23:00:00.0;-0.08196333698276974
2018-10-20T00:00:00.0;-0.07365308744920483
2018-10-20T01:00:00.0;-0.0725224796138414
2018-10-20T02:00:00.0;-0.07381468313355155
2018-10-20T03:00:00.0;-0.07822102751710329
2018-10-20T04:00:00.0;-0.08670564786865703
2018-10-20T05:00:00.0;-0.10002613203002703
2018-10-20T06:00:00.0;-0.1087154369486936
2018-10-20T07:00:00.0;-0.11337578663555037
2018-10-20T08:00:00.0;-0.10955692583679084
2018-10-20T09:00:00.0;-0.10149278407389982
2018-10-20T10:00:00.0;-0.09546849494470058
2018-10-20T11:00:00.0;-0.09594713847824386
2018-10-20T12:00:00.0;-0.0976482604419731
2018-10-20T13:00:00.0;-0.1045024323361683
2018-10-20T14:00:00.0;-0.11247879551939954
2018-10-20T15:00:00.0;-0.12289185502814545
2018-10-20T16:00:00.0;-0.14470266500852103
2018-10-20T17:00:00.0;-0.16162208063814693
2018-10-20T18:00:00.0;-0.17647135083283397
2018-10-20T19:00:00.0;-0.1791406463795249
2018-10-20T20:00:00.0;-0.16586809570902677
2018-10-20T21:00:00.0;-0.1451870199155999
2018-10-20T22:00:00.0;-0.12265742995990812
2018-10-20T23:00:00.0;-0.07847728182763496
2018-10-21T00:00:00.0;-0.07396804935372167
2018-10-21T01:00:00.0;-0.07250788866334974
2018-10-21T02:00:00.0;-0.07317126982986824
2018-10-21T03:00:00.0;-0.07665295830702618
2018-10-21T04:00:00.0;-0.08331572819089396
2018-10-21T05:00:00.0;-0.09345872673445385
2018-10-21T06:00:00.0;-0.10259496066722597
2018-10-21T07:00:00.0;-0.10816398232809749
2018-10-21T08:00:00.0;-0.10740820662225202
2018-10-21T09:00:00.0;-0.1010047223572485
2018-10-21T10:00:00.0;-0.09512212404306054
2018-10-21T11:00:00.0;-0.09336414039116446
2018-10-21T12:00:00.0;-0.09356912181467471
2018-10-21T13:00:00.0;-0.09885754387473664
2018-10-21T14:00:00.0;-0.10652518597997981
2018-10-21T15:00:00.0;-0.11859520315702068
2018-10-21T16:00:00.0;-0.13940854619511714
2018-10-21T17:00:00.0;-0.15873628536582376
2018-10-21T18:00:00.0;-0.17169313869638284
2018-10-21T19:00:00.0;-0.1761927679902304
2018-10-21T20:00:00.0;-0.16716466658898846
2018-10-21T21:00:00.0;-0.15236909200716464
2018-10-21T22:00:00.0;-0.12889062371588364
2018-10-21T23:00:00.0;-0.08716137804345299
2018-10-22T00:00:00.0;-0.07760522363150997
2018-10-22T01:00:00.0;-0.0751269970092927
2018-10-22T02:00:00.0;-0.07499889231319179
2018-10-22T03:00:00.0;-0.07748969665716557
2018-10-22T04:00:00.0;-0.0830476020726586
2018-10-22T05:00:00.0;-0.09318013724465485
2018-10-22T06:00:00.0;-0.10813365508560302
2018-10-22T07:00:00.0;-0.11929511794067599
2018-10-22T08:00:00.0;-0.12252466880261037
2018-10-22T09:00:00.0;-0.11653458716976603
2018-10-22T10:00:00.0;-0.10827221947349232
2018-10-22T11:00:00.0;-0.10366193060717917
2018-10-22T12:00:00.0;-0.10493936967226533
2018-10-22T13:00:00.0;-0.10975244036162082
2018-10-22T14:00:00.0;-0.11693019015108015
2018-10-22T15:00:00.0;-0.12927449435376343
2018-10-22T16:00:00.0;-0.14549231617390643
2018-10-22T17:00:00.0;-0.1685045207260652
2018-10-22T18:00:00.0;-0.18083266246526983
2018-10-22T19:00:00.0;-0.18708952766621073
2018-10-22T20:00:00.0;-0.1800097661873447
2018-10-22T21:00:00.0;-0.16532958619418486
2018-10-22T22:00:00.0;-0.14076732219183502
2018-10-22T23:00:00.0;-0.11132324702265313
2018-10-23T00:00:00.0;-0.08187503769960744
2018-10-23T01:00:00.0;-0.07907618913945218
2018-10-23T02:00:00.0;-0.0781415839402502
2018-10-23T03:00:00.0;-0.07969398168777889
2018-10-23T04:00:00.0;-0.08518067269160147
2018-10-23T05:00:00.0;-0.09628173256035498
2018-10-23T06:00:00.0;-0.11500098187481206
2018-10-23T07:00:00.0;-0.12928310808582735
2018-10-23T08:00:00.0;-0.13510243034728986
2018-10-23T09:00:00.0;-0.12822460533043306
2018-10-23T10:00:00.0;-0.11887137799287942
2018-10-23T11:00:00.0;-0.11188854987340045
2018-10-23T12:00:00.0;-0.10824639952532869
2018-10-23T13:00:00.0;-0.11070234898962966
2018-10-23T14:00:00.0;-0.11729372963281223
2018-10-23T15:00:00.0;-0.12976374770446092
2018-10-23T16:00:00.0;-0.14896070661609145
2018-10-23T17:00:00.0;-0.17469864777307953
2018-10-23T18:00:00.0;-0.1871891948909857
2018-10-23T19:00:00.0;-0.19329718992967226
2018-10-23T20:00:00.0;-0.18736043456175125
2018-10-23T21:00:00.0;-0.18014694278406435
2018-10-23T22:00:00.0;-0.15395508362569746
2018-10-23T23:00:00.0;-0.12289462214439016
2018-10-24T00:00:00.0;-0.07919419456926055
2018-10-24T01:00:00.0;-0.07651959064580692
2018-10-24T02:00:00.0;-0.07625118098733172
2018-10-24T03:00:00.0;-0.07858328330312644
2018-10-24T04:00:00.0;-0.08448964862919149
2018-10-24T05:00:00.0;-0.09551921001530109
2018-10-24T06:00:00.0;-0.11388032271270615
2018-10-24T07:00:00.0;-0.1265658769744273
2018-10-24T08:00:00.0;-0.1299217341741281
2018-10-24T09:00:00.0;-0.1227686265052784
2018-10-24T10:00:00.0;-0.11337866865032224
2018-10-24T11:00:00.0;-0.1076495442277659
2018-10-24T12:00:00.0;-0.10841796463957708
2018-10-24T13:00:00.0;-0.11244369976280615
2018-10-24T14:00:00.0;-0.11978864074311013
2018-10-24T15:00:00.0;-0.1325000603323955
2018-10-24T16:00:00.0;-0.14823812067220934
2018-10-24T17:00:00.0;-0.17160174174111087
2018-10-24T18:00:00.0;-0.18358214435624962
2018-10-24T19:00:00.0;-0.18976671861493113
2018-10-24T20:00:00.0;-0.18344656632448136
2018-10-24T21:00:00.0;-0.16927731899933435
2018-10-24T22:00:00.0;-0.14436331019393578
2018-10-24T23:00:00.0;-0.11640894241662955
2018-10-25T00:00:00.0;-0.07900793414960036
2018-10-25T01:00:00.0;-0.07685592618684876
2018-10-25T02:00:00.0;-0.07675695804519773
2018-10-25T03:00:00.0;-0.07952992327406339
2018-10-25T04:00:00.0;-0.08676842539253088
2018-10-25T05:00:00.0;-0.09819407659079156
2018-10-25T06:00:00.0;-0.11328236739950641
2018-10-25T07:00:00.0;-0.12372241136393619
2018-10-25T08:00:00.0;-0.12542441767957713
2018-10-25T09:00:00.0;-0.11830584973526229
2018-10-25T10:00:00.0;-0.11146604904630587
2018-10-25T11:00:00.0;-0.10721488707271584
2018-10-25T12:00:00.0;-0.10641294579765775
2018-10-25T13:00:00.0;-0.11103037111745433
2018-10-25T14:00:00.0;-0.11770852887968593
2018-10-25T15:00:00.0;-0.13006303878314499
2018-10-25T16:00:00.0;-0.14990467136447458
2018-10-25T17:00:00.0;-0.1709517294275001
2018-10-25T18:00:00.0;-0.18216002744076223
2018-10-25T19:00:00.0;-0.1871294762717527
2018-10-25T20:00:00.0;-0.1785691912813115
2018-10-25T21:00:00.0;-0.1649592904875802
2018-10-25T22:00:00.0;-0.14017459978871954
2018-10-25T23:00:00.0;-0.10327850497296015
2018-10-26T00:00:00.0;-0.07915783051206093
2018-10-26T01:00:00.0;-0.07633527810809854
2018-10-26T02:00:00.0;-0.0758727022807112
2018-10-26T03:00:00.0;-0.07808110417469909
2018-10-26T04:00:00.0;-0.083409432098255
2018-10-26T05:00:00.0;-0.09422696095580016
2018-10-26T06:00:00.0;-0.11379871174085347
2018-10-26T07:00:00.0;-0.12847191999484348
2018-10-26T08:00:00.0;-0.13148422545563074
2018-10-26T09:00:00.0;-0.12466398994894785
2018-10-26T10:00:00.0;-0.11408866937247998
2018-10-26T11:00:00.0;-0.10793639565839928
2018-10-26T12:00:00.0;-0.10995153056449695
2018-10-26T13:00:00.0;-0.11365431424593986
2018-10-26T14:00:00.0;-0.12105065517021198
2018-10-26T15:00:00.0;-0.13341643461380032
2018-10-26T16:00:00.0;-0.14684764041773946
2018-10-26T17:00:00.0;-0.1703970704289865
2018-10-26T18:00:00.0;-0.18231799761602696
2018-10-26T19:00:00.0;-0.18879701648655178
2018-10-26T20:00:00.0;-0.1836830228963771
2018-10-26T21:00:00.0;-0.16703106376918328
2018-10-26T22:00:00.0;-0.14446204862241135
2018-10-26T23:00:00.0;-0.1215780161569751
2018-10-27T00:00:00.0;-0.07656763558026862
2018-10-27T01:00:00.0;-0.07434259641308945
2018-10-27T02:00:00.0;-0.07444249479207495
2018-10-27T03:00:00.0;-0.07732890389718806
2018-10-27T04:00:00.0;-0.08329240262433724
2018-10-27T05:00:00.0;-0.09384703284876313
2018-10-27T06:00:00.0;-0.1079557139096459
2018-10-27T07:00:00.0;-0.11853639616588306
2018-10-27T08:00:00.0;-0.11981966417289287
2018-10-27T09:00:00.0;-0.11357626655029886
2018-10-27T10:00:00.0;-0.1053863784517713
2018-10-27T11:00:00.0;-0.10168989276361894
2018-10-27T12:00:00.0;-0.10380734296649562
2018-10-27T13:00:00.0;-0.10890716847363129
2018-10-27T14:00:00.0;-0.11627236766886435
2018-10-27T15:00:00.0;-0.12815535756304336
2018-10-27T16:00:00.0;-0.14439005656411794
2018-10-27T17:00:00.0;-0.16585541120162153
2018-10-27T18:00:00.0;-0.17836243982723707
2018-10-27T19:00:00.0;-0.18399134907322665
2018-10-27T20:00:00.0;-0.1763422271455386
2018-10-27T21:00:00.0;-0.15890380001179416
2018-10-27T22:00:00.0;-0.13614609077124543
2018-10-27T23:00:00.0;-0.10573831645329665
2018-10-28T00:00:00.0;-0.0788899442048635
2018-10-28T01:00:00.0;-0.07653330865411932
2018-10-28T02:00:00.0;-0.07604556908453158
2018-10-28T03:00:00.0;-0.07819208500957785
2018-10-28T04:00:00.0;-0.08374173007634497
2018-10-28T05:00:00.0;-0.09406634045940757
2018-10-28T06:00:00.0;-0.11032183370425189
2018-10-28T07:00:00.0;-0.12239113735043076
2018-10-28T08:00:00.0;-0.1254407449387683
2018-10-28T09:00:00.0;-0.11878564085446996
2018-10-28T10:00:00.0;-0.11002285709648152
2018-10-28T11:00:00.0;-0.1043970050157964
2018-10-28T12:00:00.0;-0.10247162222496338
2018-10-28T13:00:00.0;-0.1053375953833091
2018-10-28T14:00:00.0;-0.112443245101481
2018-10-28T15:00:00.0;-0.12495519851851633
2018-10-28T16:00:00.0;-0.14359279367007302
2018-10-28T17:00:00.0;-0.16694162182996566
2018-10-28T18:00:00.0;-0.17912162251371797
2018-10-28T19:00:00.0;-0.18485142933817553
2018-10-28T20:00:00.0;-0.17925898839232593
2018-10-28T21:00:00.0;-0.1686929492485661
2018-10-28T22:00:00.0;-0.14491734327788197
2018-10-28T23:00:00.0;-0.11214577624130675
2018-10-29T00:00:00.0;-0.08044517547004394
2018-10-29T01:00:00.0;-0.07718915465889031
2018-10-29T02:00:00.0;-0.07670028769683242
2018-10-29T03:00:00.0;-0.07865109192213054
2018-10-29T04:00:00.0;-0.08381409991752625
2018-10-29T05:00:00.0;-0.09527940290519836
2018-10-29T06:00:00.0;-0.11714261808678075
2018-10-29T07:00:00.0;-0.13273689471133768
2018-10-29T08:00:00.0;-0.137854579484523
2018-10-29T09:00:00.0;-0.13057552053847002
2018-10-29T10:00:00.0;-0.1190170586333923
2018-10-29T11:00:00.0;-0.11205300894257415
2018-10-29T12:00:00.0;-0.11450996654726098
2018-10-29T13:00:00.0;-0.11853878347629893
2018-10-29T14:00:00.0;-0.12611342787579746
2018-10-29T15:00:00.0;-0.13871461580292252
2018-10-29T16:00:00.0;-0.1507625240033286
2018-10-29T17:00:00.0;-0.17622411447248473
2018-10-29T18:00:00.0;-0.1888780772586452
2018-10-29T19:00:00.0;-0.19599153759790922
2018-10-29T20:00:00.0;-0.19048354040136595
2018-10-29T21:00:00.0;-0.17466912370502857
2018-10-29T22:00:00.0;-0.1493660291954312
2018-10-29T23:00:00.0;-0.13018477679093288
2018-10-30T00:00:00.0;-0.08099305384720741
2018-10-30T01:00:00.0;-0.07773179790069334
2018-10-30T02:00:00.0;-0.07709499607534043
2018-10-30T03:00:00.0;-0.07895627837842327
2018-10-30T04:00:00.0;-0.0841500361326733
2018-10-30T05:00:00.0;-0.09575294602467525
2018-10-30T06:00:00.0;-0.11778135628146288
2018-10-30T07:00:00.0;-0.13407732964271976
2018-10-30T08:00:00.0;-0.13920960283746878
2018-10-30T09:00:00.0;-0.13201381116169958
2018-10-30T10:00:00.0;-0.12043420434186838
2018-10-30T11:00:00.0;-0.11333795098176538
2018-10-30T12:00:00.0;-0.11531761779651964
2018-10-30T13:00:00.0;-0.11912457188792115
2018-10-30T14:00:00.0;-0.12646856260586997
2018-10-30T15:00:00.0;-0.1388362444455255
2018-10-30T16:00:00.0;-0.15125949050023174
2018-10-30T17:00:00.0;-0.17677415313361608
2018-10-30T18:00:00.0;-0.1893378340468347
2018-10-30T19:00:00.0;-0.19632035573992454
2018-10-30T20:00:00.0;-0.19081437314663696
2018-10-30T21:00:00.0;-0.17518268014016403
2018-10-30T22:00:00.0;-0.15043870371317541
2018-10-30T23:00:00.0;-0.13119850977453168
2018-10-31T00:00:00.0;-0.08003694606742937
2018-10-31T01:00:00.0;-0.07682237771764475
2018-10-31T02:00:00.0;-0.07660581670205381
2018-10-31T03:00:00.0;-0.07895408282125072
2018-10-31T04:00:00.0;-0.08474036874745788
2018-10-31T05:00:00.0;-0.09669584293484898
2018-10-31T06:00:00.0;-0.1172522344873284
2018-10-31T07:00:00.0;-0.13122093106897478
2018-10-31T08:00:00.0;-0.13480540425173024
2018-10-31T09:00:00.0;-0.12704488180160667
2018-10-31T10:00:00.0;-0.11611878180910139
2018-10-31T11:00:00.0;-0.11026225324994997
2018-10-31T12:00:00.0;-0.11205349312252215
2018-10-31T13:00:00.0;-0.11592693261235897
2018-10-31T14:00:00.0;-0.12370071628218023
2018-10-31T15:00:00.0;-0.1362642127857978
2018-10-31T16:00:00.0;-0.15000083893028415
2018-10-31T17:00:00.0;-0.17347096614107824
2018-10-31T18:00:00.0;-0.18638586893158676
2018-10-31T19:00:00.0;-0.19267729472642067
2018-10-31T20:00:00.0;-0.18648032227166447
2018-10-31T21:00:00.0;-0.17102847578550828
2018-10-31T22:00:00.0;-0.14613499414408154
2018-10-31T23:00:00.0;-0.12226536540893744
2018-11-01T00:00:00.0;-0.07964144077693859
2018-11-01T01:00:00.0;-0.07635669328755867
2018-11-01T02:00:00.0;-0.07603833598267609
2018-11-01T03:00:00.0;-0.0781544511816092
2018-11-01T04:00:00.0;-0.08323298010052606
2018-11-01T05:00:00.0;-0.09458033872907994
2018-11-01T06:00:00.0;-0.11664170084803786
2018-11-01T07:00:00.0;-0.13202820963275322
2018-11-01T08:00:00.0;-0.1366767659436786
2018-11-01T09:00:00.0;-0.12936905059906656
2018-11-01T10:00:00.0;-0.11749608021690594
2018-11-01T11:00:00.0;-0.11073015309767734
2018-11-01T12:00:00.0;-0.11467118172979088
2018-11-01T13:00:00.0;-0.11909484579172337
2018-11-01T14:00:00.0;-0.1269676176305065
2018-11-01T15:00:00.0;-0.1396703713796768
2018-11-01T16:00:00.0;-0.15019375371698038
2018-11-01T17:00:00.0;-0.17529384702149758
2018-11-01T18:00:00.0;-0.18792794388229558
2018-11-01T19:00:00.0;-0.1952361206560846
2018-11-01T20:00:00.0;-0.18989970949175355
2018-11-01T21:00:00.0;-0.17202690628886652
2018-11-01T22:00:00.0;-0.14708220756760904
2018-11-01T23:00:00.0;-0.1299536439876088
2018-11-02T00:00:00.0;-0.07900926606648126
2018-11-02T01:00:00.0;-0.07662312597701543
2018-11-02T02:00:00.0;-0.07722491851149585
2018-11-02T03:00:00.0;-0.08067371816280543
2018-11-02T04:00:00.0;-0.08877467028467945
2018-11-02T05:00:00.0;-0.10409721042373113
2018-11-02T06:00:00.0;-0.12296434461793318
2018-11-02T07:00:00.0;-0.13351549399886428
2018-11-02T08:00:00.0;-0.13249410731749675
2018-11-02T09:00:00.0;-0.12200256010123905
2018-11-02T10:00:00.0;-0.11149615819960228
2018-11-02T11:00:00.0;-0.1082218081112425
2018-11-02T12:00:00.0;-0.10829349068844671
2018-11-02T13:00:00.0;-0.11234632804955219
2018-11-02T14:00:00.0;-0.12087446095659236
2018-11-02T15:00:00.0;-0.1321895771227815
2018-11-02T16:00:00.0;-0.15100589911465995
2018-11-02T17:00:00.0;-0.1709778761831973
2018-11-02T18:00:00.0;-0.18618358088388434
2018-11-02T19:00:00.0;-0.18955899648592456
2018-11-02T20:00:00.0;-0.17950208420620298
2018-11-02T21:00:00.0;-0.1625338452861677
2018-11-02T22:00:00.0;-0.138397904285573
2018-11-02T23:00:00.0;-0.10331795117177604
2018-11-03T00:00:00.0;-0.07851616491021053
2018-11-03T01:00:00.0;-0.07658048388654484
2018-11-03T02:00:00.0;-0.07709734207322327
2018-11-03T03:00:00.0;-0.0803784344591912
2018-11-03T04:00:00.0;-0.08833621500719781
2018-11-03T05:00:00.0;-0.10316674076746671
2018-11-03T06:00:00.0;-0.12082634578351797
2018-11-03T07:00:00.0;-0.13058410375181936
2018-11-03T08:00:00.0;-0.12993125940261566
2018-11-03T09:00:00.0;-0.11964755862342616
2018-11-03T10:00:00.0;-0.10973894172513056
2018-11-03T11:00:00.0;-0.10621160128684305
2018-11-03T12:00:00.0;-0.10481075303375204
2018-11-03T13:00:00.0;-0.10864621161938394
2018-11-03T14:00:00.0;-0.11701864587997993
2018-11-03T15:00:00.0;-0.12835536251680224
2018-11-03T16:00:00.0;-0.1490315439817323
2018-11-03T17:00:00.0;-0.16994963957367346
2018-11-03T18:00:00.0;-0.18518982889686691
2018-11-03T19:00:00.0;-0.18850416120363714
2018-11-03T20:00:00.0;-0.17845920329781623
2018-11-03T21:00:00.0;-0.16374082717124522
2018-11-03T22:00:00.0;-0.13902202453517873
2018-11-03T23:00:00.0;-0.10107610327613402
2018-11-04T00:00:00.0;-0.07693600443725904
2018-11-04T01:00:00.0;-0.07444537705104622
2018-11-04T02:00:00.0;-0.07529306439278222
2018-11-04T03:00:00.0;-0.07944421883370001
2018-11-04T04:00:00.0;-0.08776298034501019
2018-11-04T05:00:00.0;-0.10108375904382383
2018-11-04T06:00:00.0;-0.11274448643416005
2018-11-04T07:00:00.0;-0.12003343567674661
2018-11-04T08:00:00.0;-0.11657116300624619
2018-11-04T09:00:00.0;-0.10846169097206786
2018-11-04T10:00:00.0;-0.10160170347486341
2018-11-04T11:00:00.0;-0.10142213222180967
2018-11-04T12:00:00.0;-0.10198296421281708
2018-11-04T13:00:00.0;-0.10677737121538436
2018-11-04T14:00:00.0;-0.114542140939705
2018-11-04T15:00:00.0;-0.12573619229728938
2018-11-04T16:00:00.0;-0.14644917414402164
2018-11-04T17:00:00.0;-0.16138165381607353
2018-11-04T18:00:00.0;-0.1749963813510421
2018-11-04T19:00:00.0;-0.1778062929544243
2018-11-04T20:00:00.0;-0.16712597942112206
2018-11-04T21:00:00.0;-0.14907234410856302
2018-11-04T22:00:00.0;-0.1280597738318508
2018-11-04T23:00:00.0;-0.08540490806910489
2018-11-05T00:00:00.0;-0.08013985366335119
2018-11-05T01:00:00.0;-0.07811789249967033
2018-11-05T02:00:00.0;-0.07771605348155652
2018-11-05T03:00:00.0;-0.08056968470606829
2018-11-05T04:00:00.0;-0.0882740567628527
2018-11-05T05:00:00.0;-0.10120521713836271
2018-11-05T06:00:00.0;-0.11873614807038543
2018-11-05T07:00:00.0;-0.13242050033517586
2018-11-05T08:00:00.0;-0.13140995150874943
2018-11-05T09:00:00.0;-0.12341436277746859
2018-11-05T10:00:00.0;-0.11494368598333608
2018-11-05T11:00:00.0;-0.11048457972504518
2018-11-05T12:00:00.0;-0.10948936267133111
2018-11-05T13:00:00.0;-0.1129032810411721
2018-11-05T14:00:00.0;-0.11946683142982448
2018-11-05T15:00:00.0;-0.13061571684083093
2018-11-05T16:00:00.0;-0.1501268706275342
2018-11-05T17:00:00.0;-0.16974213045495637
2018-11-05T18:00:00.0;-0.18095453353398583
2018-11-05T19:00:00.0;-0.18476691593516711
2018-11-05T20:00:00.0;-0.17682472575707867
2018-11-05T21:00:00.0;-0.1595387646387813
2018-11-05T22:00:00.0;-0.13979099009980805
2018-11-05T23:00:00.0;-0.10499206176239675
2018-11-06T00:00:00.0;-0.07944155835331913
2018-11-06T01:00:00.0;-0.07697770903100165
2018-11-06T02:00:00.0;-0.0769573545115052
2018-11-06T03:00:00.0;-0.07978041341527838
2018-11-06T04:00:00.0;-0.08666116656324727
2018-11-06T05:00:00.0;-0.10045045979632075
2018-11-06T06:00:00.0;-0.12041856385707493
2018-11-06T07:00:00.0;-0.1341974283643682
2018-11-06T08:00:00.0;-0.13469494361342274
2018-11-06T09:00:00.0;-0.1257686029690389
2018-11-06T10:00:00.0;-0.11464987794644617
2018-11-06T11:00:00.0;-0.10985094152554781
2018-11-06T12:00:00.0;-0.11104753018898902
2018-11-06T13:00:00.0;-0.11494020302136732
2018-11-06T14:00:00.0;-0.1228058683643368
2018-11-06T15:00:00.0;-0.13400203973346095
2018-11-06T16:00:00.0;-0.14997482945455748
2018-11-06T17:00:00.0;-0.17194036164321183
2018-11-06T18:00:00.0;-0.18586053960167878
2018-11-06T19:00:00.0;-0.19046032803929933
2018-11-06T20:00:00.0;-0.1824325846422747
2018-11-06T21:00:00.0;-0.16398932481670508
2018-11-06T22:00:00.0;-0.14176546302336857
2018-11-06T23:00:00.0;-0.11414806442239799
2018-11-07T00:00:00.0;-0.08055423845901068
2018-11-07T01:00:00.0;-0.07739002163475923
2018-11-07T02:00:00.0;-0.07684719086996646
2018-11-07T03:00:00.0;-0.07875298102966469
2018-11-07T04:00:00.0;-0.08396498875304532
2018-11-07T05:00:00.0;-0.09532202101971003
2018-11-07T06:00:00.0;-0.11655404990540696
2018-11-07T07:00:00.0;-0.1318124468490213
2018-11-07T08:00:00.0;-0.13696500835173364
2018-11-07T09:00:00.0;-0.1297656613169304
2018-11-07T10:00:00.0;-0.11860614379103282
2018-11-07T11:00:00.0;-0.11168744663930831
2018-11-07T12:00:00.0;-0.11319423277647904
2018-11-07T13:00:00.0;-0.11698103990758374
2018-11-07T14:00:00.0;-0.12441718794168144
2018-11-07T15:00:00.0;-0.13701531360275784
2018-11-07T16:00:00.0;-0.15023059568475503
2018-11-07T17:00:00.0;-0.17566184268485457
2018-11-07T18:00:00.0;-0.18827547386202975
2018-11-07T19:00:00.0;-0.19521983780455654
2018-11-07T20:00:00.0;-0.18966182115373345
2018-11-07T21:00:00.0;-0.17519592120431893
2018-11-07T22:00:00.0;-0.14978982036346666
2018-11-07T23:00:00.0;-0.12854894253620633
2018-11-08T00:00:00.0;-0.07905373744755709
2018-11-08T01:00:00.0;-0.07642569394382699
2018-11-08T02:00:00.0;-0.0766626527049888
2018-11-08T03:00:00.0;-0.0795147619415341
2018-11-08T04:00:00.0;-0.08629616507261353
2018-11-08T05:00:00.0;-0.10003681678402439
2018-11-08T06:00:00.0;-0.12055676335211414
2018-11-08T07:00:00.0;-0.13319318210252268
2018-11-08T08:00:00.0;-0.13474064421922685
2018-11-08T09:00:00.0;-0.12545401847455456
2018-11-08T10:00:00.0;-0.1141342358841575
2018-11-08T11:00:00.0;-0.10918295564424255
2018-11-08T12:00:00.0;-0.11110926755649454
2018-11-08T13:00:00.0;-0.11549545264676543
2018-11-08T14:00:00.0;-0.12383606310794318
2018-11-08T15:00:00.0;-0.13568381801187565
2018-11-08T16:00:00.0;-0.1507642069094876
2018-11-08T17:00:00.0;-0.1735258244677124
2018-11-08T18:00:00.0;-0.18785656196090214
2018-11-08T19:00:00.0;-0.19297814343291506
2018-11-08T20:00:00.0;-0.18477561272151166
2018-11-08T21:00:00.0;-0.1670765682270567
2018-11-08T22:00:00.0;-0.14225248482369732
2018-11-08T23:00:00.0;-0.11554076942022631
2018-11-09T00:00:00.0;-0.08063783608592641
2018-11-09T01:00:00.0;-0.07740311804607646
2018-11-09T02:00:00.0;-0.07683817611011795
2018-11-09T03:00:00.0;-0.07877087776910639
2018-11-09T04:00:00.0;-0.08396583117301737
2018-11-09T05:00:00.0;-0.09547757588143672
2018-11-09T06:00:00.0;-0.11720897905376147
2018-11-09T07:00:00.0;-0.13317679002064556
2018-11-09T08:00:00.0;-0.138140594049924
2018-11-09T09:00:00.0;-0.13099118375971702
2018-11-09T10:00:00.0;-0.11950352309357741
2018-11-09T11:00:00.0;-0.11257995722197986
2018-11-09T12:00:00.0;-0.114896283973306
2018-11-09T13:00:00.0;-0.11887180092803384
2018-11-09T14:00:00.0;-0.1262837998021244
2018-11-09T15:00:00.0;-0.13868213440823582
2018-11-09T16:00:00.0;-0.15091765706699345
2018-11-09T17:00:00.0;-0.17624741635030788
2018-11-09T18:00:00.0;-0.188811562785201
2018-11-09T19:00:00.0;-0.1958152634744042
2018-11-09T20:00:00.0;-0.19024017229481957
2018-11-09T21:00:00.0;-0.17417864665963398
2018-11-09T22:00:00.0;-0.1494485997248025
2018-11-09T23:00:00.0;-0.13020994489096147
2018-11-10T00:00:00.0;-0.07955869112779589
2018-11-10T01:00:00.0;-0.07716521115187112
2018-11-10T02:00:00.0;-0.0766721867413817
2018-11-10T03:00:00.0;-0.07890670345308784
2018-11-10T04:00:00.0;-0.08493751296907526
2018-11-10T05:00:00.0;-0.09560432044745508
2018-11-10T06:00:00.0;-0.10868770626342088
2018-11-10T07:00:00.0;-0.12024552936682813
2018-11-10T08:00:00.0;-0.12465756335241177
2018-11-10T09:00:00.0;-0.11926906745141864
2018-11-10T10:00:00.0;-0.11252480525397292
2018-11-10T11:00:00.0;-0.10821024441037355
2018-11-10T12:00:00.0;-0.10662975264297903
2018-11-10T13:00:00.0;-0.11149775672353943
2018-11-10T14:00:00.0;-0.11754843350695425
2018-11-10T15:00:00.0;-0.12905371943571556
2018-11-10T16:00:00.0;-0.14909816110735608
2018-11-10T17:00:00.0;-0.1726650515152049
2018-11-10T18:00:00.0;-0.18517775191007618
2018-11-10T19:00:00.0;-0.19084061354286852
2018-11-10T20:00:00.0;-0.18176956763498373
2018-11-10T21:00:00.0;-0.170394477131987
2018-11-10T22:00:00.0;-0.14496697451407206
2018-11-10T23:00:00.0;-0.11047774608499258
2018-11-11T00:00:00.0;-0.07971017734199015
2018-11-11T01:00:00.0;-0.07759381259676087
2018-11-11T02:00:00.0;-0.07647760576863684
2018-11-11T03:00:00.0;-0.07860295543033054
2018-11-11T04:00:00.0;-0.08426868049019053
2018-11-11T05:00:00.0;-0.09447323416273382
2018-11-11T06:00:00.0;-0.10862449973249673
2018-11-11T07:00:00.0;-0.12399390815297137
2018-11-11T08:00:00.0;-0.12503076826051027
2018-11-11T09:00:00.0;-0.12013690607167793
2018-11-11T10:00:00.0;-0.11226191759452023
2018-11-11T11:00:00.0;-0.1074269651809855
2018-11-11T12:00:00.0;-0.10557944600518938
2018-11-11T13:00:00.0;-0.10842526494167366
2018-11-11T14:00:00.0;-0.11401380150502101
2018-11-11T15:00:00.0;-0.12456603143637418
2018-11-11T16:00:00.0;-0.14376250264458507
2018-11-11T17:00:00.0;-0.16525516445893382
2018-11-11T18:00:00.0;-0.1762325614121753
2018-11-11T19:00:00.0;-0.18113059791710426
2018-11-11T20:00:00.0;-0.17507789442861413
2018-11-11T21:00:00.0;-0.16001389492400003
2018-11-11T22:00:00.0;-0.14267220941152386
2018-11-11T23:00:00.0;-0.11084751107859402
2018-11-12T00:00:00.0;-0.08107444244614795
2018-11-12T01:00:00.0;-0.07781946658529408
2018-11-12T02:00:00.0;-0.07715476847837038
2018-11-12T03:00:00.0;-0.07900237055518539
2018-11-12T04:00:00.0;-0.08420232532342935
2018-11-12T05:00:00.0;-0.09581758557128234
2018-11-12T06:00:00.0;-0.1178330735248708
2018-11-12T07:00:00.0;-0.13424304447620172
2018-11-12T08:00:00.0;-0.13934845887393973
2018-11-12T09:00:00.0;-0.13217838366856963
2018-11-12T10:00:00.0;-0.1206127329569153
2018-11-12T11:00:00.0;-0.11350462196300538
2018-11-12T12:00:00.0;-0.11538080351323486
2018-11-12T13:00:00.0;-0.11913916709927186
2018-11-12T14:00:00.0;-0.1264363233393794
2018-11-12T15:00:00.0;-0.13875642966848586
2018-11-12T16:00:00.0;-0.15127906567120278
2018-11-12T17:00:00.0;-0.17677684108462657
2018-11-12T18:00:00.0;-0.18931376780402573
2018-11-12T19:00:00.0;-0.19626210179750098
2018-11-12T20:00:00.0;-0.19076377283809798
2018-11-12T21:00:00.0;-0.1751667490423033
2018-11-12T22:00:00.0;-0.15056865889941215
2018-11-12T23:00:00.0;-0.13124811558970256
2018-11-13T00:00:00.0;-0.0807554952186523
2018-11-13T01:00:00.0;-0.07827759546572254
2018-11-13T02:00:00.0;-0.07756597480788724
2018-11-13T03:00:00.0;-0.0797169999146451
2018-11-13T04:00:00.0;-0.08585934638572316
2018-11-13T05:00:00.0;-0.09803425905877464
2018-11-13T06:00:00.0;-0.11662331222172505
2018-11-13T07:00:00.0;-0.13155083338676143
2018-11-13T08:00:00.0;-0.13379492825629857
2018-11-13T09:00:00.0;-0.12641265682640665
2018-11-13T10:00:00.0;-0.1164622205246513
2018-11-13T11:00:00.0;-0.11069996479569731
2018-11-13T12:00:00.0;-0.10896801444920311
2018-11-13T13:00:00.0;-0.11170613011136546
2018-11-13T14:00:00.0;-0.11850787055319498
2018-11-13T15:00:00.0;-0.12986012639188743
2018-11-13T16:00:00.0;-0.14805147240517647
2018-11-13T17:00:00.0;-0.1711645806907419
2018-11-13T18:00:00.0;-0.1838317906969626
2018-11-13T19:00:00.0;-0.18884421973925333
2018-11-13T20:00:00.0;-0.18227919897246786
2018-11-13T21:00:00.0;-0.16878429933108302
2018-11-13T22:00:00.0;-0.14701685284796603
2018-11-13T23:00:00.0;-0.11702972976738907
2018-11-14T00:00:00.0;-0.07934298905190508
2018-11-14T01:00:00.0;-0.07750410298747601
2018-11-14T02:00:00.0;-0.0779238565657939
2018-11-14T03:00:00.0;-0.08139760255314803
2018-11-14T04:00:00.0;-0.08998960021198149
2018-11-14T05:00:00.0;-0.1062962079028345
2018-11-14T06:00:00.0;-0.12498831086750634
2018-11-14T07:00:00.0;-0.13660465181957776
2018-11-14T08:00:00.0;-0.13414721949904537
2018-11-14T09:00:00.0;-0.12328728492199638
2018-11-14T10:00:00.0;-0.11265426511264054
2018-11-14T11:00:00.0;-0.10951244929064692
2018-11-14T12:00:00.0;-0.10837017453556698
2018-11-14T13:00:00.0;-0.1120774487350406
2018-11-14T14:00:00.0;-0.12024445494866955
2018-11-14T15:00:00.0;-0.13043525617302046
2018-11-14T16:00:00.0;-0.15114758017797444
2018-11-14T17:00:00.0;-0.17092956138041926
2018-11-14T18:00:00.0;-0.18649910379780807
2018-11-14T19:00:00.0;-0.18886256603051674
2018-11-14T20:00:00.0;-0.17796659224654923
2018-11-14T21:00:00.0;-0.15988772182375538
2018-11-14T22:00:00.0;-0.13804087803514775
2018-11-14T23:00:00.0;-0.10103989592619982
2018-11-15T00:00:00.0;-0.0789104320868541
2018-11-15T01:00:00.0;-0.07725652814502791
2018-11-15T02:00:00.0;-0.07770266700387594
2018-11-15T03:00:00.0;-0.08139019638093258
2018-11-15T04:00:00.0;-0.09022600517251805
2018-11-15T05:00:00.0;-0.10681889446116606
2018-11-15T06:00:00.0;-0.12507934970814402
2018-11-15T07:00:00.0;-0.13699730554350742
2018-11-15T08:00:00.0;-0.13296961855842865
2018-11-15T09:00:00.0;-0.12206717693398798
2018-11-15T10:00:00.0;-0.11139231022375051
2018-11-15T11:00:00.0;-0.10876930390445035
2018-11-15T12:00:00.0;-0.10801880449105121
2018-11-15T13:00:00.0;-0.1116816221265444
2018-11-15T14:00:00.0;-0.11980797232185475
2018-11-15T15:00:00.0;-0.1294825127956223
2018-11-15T16:00:00.0;-0.1502367241285411
2018-11-15T17:00:00.0;-0.16882840205120483
2018-11-15T18:00:00.0;-0.1843241028779223
2018-11-15T19:00:00.0;-0.18615985546099914
2018-11-15T20:00:00.0;-0.17512416913846116
2018-11-15T21:00:00.0;-0.15485025469812652
2018-11-15T22:00:00.0;-0.13520179851193406
2018-11-15T23:00:00.0;-0.09790048185739104
2018-11-16T00:00:00.0;-0.0814918023207709
2018-11-16T01:00:00.0;-0.0784200107601591
2018-11-16T02:00:00.0;-0.07744474902294834
2018-11-16T03:00:00.0;-0.07940648762119981
2018-11-16T04:00:00.0;-0.0849324052614605
2018-11-16T05:00:00.0;-0.09648722072549963
2018-11-16T06:00:00.0;-0.11636133288257292
2018-11-16T07:00:00.0;-0.13374928773592015
2018-11-16T08:00:00.0;-0.13689636787077833
2018-11-16T09:00:00.0;-0.13056963931168816
2018-11-16T10:00:00.0;-0.1200363777908364
2018-11-16T11:00:00.0;-0.11383225825048862
2018-11-16T12:00:00.0;-0.11453018089777811
2018-11-16T13:00:00.0;-0.11773362313328335
2018-11-16T14:00:00.0;-0.12417597460115187
2018-11-16T15:00:00.0;-0.13547034158403565
2018-11-16T16:00:00.0;-0.14997883623442337
2018-11-16T17:00:00.0;-0.1732847926872924
2018-11-16T18:00:00.0;-0.1850643443963198
2018-11-16T19:00:00.0;-0.19102818044953188
2018-11-16T20:00:00.0;-0.185351620619852
2018-11-16T21:00:00.0;-0.16871108896731077
2018-11-16T22:00:00.0;-0.14822352957061194
2018-11-16T23:00:00.0;-0.1255829767936675
2018-11-17T00:00:00.0;-0.08089243626949327
2018-11-17T01:00:00.0;-0.07866025333067872
2018-11-17T02:00:00.0;-0.07761205414539436
2018-11-17T03:00:00.0;-0.07973612257219492
2018-11-17T04:00:00.0;-0.08587369151332311
2018-11-17T05:00:00.0;-0.09773668553956252
2018-11-17T06:00:00.0;-0.11516039847457661
2018-11-17T07:00:00.0;-0.13141719571519545
2018-11-17T08:00:00.0;-0.13216919116689
2018-11-17T09:00:00.0;-0.1255221003806264
2018-11-17T10:00:00.0;-0.1160032545623966
2018-11-17T11:00:00.0;-0.11050618978870741
2018-11-17T12:00:00.0;-0.10803105421973139
2018-11-17T13:00:00.0;-0.11014699440935331
2018-11-17T14:00:00.0;-0.11631023717258553
2018-11-17T15:00:00.0;-0.12688083930497715
2018-11-17T16:00:00.0;-0.1460430268711668
2018-11-17T17:00:00.0;-0.16795406833165671
2018-11-17T18:00:00.0;-0.17986221034340263
2018-11-17T19:00:00.0;-0.1842938378823228
2018-11-17T20:00:00.0;-0.17823505115866156
2018-11-17T21:00:00.0;-0.16356276813611945
2018-11-17T22:00:00.0;-0.14553909154196412
2018-11-17T23:00:00.0;-0.11445539719820934
2018-11-18T00:00:00.0;-0.08148533765083472
2018-11-18T01:00:00.0;-0.07876780453881811
2018-11-18T02:00:00.0;-0.07792651290032651
2018-11-18T03:00:00.0;-0.07965474654299176
2018-11-18T04:00:00.0;-0.08535130615425177
2018-11-18T05:00:00.0;-0.09647673015107862
2018-11-18T06:00:00.0;-0.11360268348072215
2018-11-18T07:00:00.0;-0.12735195617529807
2018-11-18T08:00:00.0;-0.13295057505015326
2018-11-18T09:00:00.0;-0.12655863367644127
2018-11-18T10:00:00.0;-0.11799665366929873
2018-11-18T11:00:00.0;-0.11180365331865696
2018-11-18T12:00:00.0;-0.10877477411422536
2018-11-18T13:00:00.0;-0.11206008106642487
2018-11-18T14:00:00.0;-0.11837935618189659
2018-11-18T15:00:00.0;-0.13043232800856813
2018-11-18T16:00:00.0;-0.14989713746860608
2018-11-18T17:00:00.0;-0.17512399948542315
2018-11-18T18:00:00.0;-0.18767381735916547
2018-11-18T19:00:00.0;-0.1936439802382697
2018-11-18T20:00:00.0;-0.18649850176572536
2018-11-18T21:00:00.0;-0.1779333510634841
2018-11-18T22:00:00.0;-0.15186847736999312
2018-11-18T23:00:00.0;-0.12007170539363156
2018-11-19T00:00:00.0;-0.0842148828715711
2018-11-19T01:00:00.0;-0.08107462481512738
2018-11-19T02:00:00.0;-0.07979267998626945
2018-11-19T03:00:00.0;-0.08097301009146257
2018-11-19T04:00:00.0;-0.08652414386057394
2018-11-19T05:00:00.0;-0.0985694556121614
2018-11-19T06:00:00.0;-0.11963373664190456
2018-11-19T07:00:00.0;-0.13628106968301176
2018-11-19T08:00:00.0;-0.14360529063406954
2018-11-19T09:00:00.0;-0.13644427251784716
2018-11-19T10:00:00.0;-0.12628403934897228
2018-11-19T11:00:00.0;-0.11837515709318464
2018-11-19T12:00:00.0;-0.11403307459461434
2018-11-19T13:00:00.0;-0.11625063223789021
2018-11-19T14:00:00.0;-0.12244814764854518
2018-11-19T15:00:00.0;-0.134570654069359
2018-11-19T16:00:00.0;-0.15356165245088998
2018-11-19T17:00:00.0;-0.1807358866110787
2018-11-19T18:00:00.0;-0.19349231165948266
2018-11-19T19:00:00.0;-0.1997232980379942
2018-11-19T20:00:00.0;-0.19341629171036795
2018-11-19T21:00:00.0;-0.18702543874622926
2018-11-19T22:00:00.0;-0.16005311767314384
2018-11-19T23:00:00.0;-0.1316286663022839
2018-11-20T00:00:00.0;-0.08435096362768188
2018-11-20T01:00:00.0;-0.08111731655589352
2018-11-20T02:00:00.0;-0.07974450082973976
2018-11-20T03:00:00.0;-0.08096216113211964
2018-11-20T04:00:00.0;-0.08644687748457755
2018-11-20T05:00:00.0;-0.09870387301607035
2018-11-20T06:00:00.0;-0.12071955344828979
2018-11-20T07:00:00.0;-0.13890058671942146
2018-11-20T08:00:00.0;-0.14558845751438004
2018-11-20T09:00:00.0;-0.13855078117686018
2018-11-20T10:00:00.0;-0.12772344186134008
2018-11-20T11:00:00.0;-0.11975576045227058
2018-11-20T12:00:00.0;-0.11677026861712099
2018-11-20T13:00:00.0;-0.11911748625721491
2018-11-20T14:00:00.0;-0.1252425550182752
2018-11-20T15:00:00.0;-0.1369509698811311
2018-11-20T16:00:00.0;-0.15418906905280305
2018-11-20T17:00:00.0;-0.18099819752885238
2018-11-20T18:00:00.0;-0.19352924051443932
2018-11-20T19:00:00.0;-0.1997948555988071
2018-11-20T20:00:00.0;-0.1937546805000102
2018-11-20T21:00:00.0;-0.18432457363654045
2018-11-20T22:00:00.0;-0.15923357651858708
2018-11-20T23:00:00.0;-0.1344514769570994
2018-11-21T00:00:00.0;-0.08148121827804315
2018-11-21T01:00:00.0;-0.07902188304218351
2018-11-21T02:00:00.0;-0.07860512796220595
2018-11-21T03:00:00.0;-0.08107854860160511
2018-11-21T04:00:00.0;-0.08821439213468878
2018-11-21T05:00:00.0;-0.10259766635957698
2018-11-21T06:00:00.0;-0.12276893298997374
2018-11-21T07:00:00.0;-0.13763714215318293
2018-11-21T08:00:00.0;-0.1390276775162937
2018-11-21T09:00:00.0;-0.13002803989052505
2018-11-21T10:00:00.0;-0.11924562087600515
2018-11-21T11:00:00.0;-0.11396121365018212
2018-11-21T12:00:00.0;-0.11230704145007614
2018-11-21T13:00:00.0;-0.11540147137203204
2018-11-21T14:00:00.0;-0.12260872476017656
2018-11-21T15:00:00.0;-0.133389972163845
2018-11-21T16:00:00.0;-0.15216123849566301
2018-11-21T17:00:00.0;-0.17490094527439798
2018-11-21T18:00:00.0;-0.1889471044243572
2018-11-21T19:00:00.0;-0.19307506829227358
2018-11-21T20:00:00.0;-0.1845479627639962
2018-11-21T21:00:00.0;-0.1696056219349414
2018-11-21T22:00:00.0;-0.1469907173470916
2018-11-21T23:00:00.0;-0.11618237230420769
2018-11-22T00:00:00.0;-0.0824174611411134
2018-11-22T01:00:00.0;-0.08015928281060306
2018-11-22T02:00:00.0;-0.07905272781810438
2018-11-22T03:00:00.0;-0.08137137076569621
2018-11-22T04:00:00.0;-0.08864124585135782
2018-11-22T05:00:00.0;-0.10190205602457633
2018-11-22T06:00:00.0;-0.12186794123322904
2018-11-22T07:00:00.0;-0.13971060826085208
2018-11-22T08:00:00.0;-0.13907233686286993
2018-11-22T09:00:00.0;-0.13137136053934614
2018-11-22T10:00:00.0;-0.12158353302834814
2018-11-22T11:00:00.0;-0.11585353173746263
2018-11-22T12:00:00.0;-0.1138371236562174
2018-11-22T13:00:00.0;-0.11595741732833459
2018-11-22T14:00:00.0;-0.12187373097374525
2018-11-22T15:00:00.0;-0.1322562949532135
2018-11-22T16:00:00.0;-0.15114435920315938
2018-11-22T17:00:00.0;-0.171657141354767
2018-11-22T18:00:00.0;-0.18251458113823815
2018-11-22T19:00:00.0;-0.18629785852365652
2018-11-22T20:00:00.0;-0.1797111621709071
2018-11-22T21:00:00.0;-0.16225063278058982
2018-11-22T22:00:00.0;-0.1454366876558732
2018-11-22T23:00:00.0;-0.11481583997300736
2018-11-23T00:00:00.0;-0.08073231637715887
2018-11-23T01:00:00.0;-0.07867607843554437
2018-11-23T02:00:00.0;-0.07833625139622778
2018-11-23T03:00:00.0;-0.0812523966988252
2018-11-23T04:00:00.0;-0.08900446556727365
2018-11-23T05:00:00.0;-0.10415724893632254
2018-11-23T06:00:00.0;-0.12338868423861692
2018-11-23T07:00:00.0;-0.13861999528229038
2018-11-23T08:00:00.0;-0.13687195933008423
2018-11-23T09:00:00.0;-0.12761668540124643
2018-11-23T10:00:00.0;-0.11683122373200659
2018-11-23T11:00:00.0;-0.11264533403096808
2018-11-23T12:00:00.0;-0.11137533200982642
2018-11-23T13:00:00.0;-0.11433873401940843
2018-11-23T14:00:00.0;-0.12147595227601543
2018-11-23T15:00:00.0;-0.13120401828190106
2018-11-23T16:00:00.0;-0.1506216486879736
2018-11-23T17:00:00.0;-0.1709869322101395
2018-11-23T18:00:00.0;-0.18505166395281267
2018-11-23T19:00:00.0;-0.1879810251648211
2018-11-23T20:00:00.0;-0.17891550803790107
2018-11-23T21:00:00.0;-0.16012579091481668
2018-11-23T22:00:00.0;-0.14157370978335987
2018-11-23T23:00:00.0;-0.10915650725255868
2018-11-24T00:00:00.0;-0.078885963106707
2018-11-24T01:00:00.0;-0.07696889976227753
2018-11-24T02:00:00.0;-0.07644074673772315
2018-11-24T03:00:00.0;-0.07920208679519464
2018-11-24T04:00:00.0;-0.08594684994701283
2018-11-24T05:00:00.0;-0.09773137634493032
2018-11-24T06:00:00.0;-0.11053284394944263
2018-11-24T07:00:00.0;-0.12380907600424255
2018-11-24T08:00:00.0;-0.12368455302670128
2018-11-24T09:00:00.0;-0.11794462576399867
2018-11-24T10:00:00.0;-0.11061546085525711
2018-11-24T11:00:00.0;-0.10745731893972697
2018-11-24T12:00:00.0;-0.10674562351319487
2018-11-24T13:00:00.0;-0.11113870144807939
2018-11-24T14:00:00.0;-0.11704846986876422
2018-11-24T15:00:00.0;-0.12696878382091978
2018-11-24T16:00:00.0;-0.1470042163690194
2018-11-24T17:00:00.0;-0.1673157942945017
2018-11-24T18:00:00.0;-0.17962942187353548
2018-11-24T19:00:00.0;-0.18369830158729883
2018-11-24T20:00:00.0;-0.1745030309577495
2018-11-24T21:00:00.0;-0.15681411838483114
2018-11-24T22:00:00.0;-0.13814198413718748
2018-11-24T23:00:00.0;-0.1035968445296963
2018-11-25T00:00:00.0;-0.07885991710052566
2018-11-25T01:00:00.0;-0.07651345667856611
2018-11-25T02:00:00.0;-0.07616448080836379
2018-11-25T03:00:00.0;-0.07862790002981354
2018-11-25T04:00:00.0;-0.08474155402974493
2018-11-25T05:00:00.0;-0.09566434610724713
2018-11-25T06:00:00.0;-0.10933357638603018
2018-11-25T07:00:00.0;-0.12114692145065697
2018-11-25T08:00:00.0;-0.12428166118463242
2018-11-25T09:00:00.0;-0.11858198313770264
2018-11-25T10:00:00.0;-0.11121637251118816
2018-11-25T11:00:00.0;-0.10715362828610958
2018-11-25T12:00:00.0;-0.10692159769475774
2018-11-25T13:00:00.0;-0.11189309285105525
2018-11-25T14:00:00.0;-0.11826867110140836
2018-11-25T15:00:00.0;-0.12961685304624954
2018-11-25T16:00:00.0;-0.14829005267844544
2018-11-25T17:00:00.0;-0.17101287266254686
2018-11-25T18:00:00.0;-0.18355423447488897
2018-11-25T19:00:00.0;-0.18905864868327316
2018-11-25T20:00:00.0;-0.18024341063369329
2018-11-25T21:00:00.0;-0.16605352031046483
2018-11-25T22:00:00.0;-0.14212540196942397
2018-11-25T23:00:00.0;-0.10955314829265232
2018-11-26T00:00:00.0;-0.08287091024539979
2018-11-26T01:00:00.0;-0.08048495024252583
2018-11-26T02:00:00.0;-0.07900548193285509
2018-11-26T03:00:00.0;-0.0809725295152991
2018-11-26T04:00:00.0;-0.08760338060543964
2018-11-26T05:00:00.0;-0.09973883979437013
2018-11-26T06:00:00.0;-0.11879711309042337
2018-11-26T07:00:00.0;-0.1377223821028529
2018-11-26T08:00:00.0;-0.13830073681753324
2018-11-26T09:00:00.0;-0.13194373032348833
2018-11-26T10:00:00.0;-0.12271577324065988
2018-11-26T11:00:00.0;-0.11659428547740655
2018-11-26T12:00:00.0;-0.11434328464690363
2018-11-26T13:00:00.0;-0.11642026478385185
2018-11-26T14:00:00.0;-0.12167667759699671
2018-11-26T15:00:00.0;-0.13198165810843615
2018-11-26T16:00:00.0;-0.1505963831427545
2018-11-26T17:00:00.0;-0.1718698512713267
2018-11-26T18:00:00.0;-0.1819796936633834
2018-11-26T19:00:00.0;-0.1863514077210043
2018-11-26T20:00:00.0;-0.18042484679178433
2018-11-26T21:00:00.0;-0.16379923796628656
2018-11-26T22:00:00.0;-0.14754531718606842
2018-11-26T23:00:00.0;-0.11843957743790699
2018-11-27T00:00:00.0;-0.08339334410555227
2018-11-27T01:00:00.0;-0.08009600597669617
2018-11-27T02:00:00.0;-0.07903313512112581
2018-11-27T03:00:00.0;-0.08041524734847683
2018-11-27T04:00:00.0;-0.0858254947912574
2018-11-27T05:00:00.0;-0.09793080692221529
2018-11-27T06:00:00.0;-0.12007559977885676
2018-11-27T07:00:00.0;-0.13703951792525942
2018-11-27T08:00:00.0;-0.1439260350035749
2018-11-27T09:00:00.0;-0.13662556317298974
2018-11-27T10:00:00.0;-0.1256262400905785
2018-11-27T11:00:00.0;-0.11781491745118867
2018-11-27T12:00:00.0;-0.1160776853692413
2018-11-27T13:00:00.0;-0.11897260483649492
2018-11-27T14:00:00.0;-0.125617295146116
2018-11-27T15:00:00.0;-0.13782804271684282
2018-11-27T16:00:00.0;-0.153865245547342
2018-11-27T17:00:00.0;-0.18078532925025254
2018-11-27T18:00:00.0;-0.19358396199418262
2018-11-27T19:00:00.0;-0.20022126723816705
2018-11-27T20:00:00.0;-0.19412849221690281
2018-11-27T21:00:00.0;-0.18408022797740117
2018-11-27T22:00:00.0;-0.15755324044334623
2018-11-27T23:00:00.0;-0.1338146578071664
2018-11-28T00:00:00.0;-0.08533611048667004
2018-11-28T01:00:00.0;-0.08203225282120845
2018-11-28T02:00:00.0;-0.0805838667298025
2018-11-28T03:00:00.0;-0.08158590618556719
2018-11-28T04:00:00.0;-0.087167920206458
2018-11-28T05:00:00.0;-0.0996657068907155
2018-11-28T06:00:00.0;-0.12185370086906161
2018-11-28T07:00:00.0;-0.13963441454795442
2018-11-28T08:00:00.0;-0.14767976610582256
2018-11-28T09:00:00.0;-0.14038304502633625
2018-11-28T10:00:00.0;-0.12983610369639795
2018-11-28T11:00:00.0;-0.12148346666437675
2018-11-28T12:00:00.0;-0.11680598451405262
2018-11-28T13:00:00.0;-0.11890930746515746
2018-11-28T14:00:00.0;-0.12491808706515761
2018-11-28T15:00:00.0;-0.1368740697928
2018-11-28T16:00:00.0;-0.15576637419374842
2018-11-28T17:00:00.0;-0.18362886388377223
2018-11-28T18:00:00.0;-0.19651269466033783
2018-11-28T19:00:00.0;-0.20280261711217687
2018-11-28T20:00:00.0;-0.19631819066910336
2018-11-28T21:00:00.0;-0.19032153701612184
2018-11-28T22:00:00.0;-0.16297522732968686
2018-11-28T23:00:00.0;-0.13581392249729346
2018-11-29T00:00:00.0;-0.08523108447519716
2018-11-29T01:00:00.0;-0.08194255127568903
2018-11-29T02:00:00.0;-0.08050975582949599
2018-11-29T03:00:00.0;-0.08152849586910309
2018-11-29T04:00:00.0;-0.0871076173197129
2018-11-29T05:00:00.0;-0.0995630204265149
2018-11-29T06:00:00.0;-0.12164575559082279
2018-11-29T07:00:00.0;-0.13932030487787914
2018-11-29T08:00:00.0;-0.1472981077325541
2018-11-29T09:00:00.0;-0.14001409802476852
2018-11-29T10:00:00.0;-0.12950337986237764
2018-11-29T11:00:00.0;-0.12119230958593062
2018-11-29T12:00:00.0;-0.11654624450667998
2018-11-29T13:00:00.0;-0.1186602678846464
2018-11-29T14:00:00.0;-0.12468672647252399
2018-11-29T15:00:00.0;-0.13665830756670141
2018-11-29T16:00:00.0;-0.15555985668745284
2018-11-29T17:00:00.0;-0.18335787710094498
2018-11-29T18:00:00.0;-0.19622977371241562
2018-11-29T19:00:00.0;-0.2025141755896362
2018-11-29T20:00:00.0;-0.1960463681870051
2018-11-29T21:00:00.0;-0.19001278966629942
2018-11-29T22:00:00.0;-0.16270151170033534
2018-11-29T23:00:00.0;-0.1354218872323439
2018-11-30T00:00:00.0;-0.0834573767918782
2018-11-30T01:00:00.0;-0.08052199651296321
2018-11-30T02:00:00.0;-0.07942475285424155
2018-11-30T03:00:00.0;-0.08096852665843098
2018-11-30T04:00:00.0;-0.08694779253197334
2018-11-30T05:00:00.0;-0.09950177375561436
2018-11-30T06:00:00.0;-0.11967668589925873
2018-11-30T07:00:00.0;-0.13601744078010589
2018-11-30T08:00:00.0;-0.14167523942855798
2018-11-30T09:00:00.0;-0.13440287348162522
2018-11-30T10:00:00.0;-0.12440466394851031
2018-11-30T11:00:00.0;-0.11743109542604667
2018-11-30T12:00:00.0;-0.11401306907844351
2018-11-30T13:00:00.0;-0.11670722219466052
2018-11-30T14:00:00.0;-0.12294206361459759
2018-11-30T15:00:00.0;-0.13446470367831
2018-11-30T16:00:00.0;-0.1534257399368047
2018-11-30T17:00:00.0;-0.1792143291096169
2018-11-30T18:00:00.0;-0.1921661739361517
2018-11-30T19:00:00.0;-0.19781069549160954
2018-11-30T20:00:00.0;-0.1906139469556117
2018-11-30T21:00:00.0;-0.18128357423284103
2018-11-30T22:00:00.0;-0.15598213916270762
2018-11-30T23:00:00.0;-0.12699849987453657
2018-12-01T00:00:00.0;-0.08357895580517487
2018-12-01T01:00:00.0;-0.0805516399812701
2018-12-01T02:00:00.0;-0.07939332322883995
2018-12-01T03:00:00.0;-0.08076861773649492
2018-12-01T04:00:00.0;-0.08648404344649921
2018-12-01T05:00:00.0;-0.09842241220600131
2018-12-01T06:00:00.0;-0.1178581381702449
2018-12-01T07:00:00.0;-0.13374815410107446
2018-12-01T08:00:00.0;-0.1406880431831542
2018-12-01T09:00:00.0;-0.13396555633686802
2018-12-01T10:00:00.0;-0.12456598075511353
2018-12-01T11:00:00.0;-0.1174326007572052
2018-12-01T12:00:00.0;-0.11369009499798019
2018-12-01T13:00:00.0;-0.11662322733993162
2018-12-01T14:00:00.0;-0.1226494734272654
2018-12-01T15:00:00.0;-0.134475023668491
2018-12-01T16:00:00.0;-0.15371447429259275
2018-12-01T17:00:00.0;-0.18027429557113078
2018-12-01T18:00:00.0;-0.1930438015928194
2018-12-01T19:00:00.0;-0.19914465010874466
2018-12-01T20:00:00.0;-0.19189129479393538
2018-12-01T21:00:00.0;-0.18427582424128475
2018-12-01T22:00:00.0;-0.1575131459418276
2018-12-01T23:00:00.0;-0.1281272717069228
2018-12-02T00:00:00.0;-0.08275940130009815
2018-12-02T01:00:00.0;-0.08017373691473009
2018-12-02T02:00:00.0;-0.0786552305918039
2018-12-02T03:00:00.0;-0.08030463462293791
2018-12-02T04:00:00.0;-0.08608856124625465
2018-12-02T05:00:00.0;-0.09756998624137109
2018-12-02T06:00:00.0;-0.114681542783907
2018-12-02T07:00:00.0;-0.13282787949916172
2018-12-02T08:00:00.0;-0.13611403917637993
2018-12-02T09:00:00.0;-0.13081585940982357
2018-12-02T10:00:00.0;-0.12198935868874271
2018-12-02T11:00:00.0;-0.11599620632657132
2018-12-02T12:00:00.0;-0.11326310047343385
2018-12-02T13:00:00.0;-0.11597749304970398
2018-12-02T14:00:00.0;-0.1210833635942384
2018-12-02T15:00:00.0;-0.13125198931846296
2018-12-02T16:00:00.0;-0.1502530439109164
2018-12-02T17:00:00.0;-0.173792494522975
2018-12-02T18:00:00.0;-0.18524668889826773
2018-12-02T19:00:00.0;-0.19036708782481657
2018-12-02T20:00:00.0;-0.18355894279342333
2018-12-02T21:00:00.0;-0.16985697294109087
2018-12-02T22:00:00.0;-0.15082416444362062
2018-12-02T23:00:00.0;-0.12222316187132017
2018-12-03T00:00:00.0;-0.08395450415855793
2018-12-03T01:00:00.0;-0.08076832892647176
2018-12-03T02:00:00.0;-0.07940243710093178
2018-12-03T03:00:00.0;-0.08071186721753482
2018-12-03T04:00:00.0;-0.0861630338460378
2018-12-03T05:00:00.0;-0.09831029004412882
2018-12-03T06:00:00.0;-0.12015909010876794
2018-12-03T07:00:00.0;-0.1386210880739141
2018-12-03T08:00:00.0;-0.14461996787780107
2018-12-03T09:00:00.0;-0.13774936812382577
2018-12-03T10:00:00.0;-0.12683994300993434
2018-12-03T11:00:00.0;-0.11906636832276936
2018-12-03T12:00:00.0;-0.11675467664523312
2018-12-03T13:00:00.0;-0.11917435005633868
2018-12-03T14:00:00.0;-0.12529398616167225
2018-12-03T15:00:00.0;-0.1368242383101089
2018-12-03T16:00:00.0;-0.15343389047702302
2018-12-03T17:00:00.0;-0.17970189947637952
2018-12-03T18:00:00.0;-0.1920332555441442
2018-12-03T19:00:00.0;-0.19823937777301232
2018-12-03T20:00:00.0;-0.19239382090861326
2018-12-03T21:00:00.0;-0.1813809689349375
2018-12-03T22:00:00.0;-0.15753108498084983
2018-12-03T23:00:00.0;-0.13368812432689556
2018-12-04T00:00:00.0;-0.08095759476003585
2018-12-04T01:00:00.0;-0.07848317810106999
2018-12-04T02:00:00.0;-0.07793355202643501
2018-12-04T03:00:00.0;-0.08043791366428771
2018-12-04T04:00:00.0;-0.08722293177273166
2018-12-04T05:00:00.0;-0.10102729779449009
2018-12-04T06:00:00.0;-0.1212341236918975
2018-12-04T07:00:00.0;-0.1374114801894892
2018-12-04T08:00:00.0;-0.13789140308927383
2018-12-04T09:00:00.0;-0.12957540825493988
2018-12-04T10:00:00.0;-0.11848699386814375
2018-12-04T11:00:00.0;-0.11322631737279358
2018-12-04T12:00:00.0;-0.1131206612668825
2018-12-04T13:00:00.0;-0.11625871226738754
2018-12-04T14:00:00.0;-0.12330955272360745
2018-12-04T15:00:00.0;-0.13379812438737454
2018-12-04T16:00:00.0;-0.15061974630751113
2018-12-04T17:00:00.0;-0.17265778010764857
2018-12-04T18:00:00.0;-0.1859720333982005
2018-12-04T19:00:00.0;-0.19029871554120947
2018-12-04T20:00:00.0;-0.1827076011814329
2018-12-04T21:00:00.0;-0.16455412873755346
2018-12-04T22:00:00.0;-0.14469937571382988
2018-12-04T23:00:00.0;-0.11745271007661405
2018-12-05T00:00:00.0;-0.08417730174570671
2018-12-05T01:00:00.0;-0.08102545334959566
2018-12-05T02:00:00.0;-0.07954152876151922
2018-12-05T03:00:00.0;-0.08082095186614316
2018-12-05T04:00:00.0;-0.08627793539720376
2018-12-05T05:00:00.0;-0.09844913912348324
2018-12-05T06:00:00.0;-0.1202783780736661
2018-12-05T07:00:00.0;-0.1393751296526061
2018-12-05T08:00:00.0;-0.14502488388705037
2018-12-05T09:00:00.0;-0.13830363687215463
2018-12-05T10:00:00.0;-0.12737394779861044
2018-12-05T11:00:00.0;-0.11958874609884361
2018-12-05T12:00:00.0;-0.11711011749614147
2018-12-05T13:00:00.0;-0.11933689083747599
2018-12-05T14:00:00.0;-0.1252685304849411
2018-12-05T15:00:00.0;-0.13654237335584848
2018-12-05T16:00:00.0;-0.15327467476337284
2018-12-05T17:00:00.0;-0.17930098221998514
2018-12-05T18:00:00.0;-0.1914486023131357
2018-12-05T19:00:00.0;-0.19750193032466545
2018-12-05T20:00:00.0;-0.1917949615599871
2018-12-05T21:00:00.0;-0.1803287778391915
2018-12-05T22:00:00.0;-0.1575444192415145
2018-12-05T23:00:00.0;-0.13384953752663875
2018-12-06T00:00:00.0;-0.08534164142464881
2018-12-06T01:00:00.0;-0.0821490957048757
2018-12-06T02:00:00.0;-0.08050006561933032
2018-12-06T03:00:00.0;-0.08153911540647672
2018-12-06T04:00:00.0;-0.08710464963717623
2018-12-06T05:00:00.0;-0.09953404205550655
2018-12-06T06:00:00.0;-0.12147187922829243
2018-12-06T07:00:00.0;-0.14061026742697774
2018-12-06T08:00:00.0;-0.14737786790468832
2018-12-06T09:00:00.0;-0.140515377436981
2018-12-06T10:00:00.0;-0.1298848554786974
2018-12-06T11:00:00.0;-0.1217144904961108
2018-12-06T12:00:00.0;-0.11736316322762537
2018-12-06T13:00:00.0;-0.11920213029490949
2018-12-06T14:00:00.0;-0.12486602670378728
2018-12-06T15:00:00.0;-0.1361943568001291
2018-12-06T16:00:00.0;-0.15475129085090206
2018-12-06T17:00:00.0;-0.18165885176641017
2018-12-06T18:00:00.0;-0.19402776984536782
2018-12-06T19:00:00.0;-0.19998313461012404
2018-12-06T20:00:00.0;-0.1939063607105253
2018-12-06T21:00:00.0;-0.18562665442010623
2018-12-06T22:00:00.0;-0.16133955021603538
2018-12-06T23:00:00.0;-0.13523945571182763
2018-12-07T00:00:00.0;-0.08533611048667004
2018-12-07T01:00:00.0;-0.08203225282120845
2018-12-07T02:00:00.0;-0.0805838667298025
2018-12-07T03:00:00.0;-0.08158590618556719
2018-12-07T04:00:00.0;-0.087167920206458
2018-12-07T05:00:00.0;-0.0996657068907155
2018-12-07T06:00:00.0;-0.12185370086906161
2018-12-07T07:00:00.0;-0.13963441454795442
2018-12-07T08:00:00.0;-0.14767976610582256
2018-12-07T09:00:00.0;-0.14038304502633625
2018-12-07T10:00:00.0;-0.12983610369639795
2018-12-07T11:00:00.0;-0.12148346666437675
2018-12-07T12:00:00.0;-0.11680598451405262
2018-12-07T13:00:00.0;-0.11890930746515746
2018-12-07T14:00:00.0;-0.12491808706515761
2018-12-07T15:00:00.0;-0.1368740697928
2018-12-07T16:00:00.0;-0.15576637419374842
2018-12-07T17:00:00.0;-0.18362886388377223
2018-12-07T18:00:00.0;-0.19651269466033783
2018-12-07T19:00:00.0;-0.20280261711217687
2018-12-07T20:00:00.0;-0.19631819066910336
2018-12-07T21:00:00.0;-0.19032153701612184
2018-12-07T22:00:00.0;-0.16297522732968686
2018-12-07T23:00:00.0;-0.13581392249729346
2018-12-08T00:00:00.0;-0.08442186856826177
2018-12-08T01:00:00.0;-0.08152632824539256
2018-12-08T02:00:00.0;-0.07976845368771304
2018-12-08T03:00:00.0;-0.08099017536915393
2018-12-08T04:00:00.0;-0.08652421992786492
2018-12-08T05:00:00.0;-0.09845537193174368
2018-12-08T06:00:00.0;-0.11895645456961262
2018-12-08T07:00:00.0;-0.13862172386170837
2018-12-08T08:00:00.0;-0.14328440771524192
2018-12-08T09:00:00.0;-0.1370703974190672
2018-12-08T10:00:00.0;-0.12678803281256457
2018-12-08T11:00:00.0;-0.11922378288976875
2018-12-08T12:00:00.0;-0.1152657676442709
2018-12-08T13:00:00.0;-0.11682195299947873
2018-12-08T14:00:00.0;-0.12220230256339149
2018-12-08T15:00:00.0;-0.1329357084610597
2018-12-08T16:00:00.0;-0.1515224470416128
2018-12-08T17:00:00.0;-0.176712949460958
2018-12-08T18:00:00.0;-0.18835726008406395
2018-12-08T19:00:00.0;-0.19382070791820724
2018-12-08T20:00:00.0;-0.18835921287352034
2018-12-08T21:00:00.0;-0.17745595103415393
2018-12-08T22:00:00.0;-0.15704724317804147
2018-12-08T23:00:00.0;-0.13051494233121075
2018-12-09T00:00:00.0;-0.08520520230378639
2018-12-09T01:00:00.0;-0.08192475193969767
2018-12-09T02:00:00.0;-0.08048882491280758
2018-12-09T03:00:00.0;-0.08151284449124695
2018-12-09T04:00:00.0;-0.08709089612769487
2018-12-09T05:00:00.0;-0.09953275779274291
2018-12-09T06:00:00.0;-0.12157748205638284
2018-12-09T07:00:00.0;-0.13926986425050608
2018-12-09T08:00:00.0;-0.14718724506468783
2018-12-09T09:00:00.0;-0.13992159424348605
2018-12-09T10:00:00.0;-0.12941900793344
2018-12-09T11:00:00.0;-0.12112486271369272
2018-12-09T12:00:00.0;-0.11649352582647514
2018-12-09T13:00:00.0;-0.11860015676014188
2018-12-09T14:00:00.0;-0.12461871775224795
2018-12-09T15:00:00.0;-0.13657286549006392
2018-12-09T16:00:00.0;-0.15547064590213713
2018-12-09T17:00:00.0;-0.18321971537039008
2018-12-09T18:00:00.0;-0.1960708823881494
2018-12-09T19:00:00.0;-0.20234173064228964
2018-12-09T20:00:00.0;-0.19589177590543894
2018-12-09T21:00:00.0;-0.18977727545860407
2018-12-09T22:00:00.0;-0.16257852452287902
2018-12-09T23:00:00.0;-0.13529572791427627
2018-12-10T00:00:00.0;-0.08521382012987008
2018-12-10T01:00:00.0;-0.08199852918963856
2018-12-10T02:00:00.0;-0.08041640036216353
2018-12-10T03:00:00.0;-0.08147252727290345
2018-12-10T04:00:00.0;-0.08703029255358254
2018-12-10T05:00:00.0;-0.09944833201024125
2018-12-10T06:00:00.0;-0.12143542418686863
2018-12-10T07:00:00.0;-0.14023794792180017
2018-12-10T08:00:00.0;-0.14719596355302364
2018-12-10T09:00:00.0;-0.14024284062961775
2018-12-10T10:00:00.0;-0.12960022084945064
2018-12-10T11:00:00.0;-0.1214272089152549
2018-12-10T12:00:00.0;-0.11719969716945758
2018-12-10T13:00:00.0;-0.11914530437514126
2018-12-10T14:00:00.0;-0.12492245235610096
2018-12-10T15:00:00.0;-0.1363980432784265
2018-12-10T16:00:00.0;-0.154838631819049
2018-12-10T17:00:00.0;-0.1818835216611155
2018-12-10T18:00:00.0;-0.19435406715735526
2018-12-10T19:00:00.0;-0.20040172191215722
2018-12-10T20:00:00.0;-0.19426562850593207
2018-12-10T21:00:00.0;-0.18619698595084974
2018-12-10T22:00:00.0;-0.16132650887719638
2018-12-10T23:00:00.0;-0.13522868094840612
2018-12-11T00:00:00.0;-0.08215172607318272
2018-12-11T01:00:00.0;-0.07995121164257417
2018-12-11T02:00:00.0;-0.07905075772938547
2018-12-11T03:00:00.0;-0.08151121299684778
2018-12-11T04:00:00.0;-0.0888014741319215
2018-12-11T05:00:00.0;-0.10336969285989954
2018-12-11T06:00:00.0;-0.12296485403636578
2018-12-11T07:00:00.0;-0.14053128151142996
2018-12-11T08:00:00.0;-0.13966568634246018
2018-12-11T09:00:00.0;-0.1313559235552214
2018-12-11T10:00:00.0;-0.12061713055415017
2018-12-11T11:00:00.0;-0.1156184033836224
2018-12-11T12:00:00.0;-0.11337951544387807
2018-12-11T13:00:00.0;-0.11567810229065743
2018-12-11T14:00:00.0;-0.12202820053383878
2018-12-11T15:00:00.0;-0.1314517938183226
2018-12-11T16:00:00.0;-0.15094426823417145
2018-12-11T17:00:00.0;-0.17202394910410113
2018-12-11T18:00:00.0;-0.18523718866750147
2018-12-11T19:00:00.0;-0.18843903282716215
2018-12-11T20:00:00.0;-0.18034329245868413
2018-12-11T21:00:00.0;-0.16250201373914103
2018-12-11T22:00:00.0;-0.14546452481319763
2018-12-11T23:00:00.0;-0.11475556115797055
2018-12-12T00:00:00.0;-0.0829120146015927
2018-12-12T01:00:00.0;-0.07973452850672201
2018-12-12T02:00:00.0;-0.07855524573353367
2018-12-12T03:00:00.0;-0.0800719781764455
2018-12-12T04:00:00.0;-0.0854216481995349
2018-12-12T05:00:00.0;-0.09735589921087064
2018-12-12T06:00:00.0;-0.11922418312163678
2018-12-12T07:00:00.0;-0.1374251632788986
2018-12-12T08:00:00.0;-0.14266405472813284
2018-12-12T09:00:00.0;-0.13582380998418037
2018-12-12T10:00:00.0;-0.12462227392580515
2018-12-12T11:00:00.0;-0.11714028028324679
2018-12-12T12:00:00.0;-0.11648678654942157
2018-12-12T13:00:00.0;-0.11929946625492378
2018-12-12T14:00:00.0;-0.1257373514471009
2018-12-12T15:00:00.0;-0.1373454000353547
2018-12-12T16:00:00.0;-0.1523104307676997
2018-12-12T17:00:00.0;-0.17798001267889862
2018-12-12T18:00:00.0;-0.1902104247940588
2018-12-12T19:00:00.0;-0.19657953443192372
2018-12-12T20:00:00.0;-0.19101791794787018
2018-12-12T21:00:00.0;-0.17752891827662742
2018-12-12T22:00:00.0;-0.1544563792913448
2018-12-12T23:00:00.0;-0.1327031824275246
2018-12-13T00:00:00.0;-0.08269099717118042
2018-12-13T01:00:00.0;-0.08014286259148073
2018-12-13T02:00:00.0;-0.07900032620247191
2018-12-13T03:00:00.0;-0.08105107252870315
2018-12-13T04:00:00.0;-0.08757332280589872
2018-12-13T05:00:00.0;-0.10109877704334755
2018-12-13T06:00:00.0;-0.12150977471742025
2018-12-13T07:00:00.0;-0.1399971585619138
2018-12-13T08:00:00.0;-0.14119268896919573
2018-12-13T09:00:00.0;-0.133656965340035
2018-12-13T10:00:00.0;-0.12275056198069091
2018-12-13T11:00:00.0;-0.11676378093556529
2018-12-13T12:00:00.0;-0.11495064816948594
2018-12-13T13:00:00.0;-0.11725156876541776
2018-12-13T14:00:00.0;-0.12341709950858845
2018-12-13T15:00:00.0;-0.13342738977470175
2018-12-13T16:00:00.0;-0.15129531421488857
2018-12-13T17:00:00.0;-0.17393560660543803
2018-12-13T18:00:00.0;-0.18654759560550588
2018-12-13T19:00:00.0;-0.19084363570831597
2018-12-13T20:00:00.0;-0.1838925778455288
2018-12-13T21:00:00.0;-0.16732952872093756
2018-12-13T22:00:00.0;-0.14904500678498322
2018-12-13T23:00:00.0;-0.12198041322040355
2018-12-14T00:00:00.0;-0.08390250334689633
2018-12-14T01:00:00.0;-0.08078980303661804
2018-12-14T02:00:00.0;-0.07929189307757627
2018-12-14T03:00:00.0;-0.08063815553861403
2018-12-14T04:00:00.0;-0.08606501688254767
2018-12-14T05:00:00.0;-0.09815683909557167
2018-12-14T06:00:00.0;-0.11989403248880762
2018-12-14T07:00:00.0;-0.13934061711035187
2018-12-14T08:00:00.0;-0.14438660237634082
2018-12-14T09:00:00.0;-0.1378139165359792
2018-12-14T10:00:00.0;-0.1267910993802633
2018-12-14T11:00:00.0;-0.1191455781674828
2018-12-14T12:00:00.0;-0.11719770012835513
2018-12-14T13:00:00.0;-0.11944644819684257
2018-12-14T14:00:00.0;-0.12535023962656291
2018-12-14T15:00:00.0;-0.1364448594007248
2018-12-14T16:00:00.0;-0.15265537329480167
2018-12-14T17:00:00.0;-0.1782195792398
2018-12-14T18:00:00.0;-0.19017826705471189
2018-12-14T19:00:00.0;-0.19616619872859495
2018-12-14T20:00:00.0;-0.19065498036397324
2018-12-14T21:00:00.0;-0.17782784996813805
2018-12-14T22:00:00.0;-0.15621057725008528
2018-12-14T23:00:00.0;-0.13336754710529874
2018-12-15T00:00:00.0;-0.08539276931496727
2018-12-15T01:00:00.0;-0.08214796201916783
2018-12-15T02:00:00.0;-0.08058215132892382
2018-12-15T03:00:00.0;-0.08159337582534427
2018-12-15T04:00:00.0;-0.0871713699125632
2018-12-15T05:00:00.0;-0.09964361462773061
2018-12-15T06:00:00.0;-0.12169969117499439
2018-12-15T07:00:00.0;-0.14022542594223392
2018-12-15T08:00:00.0;-0.14762290917096704
2018-12-15T09:00:00.0;-0.14055735192290011
2018-12-15T10:00:00.0;-0.12997844413002774
2018-12-15T11:00:00.0;-0.1217078297265161
2018-12-15T12:00:00.0;-0.11712260384447132
2018-12-15T13:00:00.0;-0.11906337243583001
2018-12-15T14:00:00.0;-0.12487105255208118
2018-12-15T15:00:00.0;-0.13648600859765977
2018-12-15T16:00:00.0;-0.1552787987726809
2018-12-15T17:00:00.0;-0.18265921430363502
2018-12-15T18:00:00.0;-0.19527140854644456
2018-12-15T19:00:00.0;-0.2013737033952215
2018-12-15T20:00:00.0;-0.19509536571134717
2018-12-15T21:00:00.0;-0.18799589149040416
2018-12-15T22:00:00.0;-0.16225477391956905
2018-12-15T23:00:00.0;-0.13556351862608024
2018-12-16T00:00:00.0;-0.07910598991158345
2018-12-16T01:00:00.0;-0.07707916207969635
2018-12-16T02:00:00.0;-0.07657601606452301
2018-12-16T03:00:00.0;-0.07923187946157308
2018-12-16T04:00:00.0;-0.08587269270881114
2018-12-16T05:00:00.0;-0.0975695372984239
2018-12-16T06:00:00.0;-0.11070217504128153
2018-12-16T07:00:00.0;-0.12362807366038299
2018-12-16T08:00:00.0;-0.12444795556051923
2018-12-16T09:00:00.0;-0.11861291298687664
2018-12-16T10:00:00.0;-0.11127151575687708
2018-12-16T11:00:00.0;-0.10782215453221024
2018-12-16T12:00:00.0;-0.10687801836425946
2018-12-16T13:00:00.0;-0.11132313407960756
2018-12-16T14:00:00.0;-0.11732880697467557
2018-12-16T15:00:00.0;-0.12760204777027395
2018-12-16T16:00:00.0;-0.1476468228643779
2018-12-16T17:00:00.0;-0.16868779946460938
2018-12-16T18:00:00.0;-0.1811435175088704
2018-12-16T19:00:00.0;-0.18551128285229138
2018-12-16T20:00:00.0;-0.17632073503106954
2018-12-16T21:00:00.0;-0.1600333603552292
2018-12-16T22:00:00.0;-0.1397978047390077
2018-12-16T23:00:00.0;-0.10527170960590204
2018-12-17T00:00:00.0;-0.08543694228754191
2018-12-17T01:00:00.0;-0.08238344748861591
2018-12-17T02:00:00.0;-0.08046570109435312
2018-12-17T03:00:00.0;-0.08153379321374787
2018-12-17T04:00:00.0;-0.08708651067679049
2018-12-17T05:00:00.0;-0.09944813648274056
2018-12-17T06:00:00.0;-0.12107477640867398
2018-12-17T07:00:00.0;-0.14194994563053745
2018-12-17T08:00:00.0;-0.14717069026899948
2018-12-17T09:00:00.0;-0.14085196840040543
2018-12-17T10:00:00.0;-0.13013739375051547
2018-12-17T11:00:00.0;-0.12217058420058259
2018-12-17T12:00:00.0;-0.11809380608424476
2018-12-17T13:00:00.0;-0.11956582544865273
2018-12-17T14:00:00.0;-0.12476904704300713
2018-12-17T15:00:00.0;-0.1353000516537335
2018-12-17T16:00:00.0;-0.15356702660861035
2018-12-17T17:00:00.0;-0.17932201615471938
2018-12-17T18:00:00.0;-0.19105020887905957
2018-12-17T19:00:00.0;-0.1965709501628054
2018-12-17T20:00:00.0;-0.19098668578347808
2018-12-17T21:00:00.0;-0.18003321514821632
2018-12-17T22:00:00.0;-0.1595385511642741
2018-12-17T23:00:00.0;-0.13461124801660915
2018-12-18T00:00:00.0;-0.08533611048667004
2018-12-18T01:00:00.0;-0.08203225282120845
2018-12-18T02:00:00.0;-0.0805838667298025
2018-12-18T03:00:00.0;-0.08158590618556719
2018-12-18T04:00:00.0;-0.087167920206458
2018-12-18T05:00:00.0;-0.0996657068907155
2018-12-18T06:00:00.0;-0.12185370086906161
2018-12-18T07:00:00.0;-0.13963441454795442
2018-12-18T08:00:00.0;-0.14767976610582256
2018-12-18T09:00:00.0;-0.14038304502633625
2018-12-18T10:00:00.0;-0.12983610369639795
2018-12-18T11:00:00.0;-0.12148346666437675
2018-12-18T12:00:00.0;-0.11680598451405262
2018-12-18T13:00:00.0;-0.11890930746515746
2018-12-18T14:00:00.0;-0.12491808706515761
2018-12-18T15:00:00.0;-0.1368740697928
2018-12-18T16:00:00.0;-0.15576637419374842
2018-12-18T17:00:00.0;-0.18362886388377223
2018-12-18T18:00:00.0;-0.19651269466033783
2018-12-18T19:00:00.0;-0.20280261711217687
2018-12-18T20:00:00.0;-0.19631819066910336
2018-12-18T21:00:00.0;-0.19032153701612184
2018-12-18T22:00:00.0;-0.16297522732968686
2018-12-18T23:00:00.0;-0.13581392249729346
2018-12-19T00:00:00.0;-0.08541111312352216
2018-12-19T01:00:00.0;-0.08218542391944349
2018-12-19T02:00:00.0;-0.080581595952361
2018-12-19T03:00:00.0;-0.08159579418883964
2018-12-19T04:00:00.0;-0.08717248678614259
2018-12-19T05:00:00.0;-0.09963646205760308
2018-12-19T06:00:00.0;-0.1216498291423956
2018-12-19T07:00:00.0;-0.14041677123115423
2018-12-19T08:00:00.0;-0.14760450122362057
2018-12-19T09:00:00.0;-0.14061378535854388
2018-12-19T10:00:00.0;-0.13002452813392607
2018-12-19T11:00:00.0;-0.12178046929888921
2018-12-19T12:00:00.0;-0.11722511221883282
2018-12-19T13:00:00.0;-0.11911325236473015
2018-12-19T14:00:00.0;-0.12485582470270137
2018-12-19T15:00:00.0;-0.13636037027288023
2018-12-19T16:00:00.0;-0.1551209418164231
2018-12-19T17:00:00.0;-0.18234528147449044
2018-12-19T18:00:00.0;-0.1948695309305565
2018-12-19T19:00:00.0;-0.2009110796443776
2018-12-19T20:00:00.0;-0.19469946506187477
2018-12-19T21:00:00.0;-0.18724294269897307
2018-12-19T22:00:00.0;-0.16202152060627092
2018-12-19T23:00:00.0;-0.1354824481060398
2018-12-20T00:00:00.0;-0.08546954214399062
2018-12-20T01:00:00.0;-0.08230474822068905
2018-12-20T02:00:00.0;-0.08057982695720059
2018-12-20T03:00:00.0;-0.08160349720262486
2018-12-20T04:00:00.0;-0.0871760442714399
2018-12-20T05:00:00.0;-0.09961367956589029
2018-12-20T06:00:00.0;-0.12149100772237276
2018-12-20T07:00:00.0;-0.14102624759858465
2018-12-20T08:00:00.0;-0.1475458679071492
2018-12-20T09:00:00.0;-0.14079353812670384
2018-12-20T10:00:00.0;-0.13017131571072552
2018-12-20T11:00:00.0;-0.122011842137758
2018-12-20T12:00:00.0;-0.1175516236892201
2018-12-20T13:00:00.0;-0.11927213078836572
2018-12-20T14:00:00.0;-0.12480732069000186
2018-12-20T15:00:00.0;-0.13596018487908912
2018-12-20T16:00:00.0;-0.15461813307304367
2018-12-20T17:00:00.0;-0.18134533712569678
2018-12-20T18:00:00.0;-0.19358946330587087
2018-12-20T19:00:00.0;-0.1994375223661069
2018-12-20T20:00:00.0;-0.19343843537535735
2018-12-20T21:00:00.0;-0.18484463701372783
2018-12-20T22:00:00.0;-0.16127855806519037
2018-12-20T23:00:00.0;-0.13522422086491595
2018-12-21T00:00:00.0;-0.08580382355945568
2018-12-21T01:00:00.0;-0.08298742090628151
2018-12-21T02:00:00.0;-0.08056970626372618
2018-12-21T03:00:00.0;-0.08164756732960665
2018-12-21T04:00:00.0;-0.08719639719214867
2018-12-21T05:00:00.0;-0.09948333742569151
2018-12-21T06:00:00.0;-0.12058236594358306
2018-12-21T07:00:00.0;-0.1445131556652206
2018-12-21T08:00:00.0;-0.1472104176828204
2018-12-21T09:00:00.0;-0.14182193136849527
2018-12-21T10:00:00.0;-0.131011110021015
2018-12-21T11:00:00.0;-0.12333556174587582
2018-12-21T12:00:00.0;-0.11941964604543155
2018-12-21T13:00:00.0;-0.12018109869359375
2018-12-21T14:00:00.0;-0.12452982177095571
2018-12-21T15:00:00.0;-0.13367066267227526
2018-12-21T16:00:00.0;-0.15174148689452716
2018-12-21T17:00:00.0;-0.17562450166378069
2018-12-21T18:00:00.0;-0.1862659994853226
2018-12-21T19:00:00.0;-0.19100707446881604
2018-12-21T20:00:00.0;-0.18622389052807578
2018-12-21T21:00:00.0;-0.17112356120664127
2018-12-21T22:00:00.0;-0.1570279550621167
2018-12-21T23:00:00.0;-0.13374686308991954
2018-12-22T00:00:00.0;-0.08263696922195472
2018-12-22T01:00:00.0;-0.08017563127007103
2018-12-22T02:00:00.0;-0.07851041282864017
2018-12-22T03:00:00.0;-0.08021880229497465
2018-12-22T04:00:00.0;-0.08601282883235294
2018-12-22T05:00:00.0;-0.09738824298222779
2018-12-22T06:00:00.0;-0.11396507178796547
2018-12-22T07:00:00.0;-0.13303638237466808
2018-12-22T08:00:00.0;-0.1351894630009609
2018-12-22T09:00:00.0;-0.13031781018864513
2018-12-22T10:00:00.0;-0.12158012344315614
2018-12-22T11:00:00.0;-0.11586046622873378
2018-12-22T12:00:00.0;-0.11338246452904187
2018-12-22T13:00:00.0;-0.11594617293638329
2018-12-22T14:00:00.0;-0.12074284512487363
2018-12-22T15:00:00.0;-0.13036816641678833
2018-12-22T16:00:00.0;-0.14925733408129296
2018-12-22T17:00:00.0;-0.17189580591775483
2018-12-22T18:00:00.0;-0.18291680314720243
2018-12-22T19:00:00.0;-0.18772450646095193
2018-12-22T20:00:00.0;-0.1811407826168459
2018-12-22T21:00:00.0;-0.1655393567377212
2018-12-22T22:00:00.0;-0.1490564863812104
2018-12-22T23:00:00.0;-0.12091543438517144
2018-12-23T00:00:00.0;-0.0778632212535555
2018-12-23T01:00:00.0;-0.07595626536510378
2018-12-23T02:00:00.0;-0.07541633159186567
2018-12-23T03:00:00.0;-0.07812276546650035
2018-12-23T04:00:00.0;-0.08434567181480528
2018-12-23T05:00:00.0;-0.09454921300682834
2018-12-23T06:00:00.0;-0.10470427066021998
2018-12-23T07:00:00.0;-0.11686838459911439
2018-12-23T08:00:00.0;-0.11768211943559467
2018-12-23T09:00:00.0;-0.11344125889242966
2018-12-23T10:00:00.0;-0.1075289861766576
2018-12-23T11:00:00.0;-0.1047690429619372
2018-12-23T12:00:00.0;-0.10469810580851398
2018-12-23T13:00:00.0;-0.10986418157803206
2018-12-23T14:00:00.0;-0.11538299205051064
2018-12-23T15:00:00.0;-0.12558479956043492
2018-12-23T16:00:00.0;-0.14539092788122435
2018-12-23T17:00:00.0;-0.16585135194299733
2018-12-23T18:00:00.0;-0.17743914064649208
2018-12-23T19:00:00.0;-0.18220246833470427
2018-12-23T20:00:00.0;-0.17303770312502412
2018-12-23T21:00:00.0;-0.15575607664479246
2018-12-23T22:00:00.0;-0.13650064520617733
2018-12-23T23:00:00.0;-0.1016705214798397
2018-12-24T00:00:00.0;-0.07728909942099378
2018-12-24T01:00:00.0;-0.07529591335673168
2018-12-24T02:00:00.0;-0.0754696439905309
2018-12-24T03:00:00.0;-0.078604313575581
2018-12-24T04:00:00.0;-0.0855236960698605
2018-12-24T05:00:00.0;-0.09761434855175738
2018-12-24T06:00:00.0;-0.11093312569815068
2018-12-24T07:00:00.0;-0.12129429093965083
2018-12-24T08:00:00.0;-0.12154203406106127
2018-12-24T09:00:00.0;-0.1146787823760783
2018-12-24T10:00:00.0;-0.10695462705775938
2018-12-24T11:00:00.0;-0.10416623066889726
2018-12-24T12:00:00.0;-0.1051269227055351
2018-12-24T13:00:00.0;-0.1104731662104891
2018-12-24T14:00:00.0;-0.11755681910427643
2018-12-24T15:00:00.0;-0.1284769045230596
2018-12-24T16:00:00.0;-0.14719756789666216
2018-12-24T17:00:00.0;-0.1677992312895727
2018-12-24T18:00:00.0;-0.18113178773037242
2018-12-24T19:00:00.0;-0.18561060478034902
2018-12-24T20:00:00.0;-0.17576626022874425
2018-12-24T21:00:00.0;-0.1579763759289637
2018-12-24T22:00:00.0;-0.13555216462083308
2018-12-24T23:00:00.0;-0.10114744216460267
2018-12-25T00:00:00.0;-0.08111731305053112
2018-12-25T01:00:00.0;-0.07875373742844113
2018-12-25T02:00:00.0;-0.07796013617476781
2018-12-25T03:00:00.0;-0.08018716515134526
2018-12-25T04:00:00.0;-0.08668749756366642
2018-12-25T05:00:00.0;-0.09907217675682195
2018-12-25T06:00:00.0;-0.11548665186122897
2018-12-25T07:00:00.0;-0.13034870140399107
2018-12-25T08:00:00.0;-0.13262332154284204
2018-12-25T09:00:00.0;-0.1260045630721374
2018-12-25T10:00:00.0;-0.11731234010663015
2018-12-25T11:00:00.0;-0.11242229881328424
2018-12-25T12:00:00.0;-0.11036039914947322
2018-12-25T13:00:00.0;-0.1138810925833096
2018-12-25T14:00:00.0;-0.11995347820998399
2018-12-25T15:00:00.0;-0.13049272542433582
2018-12-25T16:00:00.0;-0.1501702339241388
2018-12-25T17:00:00.0;-0.1728618811704515
2018-12-25T18:00:00.0;-0.185559378120437
2018-12-25T19:00:00.0;-0.19019073357608435
2018-12-25T20:00:00.0;-0.1818285681208178
2018-12-25T21:00:00.0;-0.167765078668295
2018-12-25T22:00:00.0;-0.1463324209087822
2018-12-25T23:00:00.0;-0.11420835606245398
2018-12-26T00:00:00.0;-0.07810228229939657
2018-12-26T01:00:00.0;-0.07637406729693927
2018-12-26T02:00:00.0;-0.07638028766125245
2018-12-26T03:00:00.0;-0.07963671040982434
2018-12-26T04:00:00.0;-0.08720112148439628
2018-12-26T05:00:00.0;-0.10049822198201507
2018-12-26T06:00:00.0;-0.11413264536214084
2018-12-26T07:00:00.0;-0.12574606767922267
2018-12-26T08:00:00.0;-0.12402412739922833
2018-12-26T09:00:00.0;-0.11655827133851868
2018-12-26T10:00:00.0;-0.10853507402561732
2018-12-26T11:00:00.0;-0.10606863527443906
2018-12-26T12:00:00.0;-0.10571095587772392
2018-12-26T13:00:00.0;-0.1102811809963698
2018-12-26T14:00:00.0;-0.11709337145346635
2018-12-26T15:00:00.0;-0.127022635097606
2018-12-26T16:00:00.0;-0.1475175968562354
2018-12-26T17:00:00.0;-0.16685886722336038
2018-12-26T18:00:00.0;-0.18040289010189514
2018-12-26T19:00:00.0;-0.18366566404746215
2018-12-26T20:00:00.0;-0.17336453116176018
2018-12-26T21:00:00.0;-0.15453530667318302
2018-12-26T22:00:00.0;-0.13502064333746644
2018-12-26T23:00:00.0;-0.09828648969804844
2018-12-27T00:00:00.0;-0.08089610458302043
2018-12-27T01:00:00.0;-0.07883266418966746
2018-12-27T02:00:00.0;-0.07817041814505542
2018-12-27T03:00:00.0;-0.08084553081040548
2018-12-27T04:00:00.0;-0.08818309969850692
2018-12-27T05:00:00.0;-0.10203000065803641
2018-12-27T06:00:00.0;-0.11967673736145765
2018-12-27T07:00:00.0;-0.13540226138814768
2018-12-27T08:00:00.0;-0.13437049899180353
2018-12-27T09:00:00.0;-0.12652968759155775
2018-12-27T10:00:00.0;-0.11688843015091376
2018-12-27T11:00:00.0;-0.11256690514918001
2018-12-27T12:00:00.0;-0.11097192178069712
2018-12-27T13:00:00.0;-0.1139825694097605
2018-12-27T14:00:00.0;-0.12036631015516562
2018-12-27T15:00:00.0;-0.13012340685391838
2018-12-27T16:00:00.0;-0.14982022694522815
2018-12-27T17:00:00.0;-0.17027338377158266
2018-12-27T18:00:00.0;-0.1831269206162004
2018-12-27T19:00:00.0;-0.18648915255658827
2018-12-27T20:00:00.0;-0.17797965356548073
2018-12-27T21:00:00.0;-0.15993308929924346
2018-12-27T22:00:00.0;-0.14215575281952536
2018-12-27T23:00:00.0;-0.10957490602871496
2018-12-28T00:00:00.0;-0.08187391603334428
2018-12-28T01:00:00.0;-0.0795086496627047
2018-12-28T02:00:00.0;-0.07800802490740556
2018-12-28T03:00:00.0;-0.07987163166869399
2018-12-28T04:00:00.0;-0.08572479733012987
2018-12-28T05:00:00.0;-0.09687384857539104
2018-12-28T06:00:00.0;-0.11232682512462618
2018-12-28T07:00:00.0;-0.13033308397996832
2018-12-28T08:00:00.0;-0.1322492813142469
2018-12-28T09:00:00.0;-0.12754082483454532
2018-12-28T10:00:00.0;-0.11930348379384952
2018-12-28T11:00:00.0;-0.11407391802746113
2018-12-28T12:00:00.0;-0.11196135669062449
2018-12-28T13:00:00.0;-0.11493836061822846
2018-12-28T14:00:00.0;-0.1198119121128748
2018-12-28T15:00:00.0;-0.1295005154729944
2018-12-28T16:00:00.0;-0.14857321271541069
2018-12-28T17:00:00.0;-0.17083069873165596
2018-12-28T18:00:00.0;-0.18190054084882373
2018-12-28T19:00:00.0;-0.18669431372797163
2018-12-28T20:00:00.0;-0.1797047143957714
2018-12-28T21:00:00.0;-0.16380374028476694
2018-12-28T22:00:00.0;-0.14699695351972789
2018-12-28T23:00:00.0;-0.11774650872425253
2018-12-29T00:00:00.0;-0.08576601765270281
2018-12-29T01:00:00.0;-0.08291021332398642
2018-12-29T02:00:00.0;-0.0805708508741534
2018-12-29T03:00:00.0;-0.08164258317244391
2018-12-29T04:00:00.0;-0.08719409535726684
2018-12-29T05:00:00.0;-0.099498078606536
2018-12-29T06:00:00.0;-0.1206851297371158
2018-12-29T07:00:00.0;-0.14411880014581588
2018-12-29T08:00:00.0;-0.14724835577723572
2018-12-29T09:00:00.0;-0.14170562415784654
2018-12-29T10:00:00.0;-0.1309161326040317
2018-12-29T11:00:00.0;-0.12318585429055161
2018-12-29T12:00:00.0;-0.11920838010079937
2018-12-29T13:00:00.0;-0.12007829801644994
2018-12-29T14:00:00.0;-0.12456120580181153
2018-12-29T15:00:00.0;-0.13392959858392028
2018-12-29T16:00:00.0;-0.15206682420660805
2018-12-29T17:00:00.0;-0.17627150554139923
2018-12-29T18:00:00.0;-0.1870942542954875
2018-12-29T19:00:00.0;-0.19196052480241146
2018-12-29T20:00:00.0;-0.18703982703289543
2018-12-29T21:00:00.0;-0.17267536064422023
2018-12-29T22:00:00.0;-0.15750868146012512
2018-12-29T23:00:00.0;-0.13391394641462198
2018-12-30T00:00:00.0;-0.07709391293671977
2018-12-30T01:00:00.0;-0.07540997817575226
2018-12-30T02:00:00.0;-0.07537189044322336
2018-12-30T03:00:00.0;-0.07856988184727542
2018-12-30T04:00:00.0;-0.08562568714775054
2018-12-30T05:00:00.0;-0.09728290791624071
2018-12-30T06:00:00.0;-0.10793812989507122
2018-12-30T07:00:00.0;-0.1184535063081378
2018-12-30T08:00:00.0;-0.11759569409529974
2018-12-30T09:00:00.0;-0.11176167277593614
2018-12-30T10:00:00.0;-0.1053324483999873
2018-12-30T11:00:00.0;-0.10334485249513589
2018-12-30T12:00:00.0;-0.1034631840861568
2018-12-30T13:00:00.0;-0.10879659886996176
2018-12-30T14:00:00.0;-0.11511206559675306
2018-12-30T15:00:00.0;-0.12523415586634098
2018-12-30T16:00:00.0;-0.14577894334240668
2018-12-30T17:00:00.0;-0.16516432689739813
2018-12-30T18:00:00.0;-0.1779130001765064
2018-12-30T19:00:00.0;-0.1818064274959777
2018-12-30T20:00:00.0;-0.1714671217318652
2018-12-30T21:00:00.0;-0.15310611029194143
2018-12-30T22:00:00.0;-0.13324785364388586
2018-12-30T23:00:00.0;-0.09578314378267196
2018-12-31T00:00:00.0;-0.07937144135893377
2018-12-31T01:00:00.0;-0.07726681161444086
2018-12-31T02:00:00.0;-0.07643010059341558
2018-12-31T03:00:00.0;-0.07880843788783928
2018-12-31T04:00:00.0;-0.08491129502052899
2018-12-31T05:00:00.0;-0.09548603500819092
2018-12-31T06:00:00.0;-0.10759895430484362
2018-12-31T07:00:00.0;-0.12145548932851626
2018-12-31T08:00:00.0;-0.12310908091286588
2018-12-31T09:00:00.0;-0.11857130842963019
2018-12-31T10:00:00.0;-0.11188082585876558
2018-12-31T11:00:00.0;-0.10816314516880599
2018-12-31T12:00:00.0;-0.10713727146431884
2018-12-31T13:00:00.0;-0.11157315954695951
2018-12-31T14:00:00.0;-0.11694007703242637
2018-12-31T15:00:00.0;-0.12714256712562544
2018-12-31T16:00:00.0;-0.14691647857469298
2018-12-31T17:00:00.0;-0.16835286806726735
2018-12-31T18:00:00.0;-0.17991754129374085
2018-12-31T19:00:00.0;-0.18478128288815435
2018-12-31T20:00:00.0;-0.17624723884001922
2018-12-31T21:00:00.0;-0.16034098141937259
2018-12-31T22:00:00.0;-0.1409745357053505
2018-12-31T23:00:00.0;-0.10765031447043727
